history_window_ka,dataset_id,dataset_label,model_id,model_label,terms,bin_width_ka,n_bins,n_events,n_parameters,converged,optimizer_message,log_likelihood,AIC,AICc,BIC,expected_events,max_fitted_rate_per_kyr,mean_fitted_rate_per_kyr,beta_intercept,beta_same_type_history_count,beta_cheng_log_resolution_scaled,beta_lr04_scaled,beta_co2_scaled,beta_pre_phase_sin,beta_pre_phase_cos,pre_phase_amplitude,pre_phase_preferred_rad,pre_phase_preferred_deg,pre_phase_rate_ratio_max_vs_min,delta_AICc,rank_AICc
1.0,strong_monsoon_start,Strong monsoon starts,baseline_lr04_pre_phase,Event-process baseline + LR04 + precession phase,same_type_history_count+cheng_log_resolution_scaled+lr04_scaled+pre_phase_sin+pre_phase_cos,0.2,3195,96,6,True,CONVERGENCE: RELATIVE REDUCTION OF F <= FACTR*EPSMCH,-405.09198511414615,822.1839702282923,822.2103190363224,858.6000244291621,96.00000239074373,1.1291269884291728,0.15023474552542052,-2.0290513596799618,-1.0872356663099196,-2.6931697925815046,1.9263524300972685,,0.08227943398645998,0.6496219442779813,0.6548118628618733,0.1259865732429453,7.2184989221365905,3.70477943671042,0.0,1.0
1.0,strong_monsoon_start,Strong monsoon starts,baseline_climate_lr04_co2_pre_phase,Full predictive model,same_type_history_count+cheng_log_resolution_scaled+lr04_scaled+co2_scaled+pre_phase_sin+pre_phase_cos,0.2,3195,96,7,True,CONVERGENCE: RELATIVE REDUCTION OF F <= FACTR*EPSMCH,-404.9913729161025,823.982745832205,824.0178885996979,866.4681423998863,95.99994667993727,1.0688570912291342,0.15023465834105987,-2.029722761335107,-1.0894253932696059,-2.7098014710040474,1.6501490044964355,-0.35528989392914506,0.09162443609457936,0.6504533056539238,0.6568748283545096,0.13994169675082435,8.018068601721861,3.7200966781933977,1.807569563375523,2.0
1.0,strong_monsoon_start,Strong monsoon starts,baseline_co2_pre_phase,Event-process baseline + CO$_2$ + precession phase,same_type_history_count+cheng_log_resolution_scaled+co2_scaled+pre_phase_sin+pre_phase_cos,0.2,3195,96,6,True,CONVERGENCE: RELATIVE REDUCTION OF F <= FACTR*EPSMCH,-407.08301397507955,826.1660279501591,826.1923767581892,862.5820821510289,95.99985249507397,0.8375587279615146,0.1502345109469076,-2.007742694332839,-1.0647336213119856,-2.720067823362279,,-1.72485070673313,0.15805807440673816,0.61117232991685,0.6312796303866908,0.2530699239875465,14.49983856618297,3.534455515573708,3.982057721866795,3.0
1.0,strong_monsoon_start,Strong monsoon starts,baseline_lr04,Event-process baseline + LR04,same_type_history_count+cheng_log_resolution_scaled+lr04_scaled,0.2,3195,96,4,True,CONVERGENCE: RELATIVE REDUCTION OF F <= FACTR*EPSMCH,-414.48075195769184,836.9615039153837,836.9740431003366,861.2388733826302,95.99999462108649,0.9783963002492265,0.1502347333663325,-1.9497507653895658,-0.9099197275718363,-2.596395378217449,1.5960449135736072,,,,,,,,14.76372406401424,4.0
1.0,strong_monsoon_start,Strong monsoon starts,baseline_pre_phase,Event-process baseline + precession phase,same_type_history_count+cheng_log_resolution_scaled+pre_phase_sin+pre_phase_cos,0.2,3195,96,5,True,CONVERGENCE: RELATIVE REDUCTION OF F <= FACTR*EPSMCH,-413.6364781966221,837.2729563932442,837.291771068691,867.6196682273023,96.00001104144266,0.8295944593871907,0.15023475906329053,-1.9479603746038612,-0.974251043227788,-2.3018222942645945,,,0.23288149192905447,0.5410639786203788,0.5890534935331561,0.40644737219503496,23.28771902095843,3.2482194577765515,15.081452032368588,5.0
1.0,strong_monsoon_start,Strong monsoon starts,baseline_climate_lr04_co2,Climate-state model,same_type_history_count+cheng_log_resolution_scaled+lr04_scaled+co2_scaled,0.2,3195,96,5,True,CONVERGENCE: RELATIVE REDUCTION OF F <= FACTR*EPSMCH,-414.42284682383513,838.8456936476703,838.8645083231171,869.1924054817284,95.99998623999184,0.9858362128447009,0.15023472025037843,-1.9495068364925867,-0.91304037110999,-2.6093552216498277,1.3765933471266512,-0.28215223396609634,,,,,,,16.65418928679469,6.0
1.0,strong_monsoon_start,Strong monsoon starts,baseline_co2,Event-process baseline + CO$_2$,same_type_history_count+cheng_log_resolution_scaled+co2_scaled,0.2,3195,96,4,True,CONVERGENCE: NORM OF PROJECTED GRADIENT <= PGTOL,-415.89172572836895,839.7834514567379,839.7959906416909,864.0608209239845,96.00000098238196,0.8568341576298057,0.1502347433214115,-1.936301570421826,-0.903908336039772,-2.635511134762518,,-1.5199963694961194,,,,,,,17.585671605368475,7.0
1.0,strong_monsoon_start,Strong monsoon starts,history_resolution_baseline,Event-process baseline,same_type_history_count+cheng_log_resolution_scaled,0.2,3195,96,3,True,CONVERGENCE: RELATIVE REDUCTION OF F <= FACTR*EPSMCH,-421.4468452955077,848.8936905910155,848.901211744259,867.1017176914504,96.00000816575802,0.5526312104546894,0.1502347545630016,-1.8934486338671086,-0.8025473027669237,-2.2934455676079986,,,,,,,,,26.69089270793654,8.0
1.0,strong_monsoon_start,Strong monsoon starts,stationary,Stationary,none,0.2,3195,96,1,True,analytic stationary MLE,-432.4794408330055,866.958881666011,866.9601344063806,873.0282240328227,96.0,0.15023474178403756,0.15023474178403753,-1.8955562629096985,,,,,,,,,,,44.74981537005817,9.0
1.0,weak_monsoon_start,Weak monsoon starts,baseline_co2_pre_phase,Event-process baseline + CO$_2$ + precession phase,same_type_history_count+cheng_log_resolution_scaled+co2_scaled+pre_phase_sin+pre_phase_cos,0.2,3195,99,6,True,CONVERGENCE: RELATIVE REDUCTION OF F <= FACTR*EPSMCH,-414.76530226772314,841.5306045354463,841.5569533434764,877.9466587363161,98.99995975079884,1.2318476720969875,0.15492951447699344,-1.9806629664669129,-1.0832431785810281,-2.257599857938014,,-2.4993868904393355,-0.4591172806552365,-0.3020803379250551,0.5495827580603077,4.130439026501275,236.65672375464743,3.0016601415331103,0.0,1.0
1.0,weak_monsoon_start,Weak monsoon starts,baseline_climate_lr04_co2_pre_phase,Full predictive model,same_type_history_count+cheng_log_resolution_scaled+lr04_scaled+co2_scaled+pre_phase_sin+pre_phase_cos,0.2,3195,99,7,True,CONVERGENCE: RELATIVE REDUCTION OF F <= FACTR*EPSMCH,-414.64276370736764,843.2855274147353,843.3206701822282,885.7709239824167,98.99998630893404,1.2108852396853087,0.15492955603902037,-1.9804832425337013,-1.0843966867255757,-2.2501448122856904,0.44255297564979473,-2.0957992055767805,-0.4709876434604733,-0.29064527668466716,0.5534474113694603,4.159492586649945,238.32137013099572,3.0249507874500647,1.7637168387518614,2.0
1.0,weak_monsoon_start,Weak monsoon starts,baseline_lr04_pre_phase,Event-process baseline + LR04 + precession phase,same_type_history_count+cheng_log_resolution_scaled+lr04_scaled+pre_phase_sin+pre_phase_cos,0.2,3195,99,6,True,CONVERGENCE: RELATIVE REDUCTION OF F <= FACTR*EPSMCH,-417.26400876934196,846.5280175386839,846.554366346714,882.9440717395537,99.00014944105524,0.9696676596491448,0.15492981133185477,-1.9666079246793386,-1.0258983353188873,-2.1926550712408748,2.110841131540463,,-0.5097231026178711,-0.27851620728687887,0.5808518908154268,4.212308592065361,241.34750433203916,3.1953728584500425,4.997413003237625,3.0
1.0,weak_monsoon_start,Weak monsoon starts,baseline_co2,Event-process baseline + CO$_2$,same_type_history_count+cheng_log_resolution_scaled+co2_scaled,0.2,3195,99,4,True,CONVERGENCE: NORM OF PROJECTED GRADIENT <= PGTOL,-421.85400559294476,851.7080111858895,851.7205503708425,875.9853806531361,98.99999569302571,0.9766171628072826,0.15492957072460986,-1.9358990802941969,-0.9407883084321321,-2.28379888816382,,-2.4531197030683907,,,,,,,10.163597027366109,4.0
1.0,weak_monsoon_start,Weak monsoon starts,baseline_climate_lr04_co2,Climate-state model,same_type_history_count+cheng_log_resolution_scaled+lr04_scaled+co2_scaled,0.2,3195,99,5,True,CONVERGENCE: RELATIVE REDUCTION OF F <= FACTR*EPSMCH,-421.8089220865453,853.6178441730906,853.6366588485374,883.9645560071488,99.00013757086577,1.0015970972010493,0.15492979275565846,-1.9359829950860787,-0.9412627264632695,-2.272360593455191,0.25348257889466924,-2.2261828702456916,,,,,,,12.079705505061042,5.0
1.0,weak_monsoon_start,Weak monsoon starts,baseline_lr04,Event-process baseline + LR04,same_type_history_count+cheng_log_resolution_scaled+lr04_scaled,0.2,3195,99,4,True,CONVERGENCE: RELATIVE REDUCTION OF F <= FACTR*EPSMCH,-425.13288691195163,858.2657738239033,858.2783130088562,882.5431432911498,98.99998122883795,0.9470669928825892,0.15492954808894824,-1.9130333976404743,-0.8719883825209551,-2.147617709292649,1.9604928165450906,,,,,,,,16.72135966537985,6.0
1.0,weak_monsoon_start,Weak monsoon starts,baseline_pre_phase,Event-process baseline + precession phase,same_type_history_count+cheng_log_resolution_scaled+pre_phase_sin+pre_phase_cos,0.2,3195,99,5,True,CONVERGENCE: RELATIVE REDUCTION OF F <= FACTR*EPSMCH,-428.86215966170005,867.7243193234001,867.7431339988469,898.0710311574583,99.000017586876,0.637014081699739,0.15492960498728633,-1.88993006643561,-0.786894619361265,-1.8203108661945666,,,-0.3512179490383571,-0.38341004796840095,0.5199589528124711,3.883197881153223,222.4908496042235,2.8289847610823373,26.18618065537055,7.0
1.0,weak_monsoon_start,Weak monsoon starts,history_resolution_baseline,Event-process baseline,same_type_history_count+cheng_log_resolution_scaled,0.2,3195,99,3,True,CONVERGENCE: NORM OF PROJECTED GRADIENT <= PGTOL,-435.2198329466602,876.4396658933204,876.4471870465638,894.6476929937553,98.99999954760307,0.4425947410281652,0.15492957675681227,-1.8419199721092052,-0.6644168876353043,-1.8109678278628754,,,,,,,,,34.89023370308746,8.0
1.0,weak_monsoon_start,Weak monsoon starts,stationary,Stationary,none,0.2,3195,99,1,True,analytic stationary MLE,-442.94802915102713,887.8960583020543,887.8973110424238,893.9654006688659,99.0,0.15492957746478872,0.15492957746478872,-1.864784604242945,,,,,,,,,,,46.3403576989474,9.0
2.0,strong_monsoon_start,Strong monsoon starts,baseline_lr04_pre_phase,Event-process baseline + LR04 + precession phase,same_type_history_count+cheng_log_resolution_scaled+lr04_scaled+pre_phase_sin+pre_phase_cos,0.2,3190,95,6,True,CONVERGENCE: RELATIVE REDUCTION OF F <= FACTR*EPSMCH,-400.6773865482182,813.3547730964364,813.3811632943629,849.7614302711097,95.0000192882116,1.3197684104564853,0.148902851548921,-1.9697127937027872,-0.7806860423612672,-2.851781663330886,1.9564686910400544,,0.07841291044097998,0.705401357709952,0.7097461940601505,0.11070620748595388,6.342998454844757,4.135020921683541,0.0,1.0
2.0,strong_monsoon_start,Strong monsoon starts,baseline_climate_lr04_co2_pre_phase,Full predictive model,same_type_history_count+cheng_log_resolution_scaled+lr04_scaled+co2_scaled+pre_phase_sin+pre_phase_cos,0.2,3190,95,7,True,CONVERGENCE: RELATIVE REDUCTION OF F <= FACTR*EPSMCH,-400.5006942945838,815.0013885891676,815.036586577854,857.4758219596199,94.99991187676754,1.2293092549257518,0.1489026831924256,-1.9692231381088074,-0.7871761033517222,-2.874506927323132,1.5906978422244453,-0.4747887074791881,0.09044870245591113,0.7068343024461863,0.7125978521512288,0.12727142807492228,7.292115681295862,4.158671633053376,1.6554232834911318,2.0
2.0,strong_monsoon_start,Strong monsoon starts,baseline_co2_pre_phase,Event-process baseline + CO$_2$ + precession phase,same_type_history_count+cheng_log_resolution_scaled+co2_scaled+pre_phase_sin+pre_phase_cos,0.2,3190,95,6,True,CONVERGENCE: RELATIVE REDUCTION OF F <= FACTR*EPSMCH,-402.4363465156591,816.8726930313182,816.8990832292448,853.2793502059916,95.0000143334734,0.9742935771081126,0.14890284378287363,-1.9514141301462642,-0.7708689217687674,-2.884973876076311,,-1.8023134672521355,0.15841345594969647,0.6680889802526835,0.6866132161275349,0.2328146704172229,13.339298023636132,3.948068343171311,3.5179199348818884,3.0
2.0,strong_monsoon_start,Strong monsoon starts,baseline_pre_phase,Event-process baseline + precession phase,same_type_history_count+cheng_log_resolution_scaled+pre_phase_sin+pre_phase_cos,0.2,3190,95,5,True,CONVERGENCE: RELATIVE REDUCTION OF F <= FACTR*EPSMCH,-409.4119253583151,828.8238507166302,828.8426949377357,859.1627316955246,95.0000589434457,0.8508079227030959,0.14890291370446035,-1.912278707438748,-0.654628044008172,-2.425043226206102,,,0.24692293081004793,0.5906421433550277,0.6401789400369594,0.39597641993841154,22.687777649170922,3.5979271216130826,15.461531643372837,4.0
2.0,strong_monsoon_start,Strong monsoon starts,baseline_lr04,Event-process baseline + LR04,same_type_history_count+cheng_log_resolution_scaled+lr04_scaled,0.2,3190,95,4,True,CONVERGENCE: NORM OF PROJECTED GRADIENT <= PGTOL,-411.33354069360337,830.6670813872067,830.6796402569084,854.9381861703223,94.99999895359286,1.0637227736359833,0.14890281967647784,-1.9130737524648782,-0.5746894400696245,-2.6932284825412927,1.5950150660706954,,,,,,,,17.29847696254558,5.0
2.0,strong_monsoon_start,Strong monsoon starts,baseline_climate_lr04_co2,Climate-state model,same_type_history_count+cheng_log_resolution_scaled+lr04_scaled+co2_scaled,0.2,3190,95,5,True,CONVERGENCE: RELATIVE REDUCTION OF F <= FACTR*EPSMCH,-411.22668096126324,832.4533619225265,832.472206143632,862.7922429014209,95.00001788206905,1.078550520104425,0.14890284934493575,-1.911120518099278,-0.5828505833476569,-2.71325303504574,1.2951636593645774,-0.3878044162462725,,,,,,,19.091042849269115,6.0
2.0,strong_monsoon_start,Strong monsoon starts,baseline_co2,Event-process baseline + CO$_2$,same_type_history_count+cheng_log_resolution_scaled+co2_scaled,0.2,3190,95,4,True,CONVERGENCE: NORM OF PROJECTED GRADIENT <= PGTOL,-412.5163665444631,833.0327330889262,833.0452919586279,857.3038378720418,94.99999739561981,0.9521814973604292,0.1489028172345138,-1.8986424598044853,-0.5847890165441632,-2.7458227368585315,,-1.5628671188876981,,,,,,,19.664128664265036,7.0
2.0,strong_monsoon_start,Strong monsoon starts,history_resolution_baseline,Event-process baseline,same_type_history_count+cheng_log_resolution_scaled,0.2,3190,95,3,True,CONVERGENCE: NORM OF PROJECTED GRADIENT <= PGTOL,-418.2670240331643,842.5340480663286,842.5415810230141,860.7373766536653,95.00000195821997,0.5878146044696114,0.1489028243859247,-1.8772044437294582,-0.46067941735000073,-2.3736510315749975,,,,,,,,,29.160417728651282,8.0
2.0,strong_monsoon_start,Strong monsoon starts,stationary,Stationary,none,0.2,3190,95,1,True,analytic stationary MLE,-428.8204338969442,859.6408677938884,859.6421224990328,865.7086439896673,95.0,0.14890282131661442,0.1489028213166144,-1.904461391744249,,,,,,,,,,,46.260959204669916,9.0
2.0,weak_monsoon_start,Weak monsoon starts,baseline_co2_pre_phase,Event-process baseline + CO$_2$ + precession phase,same_type_history_count+cheng_log_resolution_scaled+co2_scaled+pre_phase_sin+pre_phase_cos,0.2,3190,99,6,True,CONVERGENCE: RELATIVE REDUCTION OF F <= FACTR*EPSMCH,-415.85472619830045,843.7094523966009,843.7358425945274,880.1161095712743,99.00000170089173,1.1472950894557787,0.15517241645907792,-1.9369833010687378,-0.6299181615901579,-2.3120704092944178,,-2.651571192379551,-0.4797103361123881,-0.32710794217987443,0.580621746415179,4.113923536143224,235.7104558605421,3.193902402553043,0.0,1.0
2.0,weak_monsoon_start,Weak monsoon starts,baseline_climate_lr04_co2_pre_phase,Full predictive model,same_type_history_count+cheng_log_resolution_scaled+lr04_scaled+co2_scaled+pre_phase_sin+pre_phase_cos,0.2,3190,99,7,True,CONVERGENCE: RELATIVE REDUCTION OF F <= FACTR*EPSMCH,-415.714882285286,845.429764570572,845.4649625592584,887.9041979410242,99.00009039160861,1.1352862381971836,0.15517255547274073,-1.9361855798367467,-0.6313110395653622,-2.3041865128335437,0.4718133104429926,-2.2188271144618765,-0.4924849518387157,-0.3147487209003651,0.5844725700116286,4.143712239575407,237.4172228443731,3.2185956794218495,1.7291199647310123,2.0
2.0,weak_monsoon_start,Weak monsoon starts,baseline_lr04_pre_phase,Event-process baseline + LR04 + precession phase,same_type_history_count+cheng_log_resolution_scaled+lr04_scaled+pre_phase_sin+pre_phase_cos,0.2,3190,99,6,True,CONVERGENCE: RELATIVE REDUCTION OF F <= FACTR*EPSMCH,-418.60168074085357,849.2033614817071,849.2297516796336,885.6100186563805,99.00000511651132,1.0635839215403649,0.15517242181271362,-1.9296670043812698,-0.564816115657073,-2.2282542430209067,2.20119899765346,,-0.5258438454106498,-0.2976978368844548,0.6042646372591588,4.197243610519552,240.4843444710218,3.3485562222904353,5.493909085106225,3.0
2.0,weak_monsoon_start,Weak monsoon starts,baseline_co2,Event-process baseline + CO$_2$,same_type_history_count+cheng_log_resolution_scaled+co2_scaled,0.2,3190,99,4,True,CONVERGENCE: NORM OF PROJECTED GRADIENT <= PGTOL,-423.5173384899804,855.0346769799608,855.0472358496625,879.3057817630763,98.99999726979186,1.037324276499015,0.15517240951378033,-1.911906518531303,-0.47466173189566613,-2.3148947198006495,,-2.5182213982240103,,,,,,,11.311393255135044,4.0
2.0,weak_monsoon_start,Weak monsoon starts,baseline_climate_lr04_co2,Climate-state model,same_type_history_count+cheng_log_resolution_scaled+lr04_scaled+co2_scaled,0.2,3190,99,5,True,CONVERGENCE: RELATIVE REDUCTION OF F <= FACTR*EPSMCH,-423.46173444737593,856.9234688947519,856.9423131158574,887.2623498736464,98.99996722367139,1.067054172317869,0.1551723624195476,-1.9116093801295821,-0.47588641782663155,-2.302227356706899,0.2809585472992431,-2.2662779255860395,,,,,,,13.206470521329948,5.0
2.0,weak_monsoon_start,Weak monsoon starts,baseline_lr04,Event-process baseline + LR04,same_type_history_count+cheng_log_resolution_scaled+lr04_scaled,0.2,3190,99,4,True,CONVERGENCE: NORM OF PROJECTED GRADIENT <= PGTOL,-426.86819902883417,861.7363980576683,861.74895692737,886.0075028407839,99.00000342416844,0.9791605107179984,0.1551724191601386,-1.8982967840444112,-0.4064412796295996,-2.1604037390629776,1.9904147495070572,,,,,,,,18.013114332842633,6.0
2.0,weak_monsoon_start,Weak monsoon starts,baseline_pre_phase,Event-process baseline + precession phase,same_type_history_count+cheng_log_resolution_scaled+pre_phase_sin+pre_phase_cos,0.2,3190,99,5,True,CONVERGENCE: RELATIVE REDUCTION OF F <= FACTR*EPSMCH,-430.73030289373366,871.4606057874673,871.4794500085728,901.7994867663617,99.00006942085274,0.6264534541165844,0.15517252260321743,-1.892408737619195,-0.3050826263443226,-1.8043526312972935,,,-0.34521168737859076,-0.38557766037081964,0.5175338068955583,3.8718107633772663,221.8384158148428,2.815296582064,27.743607414045414,7.0
2.0,weak_monsoon_start,Weak monsoon starts,history_resolution_baseline,Event-process baseline,same_type_history_count+cheng_log_resolution_scaled,0.2,3190,99,3,True,CONVERGENCE: NORM OF PROJECTED GRADIENT <= PGTOL,-436.91150299323766,879.8230059864753,879.8305389431608,898.0263345738119,99.00000391973141,0.42661633285015804,0.15517241993688308,-1.8646474040059007,-0.1880320510977074,-1.786202368108557,,,,,,,,,36.09469634863342,8.0
2.0,weak_monsoon_start,Weak monsoon starts,stationary,Stationary,none,0.2,3190,99,1,True,analytic stationary MLE,-442.7929782187854,887.5859564375708,887.5872111427151,893.6537326333496,99.0,0.15517241379310345,0.15517241379310345,-1.8632184332102,,,,,,,,,,,43.85136854818768,9.0
5.0,strong_monsoon_start,Strong monsoon starts,baseline_lr04_pre_phase,Event-process baseline + LR04 + precession phase,same_type_history_count+cheng_log_resolution_scaled+lr04_scaled+pre_phase_sin+pre_phase_cos,0.2,3175,95,6,True,CONVERGENCE: RELATIVE REDUCTION OF F <= FACTR*EPSMCH,-403.7992909857896,819.5985819715792,819.6250971230943,855.9769594395399,95.0000703704167,1.308613778567128,0.14960641003215222,-1.913302234588677,-0.32503801185364944,-2.801244277164251,2.0411292885538277,,0.01526698811985443,0.684352029090916,0.6845223010589981,0.022304976898488052,1.2779810384201662,3.9315926652439943,0.0,1.0
5.0,strong_monsoon_start,Strong monsoon starts,baseline_climate_lr04_co2_pre_phase,Full predictive model,same_type_history_count+cheng_log_resolution_scaled+lr04_scaled+co2_scaled+pre_phase_sin+pre_phase_cos,0.2,3175,95,7,True,CONVERGENCE: RELATIVE REDUCTION OF F <= FACTR*EPSMCH,-403.32700494892265,820.6540098978453,820.6893745962981,863.0954502771328,95.00013695730843,1.247582953005401,0.14960651489339907,-1.892424796578027,-0.3591683619899871,-2.8817903263952247,1.456347071429274,-0.7984981013444344,0.024448870416166703,0.6960983213443704,0.6965275444970407,0.03510829386904049,2.011557064601044,4.0271345327385895,1.0642774732037878,2.0
5.0,strong_monsoon_start,Strong monsoon starts,baseline_co2_pre_phase,Event-process baseline + CO$_2$ + precession phase,same_type_history_count+cheng_log_resolution_scaled+co2_scaled+pre_phase_sin+pre_phase_cos,0.2,3175,95,6,True,CONVERGENCE: RELATIVE REDUCTION OF F <= FACTR*EPSMCH,-404.9502807406679,821.9005614813358,821.9270766328509,858.2789389492965,95.00001161064665,1.0565082649856066,0.1496063174970813,-1.867994138437353,-0.37026073746136284,-2.940225122147703,,-2.0306820983790383,0.07860195300528976,0.6682244804791597,0.6728314969796589,0.11709001056562272,6.708763428552399,3.8407320788360915,2.3019795097566202,3.0
5.0,strong_monsoon_start,Strong monsoon starts,baseline_lr04,Event-process baseline + LR04,same_type_history_count+cheng_log_resolution_scaled+lr04_scaled,0.2,3175,95,4,True,CONVERGENCE: RELATIVE REDUCTION OF F <= FACTR*EPSMCH,-413.3907867886945,834.781573577389,834.794191873919,859.0338252226962,94.9999516621132,0.9545283873037586,0.14960622308994204,-1.928394095564778,-0.1700435884208027,-2.6301263759860096,1.6194375514660422,,,,,,,,15.169094750824684,4.0
5.0,strong_monsoon_start,Strong monsoon starts,baseline_pre_phase,Event-process baseline + precession phase,same_type_history_count+cheng_log_resolution_scaled+pre_phase_sin+pre_phase_cos,0.2,3175,95,5,True,CONVERGENCE: RELATIVE REDUCTION OF F <= FACTR*EPSMCH,-412.7800834564016,835.5601669128032,835.5791003302851,865.8754814694372,95.00002640708283,0.701359677564989,0.14960634079855561,-1.9340847484248256,-0.17566246957522694,-2.303500675736596,,,0.2055594935065675,0.5469389594913923,0.5842918198813016,0.35950362891366056,20.59804065639006,3.2174323665264253,15.954003207190794,5.0
5.0,strong_monsoon_start,Strong monsoon starts,baseline_climate_lr04_co2,Climate-state model,same_type_history_count+cheng_log_resolution_scaled+lr04_scaled+co2_scaled,0.2,3175,95,5,True,CONVERGENCE: NORM OF PROJECTED GRADIENT <= PGTOL,-413.2022051300916,836.4044102601832,836.4233436776651,866.7197248168172,94.99999192658598,0.9804784200085662,0.14960628649856056,-1.9125667769007146,-0.19264215991037165,-2.6812572059048816,1.2205319038823337,-0.532516356836607,,,,,,,16.798246554570824,6.0
5.0,strong_monsoon_start,Strong monsoon starts,baseline_co2,Event-process baseline + CO$_2$,same_type_history_count+cheng_log_resolution_scaled+co2_scaled,0.2,3175,95,4,True,CONVERGENCE: RELATIVE REDUCTION OF F <= FACTR*EPSMCH,-414.3227942206423,836.6455884412846,836.6582067378146,860.8978400865918,94.99997341642771,0.9113590977681837,0.14960625734870503,-1.8850038783154601,-0.21674144133201098,-2.7517154961606245,,-1.656465973978638,,,,,,,17.033109614720274,7.0
5.0,strong_monsoon_start,Strong monsoon starts,history_resolution_baseline,Event-process baseline,same_type_history_count+cheng_log_resolution_scaled,0.2,3175,95,3,True,CONVERGENCE: RELATIVE REDUCTION OF F <= FACTR*EPSMCH,-420.0686930464143,846.1373860928286,846.1449546831786,864.326574826809,94.99999809900181,0.5016389296695686,0.14960629621890048,-1.9426734714829952,-0.06333459753612819,-2.255140867203926,,,,,,,,,26.519857560084347,8.0
5.0,strong_monsoon_start,Strong monsoon starts,stationary,Stationary,none,0.2,3175,95,1,True,analytic stationary MLE,-428.3726718739949,858.7453437479898,858.7466043846113,864.8084066593166,95.0,0.14960629921259844,0.14960629921259844,-1.8997481072921507,,,,,,,,,,,39.12150726151697,9.0
5.0,weak_monsoon_start,Weak monsoon starts,baseline_co2_pre_phase,Event-process baseline + CO$_2$ + precession phase,same_type_history_count+cheng_log_resolution_scaled+co2_scaled+pre_phase_sin+pre_phase_cos,0.2,3175,98,6,True,CONVERGENCE: RELATIVE REDUCTION OF F <= FACTR*EPSMCH,-414.66799568501915,841.3359913700383,841.3625065215534,877.714368837999,98.00000245950523,1.1378398230960403,0.15433071253465383,-1.9043501215758973,-0.270805526090694,-2.389814396118129,,-2.78191565610508,-0.4545036185879307,-0.36351783556381395,0.5819954948988207,4.037762163030056,231.34673061923644,3.2026897057345227,0.0,1.0
5.0,weak_monsoon_start,Weak monsoon starts,baseline_climate_lr04_co2_pre_phase,Full predictive model,same_type_history_count+cheng_log_resolution_scaled+lr04_scaled+co2_scaled+pre_phase_sin+pre_phase_cos,0.2,3175,98,7,True,CONVERGENCE: NORM OF PROJECTED GRADIENT <= PGTOL,-414.57401845675815,843.1480369135163,843.1834016119691,885.5894772928038,97.9999969260057,1.1057328169693,0.1543307038204814,-1.904341961794322,-0.26957853033994494,-2.3783069660668397,0.39069803077916454,-2.420525102318465,-0.4656919904154919,-0.35371867279053737,0.5847956304708867,4.062800675002515,232.78133168054615,3.2206759534004656,1.8208950904156609,2.0
5.0,weak_monsoon_start,Weak monsoon starts,baseline_lr04_pre_phase,Event-process baseline + LR04 + precession phase,same_type_history_count+cheng_log_resolution_scaled+lr04_scaled+pre_phase_sin+pre_phase_cos,0.2,3175,98,6,True,CONVERGENCE: RELATIVE REDUCTION OF F <= FACTR*EPSMCH,-417.74683008156035,847.4936601631207,847.5201753146358,883.8720376310814,98.00000030413798,1.0137675747107207,0.15433070914037475,-1.9398914904600941,-0.1814968044491133,-2.21883409334771,2.1803240260908936,,-0.4944886582079704,-0.31095814409447226,0.5841352587158196,4.15102743464565,237.8363526482129,3.216425074315172,6.157668793082394,3.0
5.0,weak_monsoon_start,Weak monsoon starts,baseline_co2,Event-process baseline + CO$_2$,same_type_history_count+cheng_log_resolution_scaled+co2_scaled,0.2,3175,98,4,True,CONVERGENCE: NORM OF PROJECTED GRADIENT <= PGTOL,-421.89856296210155,851.7971259242031,851.809744220733,876.0493775695103,97.99999989425913,0.9869164249336022,0.15433070849489625,-1.935921387743387,-0.1383649884318304,-2.2987571642668536,,-2.462980966783266,,,,,,,10.447237699179595,4.0
5.0,weak_monsoon_start,Weak monsoon starts,baseline_climate_lr04_co2,Climate-state model,same_type_history_count+cheng_log_resolution_scaled+lr04_scaled+co2_scaled,0.2,3175,98,5,True,CONVERGENCE: NORM OF PROJECTED GRADIENT <= PGTOL,-421.87095656103094,853.7419131220619,853.7608465395438,884.0572276786959,97.99999991705884,1.0067057342904324,0.15433070853080127,-1.935661722258424,-0.13840376774082458,-2.289015740482085,0.20004303279304536,-2.283717891222556,,,,,,,12.398340017990336,5.0
5.0,weak_monsoon_start,Weak monsoon starts,baseline_lr04,Event-process baseline + LR04,same_type_history_count+cheng_log_resolution_scaled+lr04_scaled,0.2,3175,98,4,True,CONVERGENCE: RELATIVE REDUCTION OF F <= FACTR*EPSMCH,-425.1052643544211,858.2105287088422,858.2231470053721,882.4627803541493,97.99998805316739,0.8365808592276534,0.15433068984750767,-1.962043059251076,-0.060979928917614216,-2.0851275798139897,1.8526161593860753,,,,,,,,16.860640483818656,6.0
5.0,weak_monsoon_start,Weak monsoon starts,baseline_pre_phase,Event-process baseline + precession phase,same_type_history_count+cheng_log_resolution_scaled+pre_phase_sin+pre_phase_cos,0.2,3175,98,5,True,CONVERGENCE: RELATIVE REDUCTION OF F <= FACTR*EPSMCH,-427.99266208960864,865.9853241792173,866.0042575966992,896.3006387358513,98.00001971291499,0.5058128240838647,0.15433073970537795,-2.023690889804282,0.05238783354256767,-1.7188758329707767,,,-0.32351026065798705,-0.32273696895725107,0.45696612553088917,3.928187404448242,225.0685594113336,2.494110745545754,24.64175107514575,7.0
5.0,weak_monsoon_start,Weak monsoon starts,history_resolution_baseline,Event-process baseline,same_type_history_count+cheng_log_resolution_scaled,0.2,3175,98,3,True,CONVERGENCE: NORM OF PROJECTED GRADIENT <= PGTOL,-432.71738514127014,871.4347702825403,871.4423388728903,889.6239590165206,98.00000321705696,0.36205306874787113,0.15433071372764876,-2.0266626768916094,0.11875169564646612,-1.6713737401492978,,,,,,,,,30.079832351336904,8.0
5.0,weak_monsoon_start,Weak monsoon starts,stationary,Stationary,none,0.2,3175,98,1,True,analytic stationary MLE,-438.85335240030884,879.7067048006177,879.7079654372392,885.7697677119445,97.99999999999997,0.1543307086614173,0.15433070866141732,-1.8686575202221198,,,,,,,,,,,38.345458915685754,9.0
10.0,strong_monsoon_start,Strong monsoon starts,baseline_lr04_pre_phase,Event-process baseline + LR04 + precession phase,same_type_history_count+cheng_log_resolution_scaled+lr04_scaled+pre_phase_sin+pre_phase_cos,0.2,3150,93,6,True,CONVERGENCE: NORM OF PROJECTED GRADIENT <= PGTOL,-397.948529576671,807.897059153342,807.9237852112484,844.22800554426,93.00000691530218,1.0311205427054084,0.14761905859571772,-1.9794535165678377,-0.12429934442227038,-2.757704009455447,1.9605564632723613,,0.024268085827666323,0.6415311382580364,0.6419899853926,0.03781035485480836,2.1663737550725015,3.6109827701180603,0.0,1.0
10.0,strong_monsoon_start,Strong monsoon starts,baseline_climate_lr04_co2_pre_phase,Full predictive model,same_type_history_count+cheng_log_resolution_scaled+lr04_scaled+co2_scaled+pre_phase_sin+pre_phase_cos,0.2,3150,93,7,True,CONVERGENCE: RELATIVE REDUCTION OF F <= FACTR*EPSMCH,-397.49103316023263,808.9820663204653,809.0177124057612,851.368170443203,93.00000145859588,0.9971144634308875,0.14761904993427913,-1.9369784649548465,-0.15578517633447528,-2.8719589933713783,1.4012099249682153,-0.8080149494024692,0.0220852520313511,0.6504854884851404,0.6508602992094694,0.03393891506995333,1.9445565947612728,3.675615488181618,1.093927194512844,2.0
10.0,strong_monsoon_start,Strong monsoon starts,baseline_co2_pre_phase,Event-process baseline + CO$_2$ + precession phase,same_type_history_count+cheng_log_resolution_scaled+co2_scaled+pre_phase_sin+pre_phase_cos,0.2,3150,93,6,True,CONVERGENCE: RELATIVE REDUCTION OF F <= FACTR*EPSMCH,-398.92938999171736,809.8587799834347,809.8855060413412,846.1897263743527,92.99995390325873,0.8226884149810767,0.147618974449617,-1.933161087445877,-0.1484427526547301,-2.8999937696244564,,-1.9375398109316881,0.08001521705995325,0.6182435612695993,0.6233999807607218,0.1287079979302174,7.374425070979992,3.479191577632947,1.9617208300927587,3.0
10.0,strong_monsoon_start,Strong monsoon starts,baseline_pre_phase,Event-process baseline + precession phase,same_type_history_count+cheng_log_resolution_scaled+pre_phase_sin+pre_phase_cos,0.2,3150,93,5,True,CONVERGENCE: NORM OF PROJECTED GRADIENT <= PGTOL,-404.8226264504914,819.6452529009828,819.6643368704484,849.9210415600811,93.00000146405077,0.6543803030643943,0.14761904994293767,-2.146935289784691,0.03355786620782541,-2.1711299689286756,,,0.25214114292548495,0.5255701654209198,0.5829229406502568,0.44731500005312824,25.629261615938443,3.2086358606873016,11.740551659200037,4.0
10.0,strong_monsoon_start,Strong monsoon starts,baseline_lr04,Event-process baseline + LR04,same_type_history_count+cheng_log_resolution_scaled+lr04_scaled,0.2,3150,93,4,True,CONVERGENCE: RELATIVE REDUCTION OF F <= FACTR*EPSMCH,-406.52763534933825,821.0552706986765,821.0679892996304,845.2759016259553,93.00000349073647,0.8683265859042857,0.14761905315989915,-1.937183378297597,-0.08268577144346521,-2.6510906175102376,1.583975883266759,,,,,,,,13.144204088382025,5.0
10.0,strong_monsoon_start,Strong monsoon starts,baseline_co2,Event-process baseline + CO$_2$,same_type_history_count+cheng_log_resolution_scaled+co2_scaled,0.2,3150,93,4,True,CONVERGENCE: NORM OF PROJECTED GRADIENT <= PGTOL,-407.13933963731404,822.2786792746281,822.291397875582,846.4993102019068,93.00000090524755,0.8252242130969952,0.14761904905594844,-1.8735034059568394,-0.12283153947765608,-2.8263954354501717,,-1.6801379010141622,,,,,,,14.367612664333592,6.0
10.0,strong_monsoon_start,Strong monsoon starts,baseline_climate_lr04_co2,Climate-state model,same_type_history_count+cheng_log_resolution_scaled+lr04_scaled+co2_scaled,0.2,3150,93,5,True,CONVERGENCE: RELATIVE REDUCTION OF F <= FACTR*EPSMCH,-406.2574054814595,822.514810962919,822.5338949323847,852.7905996220173,93.00004400782393,0.9014866473413928,0.14761911747273637,-1.9011104774562777,-0.10821141153096034,-2.7437638335379924,1.10607472306266,-0.6657974850064535,,,,,,,14.610109721136268,7.0
10.0,strong_monsoon_start,Strong monsoon starts,history_resolution_baseline,Event-process baseline,same_type_history_count+cheng_log_resolution_scaled,0.2,3150,93,3,True,CONVERGENCE: RELATIVE REDUCTION OF F <= FACTR*EPSMCH,-412.18341638959055,830.3668327791811,830.3744615140826,848.5323059746402,93.00001317560714,0.47457441441351916,0.14761906853270973,-2.0338164768315563,0.016240059366028566,-2.2151656515024114,,,,,,,,,22.450676302834154,8.0
10.0,strong_monsoon_start,Strong monsoon starts,stationary,Stationary,none,0.2,3150,93,1,True,analytic stationary MLE,-420.5979161959782,843.1958323919564,843.1971030399869,849.2509901237761,93.0,0.14761904761904762,0.1476190476190476,-1.9131203262323224,,,,,,,,,,,35.27331782873853,9.0
10.0,weak_monsoon_start,Weak monsoon starts,baseline_co2_pre_phase,Event-process baseline + CO$_2$ + precession phase,same_type_history_count+cheng_log_resolution_scaled+co2_scaled+pre_phase_sin+pre_phase_cos,0.2,3150,97,6,True,CONVERGENCE: RELATIVE REDUCTION OF F <= FACTR*EPSMCH,-411.0199132963644,834.0398265927288,834.0665526506352,870.3707729836468,96.99999806539131,0.9047800957414088,0.15396825089744648,-1.856167920883763,-0.16348356200437728,-2.5440583759485373,,-2.9150158235567076,-0.3721794006633717,-0.35993785691059654,0.5177574404250891,3.9437100009350434,225.95793867711194,2.8165560531256086,0.0,1.0
10.0,weak_monsoon_start,Weak monsoon starts,baseline_climate_lr04_co2_pre_phase,Full predictive model,same_type_history_count+cheng_log_resolution_scaled+lr04_scaled+co2_scaled+pre_phase_sin+pre_phase_cos,0.2,3150,97,7,True,CONVERGENCE: RELATIVE REDUCTION OF F <= FACTR*EPSMCH,-410.8995934153236,835.7991868306472,835.8348329159431,878.1852909533849,97.00001581584179,0.8780509355788576,0.15396827907276472,-1.8557547572740478,-0.162658424115688,-2.5272234009436922,0.4496182182977528,-2.5040626404259863,-0.3843008764521428,-0.3502586940002675,0.5199695340735437,3.9733013464246683,227.6533978837809,2.8290446301684806,1.768280265307908,2.0
10.0,weak_monsoon_start,Weak monsoon starts,baseline_lr04_pre_phase,Event-process baseline + LR04 + precession phase,same_type_history_count+cheng_log_resolution_scaled+lr04_scaled+pre_phase_sin+pre_phase_cos,0.2,3150,97,6,True,CONVERGENCE: RELATIVE REDUCTION OF F <= FACTR*EPSMCH,-414.06227481061734,840.1245496212347,840.1512756791411,876.4554960121527,97.00000038866006,0.9649994989790566,0.15396825458517466,-1.9447399202020315,-0.08187085207167105,-2.218407119467315,2.199639995708974,,-0.4464194651083279,-0.30061438940744445,0.5382001021427033,4.119746215592114,236.0440708184211,2.9340983627213597,6.084723028505891,3.0
10.0,weak_monsoon_start,Weak monsoon starts,baseline_co2,Event-process baseline + CO$_2$,same_type_history_count+cheng_log_resolution_scaled+co2_scaled,0.2,3150,97,4,True,CONVERGENCE: RELATIVE REDUCTION OF F <= FACTR*EPSMCH,-417.1373531387334,842.2747062774667,842.2874248784207,866.4953372047455,96.9999981769468,0.8364196694387822,0.15396825107451872,-1.8491722921492817,-0.1308868955769405,-2.5210853292791406,,-2.7440799598400742,,,,,,,8.220872227785435,4.0
10.0,weak_monsoon_start,Weak monsoon starts,baseline_climate_lr04_co2,Climate-state model,same_type_history_count+cheng_log_resolution_scaled+lr04_scaled+co2_scaled,0.2,3150,97,5,True,CONVERGENCE: RELATIVE REDUCTION OF F <= FACTR*EPSMCH,-417.0778912255726,844.1557824511452,844.1748664206109,874.4315711102436,96.99993417344685,0.86407731065344,0.15396814948166163,-1.8453698127445028,-0.13298765249788083,-2.5127878839319155,0.29950845193668346,-2.4867059874989064,,,,,,,10.108313769975666,5.0
10.0,weak_monsoon_start,Weak monsoon starts,baseline_lr04,Event-process baseline + LR04,same_type_history_count+cheng_log_resolution_scaled+lr04_scaled,0.2,3150,97,4,True,CONVERGENCE: NORM OF PROJECTED GRADIENT <= PGTOL,-420.73849029066264,849.4769805813253,849.4896991822792,873.697611508604,96.99999320676537,0.7596809025303942,0.15396824318534183,-1.9165368924503483,-0.060004302876863626,-2.175423321974733,1.9834137885711702,,,,,,,,15.423146531643965,6.0
10.0,weak_monsoon_start,Weak monsoon starts,baseline_pre_phase,Event-process baseline + precession phase,same_type_history_count+cheng_log_resolution_scaled+pre_phase_sin+pre_phase_cos,0.2,3150,97,5,True,CONVERGENCE: RELATIVE REDUCTION OF F <= FACTR*EPSMCH,-422.873873791584,855.747747583168,855.7668315526337,886.0235362422663,97.00002003367011,0.6211378447270012,0.15396828576773033,-2.1424532956359847,0.09733631458249711,-1.557219926299057,,,-0.3588711233764148,-0.29258124028351085,0.4630251238964117,4.028398837368327,230.81025157661284,2.5245182382555176,21.700278901998445,7.0
10.0,weak_monsoon_start,Weak monsoon starts,history_resolution_baseline,Event-process baseline,same_type_history_count+cheng_log_resolution_scaled,0.2,3150,97,3,True,CONVERGENCE: RELATIVE REDUCTION OF F <= FACTR*EPSMCH,-427.88145936867454,861.7629187373491,861.7705474722505,879.9283919328082,96.99999937135033,0.437125323990295,0.15396825297039735,-2.104158022978789,0.10389657231071679,-1.5688304194131544,,,,,,,,,27.70399482161531,8.0
10.0,weak_monsoon_start,Weak monsoon starts,stationary,Stationary,none,0.2,3150,97,1,True,analytic stationary MLE,-434.6033350716797,871.2066701433594,871.2079407913899,877.261827875179,97.0,0.15396825396825398,0.15396825396825392,-1.8710088408821954,,,,,,,,,,,37.14138814075466,9.0
