dataset_id,dataset_label,model_id,model_label,terms,bin_width_ka,n_bins,n_events,n_parameters,converged,optimizer_message,log_likelihood,AIC,AICc,BIC,expected_events,max_fitted_rate_per_kyr,mean_fitted_rate_per_kyr,beta_intercept,beta_same_type_history_count,beta_cheng_log_resolution_scaled,beta_lr04_scaled,beta_co2_scaled,beta_pre_phase_sin,beta_pre_phase_cos,pre_phase_amplitude,pre_phase_preferred_rad,pre_phase_preferred_deg,pre_phase_rate_ratio_max_vs_min,delta_AICc,rank_AICc,history_window_ka
strong_monsoon_start,Strong monsoon starts,baseline_lr04_pre_phase,Event-process baseline + LR04 + precession phase,same_type_history_count+cheng_log_resolution_scaled+lr04_scaled+pre_phase_sin+pre_phase_cos,0.2,3175,95,6,True,CONVERGENCE: RELATIVE REDUCTION OF F <= FACTR*EPSMCH,-403.7992909857896,819.5985819715792,819.6250971230943,855.9769594395399,95.0000703704167,1.308613778567128,0.14960641003215222,-1.913302234588677,-0.32503801185364944,-2.801244277164251,2.0411292885538277,,0.01526698811985443,0.684352029090916,0.6845223010589981,0.022304976898488052,1.2779810384201662,3.9315926652439943,0.0,1.0,5.0
strong_monsoon_start,Strong monsoon starts,baseline_climate_lr04_co2_pre_phase,Full predictive model,same_type_history_count+cheng_log_resolution_scaled+lr04_scaled+co2_scaled+pre_phase_sin+pre_phase_cos,0.2,3175,95,7,True,CONVERGENCE: RELATIVE REDUCTION OF F <= FACTR*EPSMCH,-403.32700494892265,820.6540098978453,820.6893745962981,863.0954502771328,95.00013695730843,1.247582953005401,0.14960651489339907,-1.892424796578027,-0.3591683619899871,-2.8817903263952247,1.456347071429274,-0.7984981013444344,0.024448870416166703,0.6960983213443704,0.6965275444970407,0.03510829386904049,2.011557064601044,4.0271345327385895,1.0642774732037878,2.0,5.0
strong_monsoon_start,Strong monsoon starts,baseline_co2_pre_phase,Event-process baseline + CO$_2$ + precession phase,same_type_history_count+cheng_log_resolution_scaled+co2_scaled+pre_phase_sin+pre_phase_cos,0.2,3175,95,6,True,CONVERGENCE: RELATIVE REDUCTION OF F <= FACTR*EPSMCH,-404.9502807406679,821.9005614813358,821.9270766328509,858.2789389492965,95.00001161064665,1.0565082649856066,0.1496063174970813,-1.867994138437353,-0.37026073746136284,-2.940225122147703,,-2.0306820983790383,0.07860195300528976,0.6682244804791597,0.6728314969796589,0.11709001056562272,6.708763428552399,3.8407320788360915,2.3019795097566202,3.0,5.0
strong_monsoon_start,Strong monsoon starts,baseline_lr04,Event-process baseline + LR04,same_type_history_count+cheng_log_resolution_scaled+lr04_scaled,0.2,3175,95,4,True,CONVERGENCE: RELATIVE REDUCTION OF F <= FACTR*EPSMCH,-413.3907867886945,834.781573577389,834.794191873919,859.0338252226962,94.9999516621132,0.9545283873037586,0.14960622308994204,-1.928394095564778,-0.1700435884208027,-2.6301263759860096,1.6194375514660422,,,,,,,,15.169094750824684,4.0,5.0
strong_monsoon_start,Strong monsoon starts,baseline_pre_phase,Event-process baseline + precession phase,same_type_history_count+cheng_log_resolution_scaled+pre_phase_sin+pre_phase_cos,0.2,3175,95,5,True,CONVERGENCE: RELATIVE REDUCTION OF F <= FACTR*EPSMCH,-412.7800834564016,835.5601669128032,835.5791003302851,865.8754814694372,95.00002640708283,0.701359677564989,0.14960634079855561,-1.9340847484248256,-0.17566246957522694,-2.303500675736596,,,0.2055594935065675,0.5469389594913923,0.5842918198813016,0.35950362891366056,20.59804065639006,3.2174323665264253,15.954003207190794,5.0,5.0
strong_monsoon_start,Strong monsoon starts,baseline_climate_lr04_co2,Climate-state model,same_type_history_count+cheng_log_resolution_scaled+lr04_scaled+co2_scaled,0.2,3175,95,5,True,CONVERGENCE: NORM OF PROJECTED GRADIENT <= PGTOL,-413.2022051300916,836.4044102601832,836.4233436776651,866.7197248168172,94.99999192658598,0.9804784200085662,0.14960628649856056,-1.9125667769007146,-0.19264215991037165,-2.6812572059048816,1.2205319038823337,-0.532516356836607,,,,,,,16.798246554570824,6.0,5.0
strong_monsoon_start,Strong monsoon starts,baseline_co2,Event-process baseline + CO$_2$,same_type_history_count+cheng_log_resolution_scaled+co2_scaled,0.2,3175,95,4,True,CONVERGENCE: RELATIVE REDUCTION OF F <= FACTR*EPSMCH,-414.3227942206423,836.6455884412846,836.6582067378146,860.8978400865918,94.99997341642771,0.9113590977681837,0.14960625734870503,-1.8850038783154601,-0.21674144133201098,-2.7517154961606245,,-1.656465973978638,,,,,,,17.033109614720274,7.0,5.0
strong_monsoon_start,Strong monsoon starts,history_resolution_baseline,Event-process baseline,same_type_history_count+cheng_log_resolution_scaled,0.2,3175,95,3,True,CONVERGENCE: RELATIVE REDUCTION OF F <= FACTR*EPSMCH,-420.0686930464143,846.1373860928286,846.1449546831786,864.326574826809,94.99999809900181,0.5016389296695686,0.14960629621890048,-1.9426734714829952,-0.06333459753612819,-2.255140867203926,,,,,,,,,26.519857560084347,8.0,5.0
strong_monsoon_start,Strong monsoon starts,stationary,Stationary,none,0.2,3175,95,1,True,analytic stationary MLE,-428.3726718739949,858.7453437479898,858.7466043846113,864.8084066593166,95.0,0.14960629921259844,0.14960629921259844,-1.8997481072921507,,,,,,,,,,,39.12150726151697,9.0,5.0
weak_monsoon_start,Weak monsoon starts,baseline_co2_pre_phase,Event-process baseline + CO$_2$ + precession phase,same_type_history_count+cheng_log_resolution_scaled+co2_scaled+pre_phase_sin+pre_phase_cos,0.2,3175,98,6,True,CONVERGENCE: RELATIVE REDUCTION OF F <= FACTR*EPSMCH,-414.66799568501915,841.3359913700383,841.3625065215534,877.714368837999,98.00000245950523,1.1378398230960403,0.15433071253465383,-1.9043501215758973,-0.270805526090694,-2.389814396118129,,-2.78191565610508,-0.4545036185879307,-0.36351783556381395,0.5819954948988207,4.037762163030056,231.34673061923644,3.2026897057345227,0.0,1.0,5.0
weak_monsoon_start,Weak monsoon starts,baseline_climate_lr04_co2_pre_phase,Full predictive model,same_type_history_count+cheng_log_resolution_scaled+lr04_scaled+co2_scaled+pre_phase_sin+pre_phase_cos,0.2,3175,98,7,True,CONVERGENCE: NORM OF PROJECTED GRADIENT <= PGTOL,-414.57401845675815,843.1480369135163,843.1834016119691,885.5894772928038,97.9999969260057,1.1057328169693,0.1543307038204814,-1.904341961794322,-0.26957853033994494,-2.3783069660668397,0.39069803077916454,-2.420525102318465,-0.4656919904154919,-0.35371867279053737,0.5847956304708867,4.062800675002515,232.78133168054615,3.2206759534004656,1.8208950904156609,2.0,5.0
weak_monsoon_start,Weak monsoon starts,baseline_lr04_pre_phase,Event-process baseline + LR04 + precession phase,same_type_history_count+cheng_log_resolution_scaled+lr04_scaled+pre_phase_sin+pre_phase_cos,0.2,3175,98,6,True,CONVERGENCE: RELATIVE REDUCTION OF F <= FACTR*EPSMCH,-417.74683008156035,847.4936601631207,847.5201753146358,883.8720376310814,98.00000030413798,1.0137675747107207,0.15433070914037475,-1.9398914904600941,-0.1814968044491133,-2.21883409334771,2.1803240260908936,,-0.4944886582079704,-0.31095814409447226,0.5841352587158196,4.15102743464565,237.8363526482129,3.216425074315172,6.157668793082394,3.0,5.0
weak_monsoon_start,Weak monsoon starts,baseline_co2,Event-process baseline + CO$_2$,same_type_history_count+cheng_log_resolution_scaled+co2_scaled,0.2,3175,98,4,True,CONVERGENCE: NORM OF PROJECTED GRADIENT <= PGTOL,-421.89856296210155,851.7971259242031,851.809744220733,876.0493775695103,97.99999989425913,0.9869164249336022,0.15433070849489625,-1.935921387743387,-0.1383649884318304,-2.2987571642668536,,-2.462980966783266,,,,,,,10.447237699179595,4.0,5.0
weak_monsoon_start,Weak monsoon starts,baseline_climate_lr04_co2,Climate-state model,same_type_history_count+cheng_log_resolution_scaled+lr04_scaled+co2_scaled,0.2,3175,98,5,True,CONVERGENCE: NORM OF PROJECTED GRADIENT <= PGTOL,-421.87095656103094,853.7419131220619,853.7608465395438,884.0572276786959,97.99999991705884,1.0067057342904324,0.15433070853080127,-1.935661722258424,-0.13840376774082458,-2.289015740482085,0.20004303279304536,-2.283717891222556,,,,,,,12.398340017990336,5.0,5.0
weak_monsoon_start,Weak monsoon starts,baseline_lr04,Event-process baseline + LR04,same_type_history_count+cheng_log_resolution_scaled+lr04_scaled,0.2,3175,98,4,True,CONVERGENCE: RELATIVE REDUCTION OF F <= FACTR*EPSMCH,-425.1052643544211,858.2105287088422,858.2231470053721,882.4627803541493,97.99998805316739,0.8365808592276534,0.15433068984750767,-1.962043059251076,-0.060979928917614216,-2.0851275798139897,1.8526161593860753,,,,,,,,16.860640483818656,6.0,5.0
weak_monsoon_start,Weak monsoon starts,baseline_pre_phase,Event-process baseline + precession phase,same_type_history_count+cheng_log_resolution_scaled+pre_phase_sin+pre_phase_cos,0.2,3175,98,5,True,CONVERGENCE: RELATIVE REDUCTION OF F <= FACTR*EPSMCH,-427.99266208960864,865.9853241792173,866.0042575966992,896.3006387358513,98.00001971291499,0.5058128240838647,0.15433073970537795,-2.023690889804282,0.05238783354256767,-1.7188758329707767,,,-0.32351026065798705,-0.32273696895725107,0.45696612553088917,3.928187404448242,225.0685594113336,2.494110745545754,24.64175107514575,7.0,5.0
weak_monsoon_start,Weak monsoon starts,history_resolution_baseline,Event-process baseline,same_type_history_count+cheng_log_resolution_scaled,0.2,3175,98,3,True,CONVERGENCE: NORM OF PROJECTED GRADIENT <= PGTOL,-432.71738514127014,871.4347702825403,871.4423388728903,889.6239590165206,98.00000321705696,0.36205306874787113,0.15433071372764876,-2.0266626768916094,0.11875169564646612,-1.6713737401492978,,,,,,,,,30.079832351336904,8.0,5.0
weak_monsoon_start,Weak monsoon starts,stationary,Stationary,none,0.2,3175,98,1,True,analytic stationary MLE,-438.85335240030884,879.7067048006177,879.7079654372392,885.7697677119445,97.99999999999997,0.1543307086614173,0.15433070866141732,-1.8686575202221198,,,,,,,,,,,38.345458915685754,9.0,5.0
strong_monsoon_start,Strong monsoon starts,baseline_lr04_pre_phase,Event-process baseline + LR04 + precession phase,same_type_history_count+cheng_log_resolution_scaled+lr04_scaled+pre_phase_sin+pre_phase_cos,0.4,1587,95,6,True,CONVERGENCE: RELATIVE REDUCTION OF F <= FACTR*EPSMCH,-338.22375758004307,688.4475151600861,688.5006797170481,720.6651194832446,94.9999980953483,1.0544469386961892,0.14965343115209248,-1.9638410974469482,-0.27380005534893026,-2.869740525322176,2.0215621103887376,,0.03706615656112251,0.6677509672919865,0.6687789278091807,0.0554520452192734,3.1771681564329595,3.8097282289811614,0.0,1.0,5.0
strong_monsoon_start,Strong monsoon starts,baseline_climate_lr04_co2_pre_phase,Full predictive model,same_type_history_count+cheng_log_resolution_scaled+lr04_scaled+co2_scaled+pre_phase_sin+pre_phase_cos,0.4,1587,95,7,True,CONVERGENCE: RELATIVE REDUCTION OF F <= FACTR*EPSMCH,-337.87637170139794,689.7527434027959,689.8236743717636,727.3399484464808,95.00000498799531,1.0034640419881162,0.14965344201007455,-1.9467825982033795,-0.30259678247025984,-2.9420132408964927,1.5155635937907785,-0.6702928469086694,0.046276953692917074,0.6783281585677398,0.6799048809568858,0.06811652749169247,3.9027895403608226,3.8954521679360843,1.322994654715444,2.0,5.0
strong_monsoon_start,Strong monsoon starts,baseline_co2_pre_phase,Event-process baseline + CO$_2$ + precession phase,same_type_history_count+cheng_log_resolution_scaled+co2_scaled+pre_phase_sin+pre_phase_cos,0.4,1587,95,6,True,CONVERGENCE: RELATIVE REDUCTION OF F <= FACTR*EPSMCH,-339.60884882811195,691.2176976562239,691.2708622131859,723.4353019793823,94.99996978706653,0.8385481301752393,0.14965338655807586,-1.92171674775223,-0.31175474565217787,-2.9934826991497134,,-1.9136079909470058,0.10245543402568225,0.6493456483517471,0.6573788002322114,0.1564924498704737,8.966356903240749,3.7238482167620024,2.7701824961377497,3.0,5.0
strong_monsoon_start,Strong monsoon starts,baseline_lr04,Event-process baseline + LR04,same_type_history_count+cheng_log_resolution_scaled+lr04_scaled,0.4,1587,95,4,True,CONVERGENCE: RELATIVE REDUCTION OF F <= FACTR*EPSMCH,-347.45344028288287,702.9068805657657,702.9321650158289,724.3852834478714,94.99993084659724,0.8092194132056367,0.14965332521518157,-1.9687061197798077,-0.12675464457516944,-2.6728840280293977,1.600100881932809,,,,,,,,14.431485298780785,4.0,5.0
strong_monsoon_start,Strong monsoon starts,baseline_pre_phase,Event-process baseline + precession phase,same_type_history_count+cheng_log_resolution_scaled+pre_phase_sin+pre_phase_cos,0.4,1587,95,5,True,CONVERGENCE: RELATIVE REDUCTION OF F <= FACTR*EPSMCH,-346.86666292079576,703.7333258415915,703.7712765057281,730.5813294442236,95.0002264605344,0.665613361189435,0.14965379089561184,-1.9798772654131727,-0.12236425903206076,-2.3527344386654345,,,0.21599650087243946,0.5259227216768717,0.5685500836031475,0.3896964111257365,22.32795964889968,3.1177143935889378,15.270596788679995,5.0,5.0
strong_monsoon_start,Strong monsoon starts,baseline_climate_lr04_co2,Climate-state model,same_type_history_count+cheng_log_resolution_scaled+lr04_scaled+co2_scaled,0.4,1587,95,5,True,CONVERGENCE: NORM OF PROJECTED GRADIENT <= PGTOL,-347.353766304659,704.707532609318,704.7454832734546,731.5555362119501,94.99999925739054,0.8122980280499726,0.1496534329826568,-1.9572620852847915,-0.14308623972442602,-2.7088548083178683,1.3090369020274923,-0.3781270642549018,,,,,,,16.24480355640651,6.0,5.0
strong_monsoon_start,Strong monsoon starts,baseline_co2,Event-process baseline + CO$_2$,same_type_history_count+cheng_log_resolution_scaled+co2_scaled,0.4,1587,95,4,True,CONVERGENCE: RELATIVE REDUCTION OF F <= FACTR*EPSMCH,-348.63224401612655,705.2644880322531,705.2897724823163,726.7428909143588,95.0001678540973,0.6967597177532138,0.1496536985729321,-1.9277818530630124,-0.1671122271019446,-2.7711532923641413,,-1.5476857866064189,,,,,,,16.78909276526815,7.0,5.0
strong_monsoon_start,Strong monsoon starts,history_resolution_baseline,Event-process baseline,same_type_history_count+cheng_log_resolution_scaled,0.4,1587,95,3,True,CONVERGENCE: NORM OF PROJECTED GRADIENT <= PGTOL,-353.8471296309151,713.6942592618302,713.7094203483747,729.8030614234094,94.99999987483388,0.4956547704969174,0.14965343395531489,-1.9815179278383734,-0.018726233863025854,-2.289639318227487,,,,,,,,,25.208740631326577,8.0,5.0
strong_monsoon_start,Strong monsoon starts,stationary,Stationary,none,0.4,1587,95,1,True,analytic stationary MLE,-362.4937637479579,726.9875274959159,726.9900511552219,732.3571282164422,95.00000000000001,0.149653434152489,0.14965343415248897,-1.899433097051713,,,,,,,,,,,38.48937143817375,9.0,5.0
weak_monsoon_start,Weak monsoon starts,baseline_co2_pre_phase,Event-process baseline + CO$_2$ + precession phase,same_type_history_count+cheng_log_resolution_scaled+co2_scaled+pre_phase_sin+pre_phase_cos,0.4,1587,98,6,True,CONVERGENCE: RELATIVE REDUCTION OF F <= FACTR*EPSMCH,-347.5156486505614,707.0312973011228,707.0844618580848,739.2489016242812,97.9999956992701,0.9967435705946786,0.15437932529815704,-1.9394983703352837,-0.22077084461528512,-2.3433714272439943,,-2.576377099145976,-0.4401805251039386,-0.3447727597837667,0.5591307097358309,4.047943307567955,231.93006723187074,3.0595303367793103,0.0,1.0,5.0
weak_monsoon_start,Weak monsoon starts,baseline_climate_lr04_co2_pre_phase,Full predictive model,same_type_history_count+cheng_log_resolution_scaled+lr04_scaled+co2_scaled+pre_phase_sin+pre_phase_cos,0.4,1587,98,7,True,CONVERGENCE: RELATIVE REDUCTION OF F <= FACTR*EPSMCH,-347.3699224334092,708.7398448668184,708.8107758357861,746.3270499105033,97.99997783148912,0.9634298228357034,0.15437929715105408,-1.9402498897947813,-0.2190202294019294,-2.330755838919617,0.4873593159004578,-2.136664386381094,-0.45388903023848953,-0.3329107786570704,0.5628897212748634,4.079555874379922,233.7413338897718,3.0826186368987405,1.726313977701352,2.0,5.0
weak_monsoon_start,Weak monsoon starts,baseline_lr04_pre_phase,Event-process baseline + LR04 + precession phase,same_type_history_count+cheng_log_resolution_scaled+lr04_scaled+pre_phase_sin+pre_phase_cos,0.4,1587,98,6,True,CONVERGENCE: NORM OF PROJECTED GRADIENT <= PGTOL,-349.94674433117154,711.8934886623431,711.9466532193051,744.1110929855015,97.99999677999705,0.9350111640459425,0.15437932700062545,-1.9758930936856014,-0.13691032700643072,-2.1921713813273387,2.1047202877923743,,-0.4818255842570384,-0.2958754804426396,0.5654186003058258,4.161686804823625,238.44708957167848,3.098249270823246,4.862191361220312,3.0,5.0
weak_monsoon_start,Weak monsoon starts,baseline_co2,Event-process baseline + CO$_2$,same_type_history_count+cheng_log_resolution_scaled+co2_scaled,0.4,1587,98,4,True,CONVERGENCE: RELATIVE REDUCTION OF F <= FACTR*EPSMCH,-354.2171178320235,716.434235664047,716.4595201141102,737.9126385461527,97.99999868258075,0.7035501062149079,0.15437932999776424,-1.9711845770022163,-0.09342478890658326,-2.30550846001443,,-2.2962939628141443,,,,,,,9.375058256025454,4.0,5.0
weak_monsoon_start,Weak monsoon starts,baseline_climate_lr04_co2,Climate-state model,same_type_history_count+cheng_log_resolution_scaled+lr04_scaled+co2_scaled,0.4,1587,98,5,True,CONVERGENCE: RELATIVE REDUCTION OF F <= FACTR*EPSMCH,-354.1615608003169,718.3231216006338,718.3610722647704,745.1711252032659,98.00002338554539,0.7294022832900441,0.1543793689123273,-1.9712790131560238,-0.09343066999312998,-2.2939379216525877,0.284784452911516,-2.0479407673736265,,,,,,,11.276610406685677,5.0,5.0
weak_monsoon_start,Weak monsoon starts,baseline_lr04,Event-process baseline + LR04,same_type_history_count+cheng_log_resolution_scaled+lr04_scaled,0.4,1587,98,4,True,CONVERGENCE: RELATIVE REDUCTION OF F <= FACTR*EPSMCH,-356.87091738000595,721.7418347600119,721.7671192100751,743.2202376421176,97.99998959659091,0.6571965080098706,0.15437931568461075,-1.9991861865083111,-0.018914254024326498,-2.107808282228931,1.8030700420442798,,,,,,,,14.682657351990315,6.0,5.0
weak_monsoon_start,Weak monsoon starts,baseline_pre_phase,Event-process baseline + precession phase,same_type_history_count+cheng_log_resolution_scaled+pre_phase_sin+pre_phase_cos,0.4,1587,98,5,True,CONVERGENCE: RELATIVE REDUCTION OF F <= FACTR*EPSMCH,-359.3866889998058,728.7733779996116,728.8113286637482,755.6213816022437,97.99998286877923,0.5445513563810618,0.1543793050862937,-2.0563294987459293,0.09061143912238172,-1.7315799480114615,,,-0.3252727487738634,-0.3094991615343914,0.4489900801636893,3.9518349248329305,226.42346252532585,2.454640121123528,21.726866805663462,7.0,5.0
weak_monsoon_start,Weak monsoon starts,history_resolution_baseline,Event-process baseline,same_type_history_count+cheng_log_resolution_scaled,0.4,1587,98,3,True,CONVERGENCE: RELATIVE REDUCTION OF F <= FACTR*EPSMCH,-363.9445307825963,733.8890615651926,733.9042226517371,749.9978637267718,97.9999999718908,0.4189652689514336,0.15437933202881346,-2.0603743597622346,0.1583067409754991,-1.7019773895712471,,,,,,,,,26.819760793652335,8.0,5.0
weak_monsoon_start,Weak monsoon starts,stationary,Stationary,none,0.4,1587,98,1,True,analytic stationary MLE,-370.8940577018717,743.7881154037434,743.7906390630494,749.1577161242698,98.0,0.1543793320730939,0.15437933207309393,-1.868342509981682,,,,,,,,,,,36.70617720496466,9.0,5.0
strong_monsoon_start,Strong monsoon starts,baseline_lr04_pre_phase,Event-process baseline + LR04 + precession phase,same_type_history_count+cheng_log_resolution_scaled+lr04_scaled+pre_phase_sin+pre_phase_cos,0.6,1059,95,6,True,CONVERGENCE: RELATIVE REDUCTION OF F <= FACTR*EPSMCH,-299.91253517632714,611.8250703526543,611.9049182613995,641.6155524262628,94.99993838320748,1.104434678089169,0.14951202137741182,-1.9664035612533406,-0.2615287747568206,-2.7239467237305592,1.9679936992116467,,0.033243559431636496,0.6639835079154518,0.6648151871214989,0.05002507389133401,2.8662256038035245,3.779646074801696,0.0,1.0,5.0
strong_monsoon_start,Strong monsoon starts,baseline_climate_lr04_co2_pre_phase,Full predictive model,same_type_history_count+cheng_log_resolution_scaled+lr04_scaled+co2_scaled+pre_phase_sin+pre_phase_cos,0.6,1059,95,7,True,CONVERGENCE: RELATIVE REDUCTION OF F <= FACTR*EPSMCH,-299.3849367741219,612.7698735482438,612.8764387242667,647.5254359674536,94.99993562638352,1.1274391817694416,0.1495120170386898,-1.9461837222318281,-0.2963268545588753,-2.8078573636773654,1.340091281484456,-0.8513842325900165,0.04282846779486042,0.6751730962481319,0.6765301083846488,0.06334843928499982,3.629598209771232,3.869248169684863,0.9715204628671472,2.0,5.0
strong_monsoon_start,Strong monsoon starts,baseline_co2_pre_phase,Event-process baseline + CO$_2$ + precession phase,same_type_history_count+cheng_log_resolution_scaled+co2_scaled+pre_phase_sin+pre_phase_cos,0.6,1059,95,6,True,CONVERGENCE: RELATIVE REDUCTION OF F <= FACTR*EPSMCH,-300.7414097497357,613.4828194994714,613.5626674082166,643.2733015730798,95.00000521992709,0.9680081925384085,0.14951212656582796,-1.9255860802454257,-0.3056846371999187,-2.8715886927097385,,-1.9956967768850686,0.09188881938423227,0.6474080172775272,0.6538965483645307,0.14099166719675715,8.07822747688728,3.6980035640014637,1.657749146817082,3.0,5.0
strong_monsoon_start,Strong monsoon starts,baseline_lr04,Event-process baseline + LR04,same_type_history_count+cheng_log_resolution_scaled+lr04_scaled,0.6,1059,95,4,True,CONVERGENCE: RELATIVE REDUCTION OF F <= FACTR*EPSMCH,-308.98234053940564,625.9646810788113,626.0026317429479,645.8250024612169,94.99999035740814,0.877687022691006,0.14951210317502067,-1.9736791231874817,-0.11745643580561736,-2.5900269969545766,1.5631549120577581,,,,,,,,14.09771348154834,4.0,5.0
strong_monsoon_start,Strong monsoon starts,baseline_pre_phase,Event-process baseline + precession phase,same_type_history_count+cheng_log_resolution_scaled+pre_phase_sin+pre_phase_cos,0.6,1059,95,5,True,CONVERGENCE: NORM OF PROJECTED GRADIENT <= PGTOL,-308.39226518941075,626.7845303788215,626.8415104358015,651.6099321068285,95.00000192640651,0.685875799474649,0.14951212138244654,-1.9837848418393982,-0.11547310878073504,-2.27446216370849,,,0.2185592390367985,0.5229348488758044,0.5667706742035131,0.39588186416076676,22.682360002183298,3.1066387328187752,14.936592174401994,5.0,5.0
strong_monsoon_start,Strong monsoon starts,baseline_co2,Event-process baseline + CO$_2$,same_type_history_count+cheng_log_resolution_scaled+co2_scaled,0.6,1059,95,4,True,CONVERGENCE: RELATIVE REDUCTION OF F <= FACTR*EPSMCH,-309.6425315738143,627.2850631476286,627.3230138117652,647.1453845300342,95.00001424758962,0.7866261483780914,0.1495121407736695,-1.9325266415963844,-0.16599956007678696,-2.719416633029791,,-1.6388756476990645,,,,,,,15.418095550365706,6.0,5.0
strong_monsoon_start,Strong monsoon starts,baseline_climate_lr04_co2,Climate-state model,same_type_history_count+cheng_log_resolution_scaled+lr04_scaled+co2_scaled,0.6,1059,95,5,True,CONVERGENCE: RELATIVE REDUCTION OF F <= FACTR*EPSMCH,-308.7367534876902,627.4735069753804,627.5304870323604,652.2989087033874,94.9999741500391,0.8836989336671588,0.14951207766767247,-1.9564157884900315,-0.14335106780595058,-2.648112573066474,1.1026191931783658,-0.6136692324665406,,,,,,,15.625568770960854,7.0,5.0
strong_monsoon_start,Strong monsoon starts,history_resolution_baseline,Event-process baseline,same_type_history_count+cheng_log_resolution_scaled,0.6,1059,95,3,True,CONVERGENCE: RELATIVE REDUCTION OF F <= FACTR*EPSMCH,-315.32372651456797,636.6474530291359,636.6702018443018,651.5426940659402,95.00000550523612,0.4840038564797195,0.14951212701485064,-1.9846152579621248,-0.015587655543681628,-2.2520139249888054,,,,,,,,,24.76528358290227,8.0,5.0
strong_monsoon_start,Strong monsoon starts,stationary,Stationary,none,0.6,1059,95,1,True,analytic stationary MLE,-324.0643281300823,650.1286562601646,650.1324405553396,655.093736605766,95.00000000000001,0.1495121183506453,0.1495121183506453,-1.9003778302348748,,,,,,,,,,,38.22752229394007,9.0,5.0
weak_monsoon_start,Weak monsoon starts,baseline_co2_pre_phase,Event-process baseline + CO$_2$ + precession phase,same_type_history_count+cheng_log_resolution_scaled+co2_scaled+pre_phase_sin+pre_phase_cos,0.6,1059,99,6,True,CONVERGENCE: RELATIVE REDUCTION OF F <= FACTR*EPSMCH,-311.34252202501676,634.6850440500335,634.7648919587788,664.475526123642,99.00011021407676,0.9083472914813563,0.1558075388953049,-1.9621442567290026,-0.17023386570366514,-2.1276599976859494,,-2.57167219176895,-0.44002193906655396,-0.34778178246135555,0.5608667177430728,4.0435453374676396,231.67808210669793,3.070171537625405,0.0,1.0,5.0
weak_monsoon_start,Weak monsoon starts,baseline_climate_lr04_co2_pre_phase,Full predictive model,same_type_history_count+cheng_log_resolution_scaled+lr04_scaled+co2_scaled+pre_phase_sin+pre_phase_cos,0.6,1059,99,7,True,CONVERGENCE: RELATIVE REDUCTION OF F <= FACTR*EPSMCH,-311.1853547831108,636.3707095662216,636.4772747422445,671.1262719854315,99.00001484185972,0.8743757963583773,0.15580738879738704,-1.9628429362294955,-0.1684656651956156,-2.1102127285015886,0.4981666195692802,-2.1091277008524454,-0.45406672816604393,-0.33528080355064815,0.5644376058139503,4.076356249322997,233.55800887798566,3.0921764991885445,1.7123827834657277,2.0,5.0
weak_monsoon_start,Weak monsoon starts,baseline_lr04_pre_phase,Event-process baseline + LR04 + precession phase,same_type_history_count+cheng_log_resolution_scaled+lr04_scaled+pre_phase_sin+pre_phase_cos,0.6,1059,99,6,True,CONVERGENCE: RELATIVE REDUCTION OF F <= FACTR*EPSMCH,-313.6322386284807,639.2644772569614,639.3443251657067,669.0549593305699,98.99990277981581,0.8362628947321062,0.1558072124328231,-1.9949417243421508,-0.09272230788857802,-1.9823513856542303,2.0528413607627716,,-0.4816302629939874,-0.2990628681133097,0.5669270758358753,4.156715484509885,238.1622538990935,3.1076106515584727,4.579433206927888,3.0,5.0
weak_monsoon_start,Weak monsoon starts,baseline_co2,Event-process baseline + CO$_2$,same_type_history_count+cheng_log_resolution_scaled+co2_scaled,0.6,1059,99,4,True,CONVERGENCE: RELATIVE REDUCTION OF F <= FACTR*EPSMCH,-318.1823313377656,644.3646626755312,644.4026133396678,664.2249840579368,99.00000767304101,0.7783047199367809,0.15580737751501575,-1.988386510587727,-0.04564200053448509,-2.036734865566634,,-2.294194531793106,,,,,,,9.637721380889047,4.0,5.0
weak_monsoon_start,Weak monsoon starts,baseline_climate_lr04_co2,Climate-state model,same_type_history_count+cheng_log_resolution_scaled+lr04_scaled+co2_scaled,0.6,1059,99,5,True,CONVERGENCE: RELATIVE REDUCTION OF F <= FACTR*EPSMCH,-318.1173187365524,646.2346374731048,646.2916175300849,671.0600392011119,98.99995152683077,0.8021248342995956,0.1558072891514491,-1.9884255640255917,-0.04578403144480887,-2.0209138554859187,0.30326654243886497,-2.0224048367724827,,,,,,,11.526725571306088,5.0,5.0
weak_monsoon_start,Weak monsoon starts,baseline_lr04,Event-process baseline + LR04,same_type_history_count+cheng_log_resolution_scaled+lr04_scaled,0.6,1059,99,4,True,CONVERGENCE: NORM OF PROJECTED GRADIENT <= PGTOL,-320.698681740291,649.397363480582,649.4353141447186,669.2576848629876,99.00000129171283,0.6876243380305525,0.15580736747200635,-2.0125904620388626,0.021346326164301883,-1.8542297933154905,1.7643039679222168,,,,,,,,14.670422185939856,6.0,5.0
weak_monsoon_start,Weak monsoon starts,baseline_pre_phase,Event-process baseline + precession phase,same_type_history_count+cheng_log_resolution_scaled+pre_phase_sin+pre_phase_cos,0.6,1059,99,5,True,CONVERGENCE: NORM OF PROJECTED GRADIENT <= PGTOL,-322.9378482372063,655.8756964744126,655.9326765313926,680.7010982024196,98.99999494780258,0.517064002605852,0.15580735748788574,-2.070125429937498,0.12400685117938635,-1.5733613333206875,,,-0.3311441393323274,-0.3144579330287716,0.4566620551993293,3.9528310256358488,226.48053489730265,2.4925944364943917,21.16778457261387,7.0,5.0
weak_monsoon_start,Weak monsoon starts,history_resolution_baseline,Event-process baseline,same_type_history_count+cheng_log_resolution_scaled,0.6,1059,99,3,True,CONVERGENCE: RELATIVE REDUCTION OF F <= FACTR*EPSMCH,-327.70554312037757,661.4110862407551,661.433835055921,676.3063272775594,99.00002115043073,0.43715699937733477,0.15580739872589036,-2.069467370203979,0.18977199382180318,-1.5116401459093054,,,,,,,,,26.668943097142233,8.0,5.0
weak_monsoon_start,Weak monsoon starts,stationary,Stationary,none,0.6,1059,99,1,True,analytic stationary MLE,-334.3192362317742,670.6384724635484,670.6422567587234,675.6035528091498,99.0,0.15580736543909351,0.1558073654390935,-1.8591348717008256,,,,,,,,,,,35.877364799944644,9.0,5.0
strong_monsoon_start,Strong monsoon starts,baseline_lr04_pre_phase,Event-process baseline + LR04 + precession phase,same_type_history_count+cheng_log_resolution_scaled+lr04_scaled+pre_phase_sin+pre_phase_cos,0.8,794,95,6,True,CONVERGENCE: NORM OF PROJECTED GRADIENT <= PGTOL,-275.35544474746877,562.7108894949375,562.8176239294992,590.7733902624203,94.9999960555461,1.013876951595353,0.14955918774487736,-1.96695595511007,-0.2329770978739081,-2.542398898322754,1.951227413376946,,0.03597101883357678,0.6458750372850413,0.6468759370883098,0.05563598937986648,3.1877073805010196,3.6464419143958726,0.0,1.0,5.0
strong_monsoon_start,Strong monsoon starts,baseline_climate_lr04_co2_pre_phase,Full predictive model,same_type_history_count+cheng_log_resolution_scaled+lr04_scaled+co2_scaled+pre_phase_sin+pre_phase_cos,0.8,794,95,7,True,CONVERGENCE: RELATIVE REDUCTION OF F <= FACTR*EPSMCH,-275.03002649209407,564.0600529841881,564.2025466228649,596.7996372129181,94.99999868513973,0.9765479471405599,0.14955919188466582,-1.9488797284489636,-0.2621921618611109,-2.6058020606208174,1.4632925102570633,-0.6301016815750715,0.04311771478372316,0.654967617599038,0.6563853421821134,0.06573697206012177,3.76645105701439,3.716456588489786,1.384922693365752,2.0,5.0
strong_monsoon_start,Strong monsoon starts,baseline_co2_pre_phase,Event-process baseline + CO$_2$ + precession phase,same_type_history_count+cheng_log_resolution_scaled+co2_scaled+pre_phase_sin+pre_phase_cos,0.8,794,95,6,True,CONVERGENCE: RELATIVE REDUCTION OF F <= FACTR*EPSMCH,-276.65672722617603,565.3134544523521,565.4201888869137,593.3759552198349,94.99998566999841,0.7758116655526835,0.1495591713948338,-1.9237880660796312,-0.2727072185698082,-2.6593890431809655,,-1.8010146489517198,0.09484855078493866,0.6265640239488924,0.6337023936305048,0.15023819728183743,8.608014625903122,3.5516233734583085,2.602564957414529,3.0,5.0
strong_monsoon_start,Strong monsoon starts,baseline_lr04,Event-process baseline + LR04,same_type_history_count+cheng_log_resolution_scaled+lr04_scaled,0.8,794,95,4,True,CONVERGENCE: NORM OF PROJECTED GRADIENT <= PGTOL,-284.0456381539971,576.0912763079942,576.1419733929118,594.7996101529827,94.99999960214114,0.8300220311339722,0.1495591933283078,-1.9696526018319893,-0.0990603720616741,-2.4024506510018164,1.5595178109737189,,,,,,,,13.32434946341266,4.0,5.0
strong_monsoon_start,Strong monsoon starts,baseline_pre_phase,Event-process baseline + precession phase,same_type_history_count+cheng_log_resolution_scaled+pre_phase_sin+pre_phase_cos,0.8,794,95,5,True,CONVERGENCE: NORM OF PROJECTED GRADIENT <= PGTOL,-283.5042430322742,577.0084860645484,577.0846281965281,600.3939033707841,94.99999270863313,0.5743754985339528,0.14955918247580782,-1.9883091068581178,-0.08422643897813155,-2.0743296900961363,,,0.2119031688880162,0.5121712101583541,0.5542763764584019,0.39229055615447256,22.4765932104911,3.0299701043359284,14.267004267028938,5.0,5.0
strong_monsoon_start,Strong monsoon starts,baseline_climate_lr04_co2,Climate-state model,same_type_history_count+cheng_log_resolution_scaled+lr04_scaled+co2_scaled,0.8,794,95,5,True,CONVERGENCE: RELATIVE REDUCTION OF F <= FACTR*EPSMCH,-283.9269699613476,577.8539399226952,577.9300820546749,601.2393572289309,94.99998646639536,0.8366923070831981,0.1495591726486073,-1.9569129828600709,-0.11744498015200011,-2.442180456159418,1.2429831184844635,-0.4009932267142745,,,,,,,15.112458125175749,6.0,5.0
strong_monsoon_start,Strong monsoon starts,baseline_co2,Event-process baseline + CO$_2$,same_type_history_count+cheng_log_resolution_scaled+co2_scaled,0.8,794,95,4,True,CONVERGENCE: RELATIVE REDUCTION OF F <= FACTR*EPSMCH,-285.08430840508953,578.1686168101791,578.2193138950967,596.8769506551675,94.99999496084672,0.7264029018795952,0.14955918602148413,-1.9288150404796056,-0.14145403599876788,-2.5107430381660913,,-1.4819518179609552,,,,,,,15.401689965597484,7.0,5.0
strong_monsoon_start,Strong monsoon starts,history_resolution_baseline,Event-process baseline,same_type_history_count+cheng_log_resolution_scaled,0.8,794,95,3,True,CONVERGENCE: RELATIVE REDUCTION OF F <= FACTR*EPSMCH,-290.16611040806094,586.3322208161219,586.3626005629574,600.3634711998633,95.00000404462435,0.44241999819975997,0.1495592003221416,-1.9838574193783003,0.006065117673970539,-2.0460627209634885,,,,,,,,,23.54497663345819,8.0,5.0
strong_monsoon_start,Strong monsoon starts,stationary,Stationary,none,0.8,794,95,1,True,analytic stationary MLE,-297.3977712969868,596.7955425939736,596.800593099024,601.4726260552206,94.99999999999999,0.14955919395465994,0.14955919395465989,-1.9000630183323852,,,,,,,,,,,33.982969169524836,9.0,5.0
weak_monsoon_start,Weak monsoon starts,baseline_co2_pre_phase,Event-process baseline + CO$_2$ + precession phase,same_type_history_count+cheng_log_resolution_scaled+co2_scaled+pre_phase_sin+pre_phase_cos,0.8,794,98,6,True,CONVERGENCE: RELATIVE REDUCTION OF F <= FACTR*EPSMCH,-282.65379161070575,577.3075832214115,577.4143176559732,605.3700839888943,97.99991299386683,0.740396291568613,0.15428197889462658,-1.9586256674417308,-0.17676486274736916,-2.1207773460279276,,-2.399415472917669,-0.44495793352269447,-0.3456790347065646,0.5634550182937844,4.051905277960477,232.15707141391806,3.086105798060915,0.0,1.0,5.0
weak_monsoon_start,Weak monsoon starts,baseline_climate_lr04_co2_pre_phase,Full predictive model,same_type_history_count+cheng_log_resolution_scaled+lr04_scaled+co2_scaled+pre_phase_sin+pre_phase_cos,0.8,794,98,7,True,CONVERGENCE: RELATIVE REDUCTION OF F <= FACTR*EPSMCH,-282.4089840629258,578.8179681258516,578.9604617645284,611.5575523545816,98.00005300988241,0.7612487244391473,0.1542821993228627,-1.9601553372652423,-0.1747211612831055,-2.103028139221063,0.6264893134188713,-1.851309404652654,-0.46286646736029485,-0.33037742037242135,0.568677946203767,4.092485040310377,234.4821205302112,3.1185117736803907,1.5461441085552678,2.0,5.0
weak_monsoon_start,Weak monsoon starts,baseline_lr04_pre_phase,Event-process baseline + LR04 + precession phase,same_type_history_count+cheng_log_resolution_scaled+lr04_scaled+pre_phase_sin+pre_phase_cos,0.8,794,98,6,True,CONVERGENCE: RELATIVE REDUCTION OF F <= FACTR*EPSMCH,-284.4891326800365,580.978265360073,581.0849997946347,609.0407661275558,98.00001118507932,0.6773840849670851,0.15428213347776967,-1.9938770497979823,-0.10135938306329974,-1.9794727770982732,2.0643893643748146,,-0.4890188129249522,-0.29421535143925803,0.5707031386080293,4.170761357988647,238.96702316900135,3.131168561520778,3.6706821386615047,3.0,5.0
weak_monsoon_start,Weak monsoon starts,baseline_co2,Event-process baseline + CO$_2$,same_type_history_count+cheng_log_resolution_scaled+co2_scaled,0.8,794,98,4,True,CONVERGENCE: RELATIVE REDUCTION OF F <= FACTR*EPSMCH,-289.44873637203114,586.8974727440623,586.9481698289799,605.6058065890509,97.99999644582292,0.7384725213358044,0.15428211027365069,-1.986960686710445,-0.04749493139339274,-1.9970438789617002,,-2.11160480440136,,,,,,,9.533852173006721,4.0,5.0
weak_monsoon_start,Weak monsoon starts,baseline_climate_lr04_co2,Climate-state model,same_type_history_count+cheng_log_resolution_scaled+lr04_scaled+co2_scaled,0.8,794,98,5,True,CONVERGENCE: RELATIVE REDUCTION OF F <= FACTR*EPSMCH,-289.3347057945053,588.6694115890106,588.7455537209903,612.0548288952463,98.00005069002962,0.7783769650815362,0.1542821956707015,-1.9873324744308858,-0.04783907548207858,-1.9795605668531273,0.4038382394739853,-1.77093534085738,,,,,,,11.331236065017151,5.0,5.0
weak_monsoon_start,Weak monsoon starts,baseline_lr04,Event-process baseline + LR04,same_type_history_count+cheng_log_resolution_scaled+lr04_scaled,0.8,794,98,4,True,CONVERGENCE: NORM OF PROJECTED GRADIENT <= PGTOL,-291.5238683682985,591.047736736597,591.0984338215146,609.7560705815856,97.99999669189901,0.7056850249949228,0.15428211066105008,-2.0136916459043235,0.017389569812999446,-1.8243900313894055,1.749458050194998,,,,,,,,13.684116165541468,6.0,5.0
weak_monsoon_start,Weak monsoon starts,baseline_pre_phase,Event-process baseline + precession phase,same_type_history_count+cheng_log_resolution_scaled+pre_phase_sin+pre_phase_cos,0.8,794,98,5,True,CONVERGENCE: RELATIVE REDUCTION OF F <= FACTR*EPSMCH,-293.5790377529878,597.1580755059756,597.2342176379553,620.5434928122113,97.99999966464264,0.5004615158657969,0.1542821153410621,-2.072945030578396,0.12154458080602049,-1.5265727261821662,,,-0.3382297076218469,-0.3007596997572637,0.4526099116414039,3.9855632249799604,228.35595177390113,2.47247537097674,19.81989998198219,7.0,5.0
weak_monsoon_start,Weak monsoon starts,history_resolution_baseline,Event-process baseline,same_type_history_count+cheng_log_resolution_scaled,0.8,794,98,3,True,CONVERGENCE: RELATIVE REDUCTION OF F <= FACTR*EPSMCH,-298.20448893740775,602.4089778748155,602.439357621651,616.4402282585569,98.00000389701134,0.42926177043071667,0.154282122004111,-2.0737833763379983,0.18747065215625408,-1.4631249695831232,,,,,,,,,25.02503996567782,8.0,5.0
weak_monsoon_start,Weak monsoon starts,stationary,Stationary,none,0.8,794,98,1,True,analytic stationary MLE,-304.41366065362314,610.8273213072463,610.8323718122967,615.5044047684934,98.00000000000003,0.15428211586901763,0.15428211586901766,-1.8689724312623541,,,,,,,,,,,33.41805415632359,9.0,5.0
strong_monsoon_start,Strong monsoon starts,baseline_lr04_pre_phase,Event-process baseline + LR04 + precession phase,same_type_history_count+cheng_log_resolution_scaled+lr04_scaled+pre_phase_sin+pre_phase_cos,1.0,635,95,6,True,CONVERGENCE: RELATIVE REDUCTION OF F <= FACTR*EPSMCH,-253.69782998806173,519.3956599761234,519.5294179379068,546.1174099694796,95.00000887383979,0.8512000321865868,0.1496063131871493,-2.0102398499037126,-0.16802172001455704,-2.582284402624466,1.8739383638263887,,0.054547663712452274,0.6229548901575029,0.6253385025629186,0.08734001833557224,5.004214433223514,3.4927067375903205,0.0,1.0,5.0
strong_monsoon_start,Strong monsoon starts,baseline_climate_lr04_co2_pre_phase,Full predictive model,same_type_history_count+cheng_log_resolution_scaled+lr04_scaled+co2_scaled+pre_phase_sin+pre_phase_cos,1.0,635,95,7,True,CONVERGENCE: NORM OF PROJECTED GRADIENT <= PGTOL,-253.45039891001906,520.9007978200382,521.0794262091929,552.0761728122869,94.99999987840171,0.8465218528611332,0.14960629902110506,-1.9929819085662757,-0.19365988554196137,-2.6435979707023005,1.4509094618520273,-0.5188785185992673,0.05965444527342675,0.6310694573990837,0.6338827280363886,0.09424906456313718,5.400073622523768,3.5529045642691544,1.5500082712860603,2.0,5.0
strong_monsoon_start,Strong monsoon starts,baseline_co2_pre_phase,Event-process baseline + CO$_2$ + precession phase,same_type_history_count+cheng_log_resolution_scaled+co2_scaled+pre_phase_sin+pre_phase_cos,1.0,635,95,6,True,CONVERGENCE: RELATIVE REDUCTION OF F <= FACTR*EPSMCH,-255.07479405763326,522.1495881152665,522.2833460770499,548.8713381086227,95.00001552108893,0.7410926664729026,0.14960632365525814,-1.9668283195544471,-0.20415587426169143,-2.7078699108891384,,-1.620423898026473,0.11019115338628008,0.6029180575626787,0.6129047841384111,0.18076799637141197,10.357243263118086,3.4069231035081566,2.753928139143113,3.0,5.0
strong_monsoon_start,Strong monsoon starts,baseline_lr04,Event-process baseline + LR04,same_type_history_count+cheng_log_resolution_scaled+lr04_scaled,1.0,635,95,4,True,CONVERGENCE: RELATIVE REDUCTION OF F <= FACTR*EPSMCH,-261.87636229510446,531.7527245902089,531.816216653701,549.5672245857796,94.99998536236563,0.7241450377627835,0.14960627616120573,-2.0026282739190195,-0.05638637740149583,-2.435485589669061,1.5088590686841643,,,,,,,,12.286798715794134,4.0,5.0
strong_monsoon_start,Strong monsoon starts,baseline_pre_phase,Event-process baseline + precession phase,same_type_history_count+cheng_log_resolution_scaled+pre_phase_sin+pre_phase_cos,1.0,635,95,5,True,CONVERGENCE: NORM OF PROJECTED GRADIENT <= PGTOL,-261.2856670226698,532.5713340453397,532.6667235524939,554.8394590398032,94.99999396362159,0.5499597805075962,0.1496062897064907,-2.037653537780617,-0.023350276951304927,-2.1467333581001924,,,0.22554978115739863,0.4900285937306836,0.5394448317055431,0.43136883889541633,24.715613882166103,2.9414117801158963,13.137305614587035,5.0,5.0
strong_monsoon_start,Strong monsoon starts,baseline_climate_lr04_co2,Climate-state model,same_type_history_count+cheng_log_resolution_scaled+lr04_scaled+co2_scaled,1.0,635,95,5,True,CONVERGENCE: RELATIVE REDUCTION OF F <= FACTR*EPSMCH,-261.8085168309301,533.6170336618602,533.7124231690144,555.8851586563237,95.00001220575109,0.7377006454848208,0.14960631843425368,-1.9918326905264783,-0.07088345865345598,-2.4686655725503677,1.2707292204867802,-0.2873617888273561,,,,,,,14.183005231107586,6.0,5.0
strong_monsoon_start,Strong monsoon starts,baseline_co2,Event-process baseline + CO$_2$,same_type_history_count+cheng_log_resolution_scaled+co2_scaled,1.0,635,95,4,True,CONVERGENCE: NORM OF PROJECTED GRADIENT <= PGTOL,-263.03538417101277,534.0707683420255,534.1342604055176,551.8852683375962,94.99999833111764,0.6654509025464097,0.14960629658443722,-1.9602785932357407,-0.096913832550843,-2.5491149707104706,,-1.3402862548590413,,,,,,,14.604842467610752,7.0,5.0
strong_monsoon_start,Strong monsoon starts,history_resolution_baseline,Event-process baseline,same_type_history_count+cheng_log_resolution_scaled,1.0,635,95,3,True,CONVERGENCE: NORM OF PROJECTED GRADIENT <= PGTOL,-267.6660760109888,541.3321520219775,541.3701868872707,554.6930270186556,95.00001047433659,0.45733163351024264,0.14960631570761668,-2.0212905332690494,0.046609634370884744,-2.0987216406280753,,,,,,,,,21.840768949363905,8.0,5.0
strong_monsoon_start,Strong monsoon starts,stationary,Stationary,none,1.0,635,95,1,True,analytic stationary MLE,-275.4760701927544,552.9521403855088,552.9584595008326,557.4057653844014,94.99999999999999,0.14960629921259844,0.1496062992125984,-1.8997481072921507,,,,,,,,,,,33.42904156292582,9.0,5.0
weak_monsoon_start,Weak monsoon starts,baseline_co2_pre_phase,Event-process baseline + CO$_2$ + precession phase,same_type_history_count+cheng_log_resolution_scaled+co2_scaled+pre_phase_sin+pre_phase_cos,1.0,635,98,6,True,CONVERGENCE: RELATIVE REDUCTION OF F <= FACTR*EPSMCH,-260.1829498965622,532.3658997931244,532.4996577549078,559.0876497864806,98.00000506638943,0.7273895830413413,0.15433071663998335,-1.944036652416801,-0.19388595654277177,-2.1245419505675405,,-2.353314074143399,-0.44019257101099213,-0.3498794183215373,0.5623033940305577,4.040806826139496,231.52117696544656,3.079005908972308,0.0,1.0,5.0
weak_monsoon_start,Weak monsoon starts,baseline_climate_lr04_co2_pre_phase,Full predictive model,same_type_history_count+cheng_log_resolution_scaled+lr04_scaled+co2_scaled+pre_phase_sin+pre_phase_cos,1.0,635,98,7,True,CONVERGENCE: RELATIVE REDUCTION OF F <= FACTR*EPSMCH,-260.1099070696888,534.2198141393776,534.3984425285323,565.3951891316265,97.99989671852468,0.7234763744730404,0.1543305460134247,-1.9446273303444035,-0.19167627352403022,-2.1074039055670304,0.3409386123067692,-2.0659181529583406,-0.44882407276568603,-0.34095155108100017,0.5636408506119103,4.0627371125381195,232.77768981960082,3.0872530076251925,1.8987847736244703,2.0,5.0
weak_monsoon_start,Weak monsoon starts,baseline_lr04_pre_phase,Event-process baseline + LR04 + precession phase,same_type_history_count+cheng_log_resolution_scaled+lr04_scaled+pre_phase_sin+pre_phase_cos,1.0,635,98,6,True,CONVERGENCE: RELATIVE REDUCTION OF F <= FACTR*EPSMCH,-262.9457410250201,537.8914820500402,538.0252400118236,564.6132320433964,97.999993282379,0.825687442252672,0.15433069808248662,-1.982357179944915,-0.10340706932856683,-1.935427788076116,2.0188389924978476,,-0.4751355033460576,-0.2962802651425387,0.5599426238935955,4.1548186113247585,238.05357107131425,3.064502524669573,5.525582256915754,3.0,5.0
weak_monsoon_start,Weak monsoon starts,baseline_co2,Event-process baseline + CO$_2$,same_type_history_count+cheng_log_resolution_scaled+co2_scaled,1.0,635,98,4,True,CONVERGENCE: NORM OF PROJECTED GRADIENT <= PGTOL,-267.01855845310536,542.0371169062107,542.1006089697028,559.8516169017814,98.00000323774393,0.7697924152554121,0.15433071376022667,-1.9689750839411104,-0.07514796986404419,-2.034924938946964,,-2.0875891764947836,,,,,,,9.600951214794918,4.0,5.0
weak_monsoon_start,Weak monsoon starts,baseline_climate_lr04_co2,Climate-state model,same_type_history_count+cheng_log_resolution_scaled+lr04_scaled+co2_scaled,1.0,635,98,5,True,CONVERGENCE: RELATIVE REDUCTION OF F <= FACTR*EPSMCH,-266.992025619663,543.984051239326,544.0794407464803,566.2521762337896,98.00001435164991,0.7843015219437772,0.1543307312624408,-1.9689229943744226,-0.07508416159588222,-2.0236861497680065,0.19464481458751245,-1.9302263063281395,,,,,,,11.579782991572415,5.0,5.0
weak_monsoon_start,Weak monsoon starts,baseline_lr04,Event-process baseline + LR04,same_type_history_count+cheng_log_resolution_scaled+lr04_scaled,1.0,635,98,4,True,CONVERGENCE: NORM OF PROJECTED GRADIENT <= PGTOL,-269.8544640298406,547.7089280596812,547.7724201231732,565.5234280552519,97.99998968526552,0.6500211271578169,0.15433069241774097,-1.9969494605060338,-0.0011205647572470497,-1.8326240339555382,1.7373954522770938,,,,,,,,15.272762368265376,6.0,5.0
weak_monsoon_start,Weak monsoon starts,baseline_pre_phase,Event-process baseline + precession phase,same_type_history_count+cheng_log_resolution_scaled+pre_phase_sin+pre_phase_cos,1.0,635,98,5,True,CONVERGENCE: RELATIVE REDUCTION OF F <= FACTR*EPSMCH,-271.9217112486888,553.8434224973776,553.9388120045318,576.1115474918411,98.00002226862611,0.46332447874056387,0.15433074373011987,-2.062784566506999,0.1072396721427224,-1.5467451771029908,,,-0.3357218781738493,-0.30419922046609277,0.453041218010851,3.976211256074234,227.82012342546543,2.4746090798782787,21.439154249623925,7.0,5.0
weak_monsoon_start,Weak monsoon starts,history_resolution_baseline,Event-process baseline,same_type_history_count+cheng_log_resolution_scaled,1.0,635,98,3,True,CONVERGENCE: NORM OF PROJECTED GRADIENT <= PGTOL,-276.59157136074197,559.1831427214839,559.2211775867771,572.544017718162,98.00000711195653,0.3764550838580492,0.1543307198613489,-2.0604248207768565,0.1662614806042842,-1.4918858997579505,,,,,,,,,26.721519831869273,8.0,5.0
weak_monsoon_start,Weak monsoon starts,stationary,Stationary,none,1.0,635,98,1,True,analytic stationary MLE,-282.51473134288767,567.0294626857753,567.0357818010992,571.483087684668,98.0,0.1543307086614173,0.15433070866141732,-1.8686575202221198,,,,,,,,,,,34.53612404619139,9.0,5.0
