event_age_ka,event_index,event_type,event_label,event_class,event_class_label,catalogue_id,catalogue_label,catalogue_short_label,source
10.824,1,strong_monsoon_start,Strong monsoon starts,strong_or_gi_start,Strong/GI start,cheng_composite_ks_0p4_4kyr,Cheng/Rousseau speleothem starts,Cheng/Rousseau,data/raw/rousseau_2023_ks_0p4_4kyr_strong_monsoon_start_times.csv
11.514,2,strong_monsoon_start,Strong monsoon starts,strong_or_gi_start,Strong/GI start,cheng_composite_ks_0p4_4kyr,Cheng/Rousseau speleothem starts,Cheng/Rousseau,data/raw/rousseau_2023_ks_0p4_4kyr_strong_monsoon_start_times.csv
14.617,3,strong_monsoon_start,Strong monsoon starts,strong_or_gi_start,Strong/GI start,cheng_composite_ks_0p4_4kyr,Cheng/Rousseau speleothem starts,Cheng/Rousseau,data/raw/rousseau_2023_ks_0p4_4kyr_strong_monsoon_start_times.csv
23.685,4,strong_monsoon_start,Strong monsoon starts,strong_or_gi_start,Strong/GI start,cheng_composite_ks_0p4_4kyr,Cheng/Rousseau speleothem starts,Cheng/Rousseau,data/raw/rousseau_2023_ks_0p4_4kyr_strong_monsoon_start_times.csv
27.955,5,strong_monsoon_start,Strong monsoon starts,strong_or_gi_start,Strong/GI start,cheng_composite_ks_0p4_4kyr,Cheng/Rousseau speleothem starts,Cheng/Rousseau,data/raw/rousseau_2023_ks_0p4_4kyr_strong_monsoon_start_times.csv
29.43,6,strong_monsoon_start,Strong monsoon starts,strong_or_gi_start,Strong/GI start,cheng_composite_ks_0p4_4kyr,Cheng/Rousseau speleothem starts,Cheng/Rousseau,data/raw/rousseau_2023_ks_0p4_4kyr_strong_monsoon_start_times.csv
32.675,7,strong_monsoon_start,Strong monsoon starts,strong_or_gi_start,Strong/GI start,cheng_composite_ks_0p4_4kyr,Cheng/Rousseau speleothem starts,Cheng/Rousseau,data/raw/rousseau_2023_ks_0p4_4kyr_strong_monsoon_start_times.csv
33.995,8,strong_monsoon_start,Strong monsoon starts,strong_or_gi_start,Strong/GI start,cheng_composite_ks_0p4_4kyr,Cheng/Rousseau speleothem starts,Cheng/Rousseau,data/raw/rousseau_2023_ks_0p4_4kyr_strong_monsoon_start_times.csv
35.535,9,strong_monsoon_start,Strong monsoon starts,strong_or_gi_start,Strong/GI start,cheng_composite_ks_0p4_4kyr,Cheng/Rousseau speleothem starts,Cheng/Rousseau,data/raw/rousseau_2023_ks_0p4_4kyr_strong_monsoon_start_times.csv
38.305,10,strong_monsoon_start,Strong monsoon starts,strong_or_gi_start,Strong/GI start,cheng_composite_ks_0p4_4kyr,Cheng/Rousseau speleothem starts,Cheng/Rousseau,data/raw/rousseau_2023_ks_0p4_4kyr_strong_monsoon_start_times.csv
41.595,11,strong_monsoon_start,Strong monsoon starts,strong_or_gi_start,Strong/GI start,cheng_composite_ks_0p4_4kyr,Cheng/Rousseau speleothem starts,Cheng/Rousseau,data/raw/rousseau_2023_ks_0p4_4kyr_strong_monsoon_start_times.csv
43.615,12,strong_monsoon_start,Strong monsoon starts,strong_or_gi_start,Strong/GI start,cheng_composite_ks_0p4_4kyr,Cheng/Rousseau speleothem starts,Cheng/Rousseau,data/raw/rousseau_2023_ks_0p4_4kyr_strong_monsoon_start_times.csv
47.25,13,strong_monsoon_start,Strong monsoon starts,strong_or_gi_start,Strong/GI start,cheng_composite_ks_0p4_4kyr,Cheng/Rousseau speleothem starts,Cheng/Rousseau,data/raw/rousseau_2023_ks_0p4_4kyr_strong_monsoon_start_times.csv
49.65,14,strong_monsoon_start,Strong monsoon starts,strong_or_gi_start,Strong/GI start,cheng_composite_ks_0p4_4kyr,Cheng/Rousseau speleothem starts,Cheng/Rousseau,data/raw/rousseau_2023_ks_0p4_4kyr_strong_monsoon_start_times.csv
53.8,15,strong_monsoon_start,Strong monsoon starts,strong_or_gi_start,Strong/GI start,cheng_composite_ks_0p4_4kyr,Cheng/Rousseau speleothem starts,Cheng/Rousseau,data/raw/rousseau_2023_ks_0p4_4kyr_strong_monsoon_start_times.csv
54.37,16,strong_monsoon_start,Strong monsoon starts,strong_or_gi_start,Strong/GI start,cheng_composite_ks_0p4_4kyr,Cheng/Rousseau speleothem starts,Cheng/Rousseau,data/raw/rousseau_2023_ks_0p4_4kyr_strong_monsoon_start_times.csv
55.745,17,strong_monsoon_start,Strong monsoon starts,strong_or_gi_start,Strong/GI start,cheng_composite_ks_0p4_4kyr,Cheng/Rousseau speleothem starts,Cheng/Rousseau,data/raw/rousseau_2023_ks_0p4_4kyr_strong_monsoon_start_times.csv
58.21,18,strong_monsoon_start,Strong monsoon starts,strong_or_gi_start,Strong/GI start,cheng_composite_ks_0p4_4kyr,Cheng/Rousseau speleothem starts,Cheng/Rousseau,data/raw/rousseau_2023_ks_0p4_4kyr_strong_monsoon_start_times.csv
59.785,19,strong_monsoon_start,Strong monsoon starts,strong_or_gi_start,Strong/GI start,cheng_composite_ks_0p4_4kyr,Cheng/Rousseau speleothem starts,Cheng/Rousseau,data/raw/rousseau_2023_ks_0p4_4kyr_strong_monsoon_start_times.csv
65.48,20,strong_monsoon_start,Strong monsoon starts,strong_or_gi_start,Strong/GI start,cheng_composite_ks_0p4_4kyr,Cheng/Rousseau speleothem starts,Cheng/Rousseau,data/raw/rousseau_2023_ks_0p4_4kyr_strong_monsoon_start_times.csv
69.18,21,strong_monsoon_start,Strong monsoon starts,strong_or_gi_start,Strong/GI start,cheng_composite_ks_0p4_4kyr,Cheng/Rousseau speleothem starts,Cheng/Rousseau,data/raw/rousseau_2023_ks_0p4_4kyr_strong_monsoon_start_times.csv
72.285,22,strong_monsoon_start,Strong monsoon starts,strong_or_gi_start,Strong/GI start,cheng_composite_ks_0p4_4kyr,Cheng/Rousseau speleothem starts,Cheng/Rousseau,data/raw/rousseau_2023_ks_0p4_4kyr_strong_monsoon_start_times.csv
75.28,23,strong_monsoon_start,Strong monsoon starts,strong_or_gi_start,Strong/GI start,cheng_composite_ks_0p4_4kyr,Cheng/Rousseau speleothem starts,Cheng/Rousseau,data/raw/rousseau_2023_ks_0p4_4kyr_strong_monsoon_start_times.csv
76.245,24,strong_monsoon_start,Strong monsoon starts,strong_or_gi_start,Strong/GI start,cheng_composite_ks_0p4_4kyr,Cheng/Rousseau speleothem starts,Cheng/Rousseau,data/raw/rousseau_2023_ks_0p4_4kyr_strong_monsoon_start_times.csv
84.13,25,strong_monsoon_start,Strong monsoon starts,strong_or_gi_start,Strong/GI start,cheng_composite_ks_0p4_4kyr,Cheng/Rousseau speleothem starts,Cheng/Rousseau,data/raw/rousseau_2023_ks_0p4_4kyr_strong_monsoon_start_times.csv
85.0,26,strong_monsoon_start,Strong monsoon starts,strong_or_gi_start,Strong/GI start,cheng_composite_ks_0p4_4kyr,Cheng/Rousseau speleothem starts,Cheng/Rousseau,data/raw/rousseau_2023_ks_0p4_4kyr_strong_monsoon_start_times.csv
89.79,27,strong_monsoon_start,Strong monsoon starts,strong_or_gi_start,Strong/GI start,cheng_composite_ks_0p4_4kyr,Cheng/Rousseau speleothem starts,Cheng/Rousseau,data/raw/rousseau_2023_ks_0p4_4kyr_strong_monsoon_start_times.csv
105.15,28,strong_monsoon_start,Strong monsoon starts,strong_or_gi_start,Strong/GI start,cheng_composite_ks_0p4_4kyr,Cheng/Rousseau speleothem starts,Cheng/Rousseau,data/raw/rousseau_2023_ks_0p4_4kyr_strong_monsoon_start_times.csv
108.55,29,strong_monsoon_start,Strong monsoon starts,strong_or_gi_start,Strong/GI start,cheng_composite_ks_0p4_4kyr,Cheng/Rousseau speleothem starts,Cheng/Rousseau,data/raw/rousseau_2023_ks_0p4_4kyr_strong_monsoon_start_times.csv
128.55,30,strong_monsoon_start,Strong monsoon starts,strong_or_gi_start,Strong/GI start,cheng_composite_ks_0p4_4kyr,Cheng/Rousseau speleothem starts,Cheng/Rousseau,data/raw/rousseau_2023_ks_0p4_4kyr_strong_monsoon_start_times.csv
130.45,31,strong_monsoon_start,Strong monsoon starts,strong_or_gi_start,Strong/GI start,cheng_composite_ks_0p4_4kyr,Cheng/Rousseau speleothem starts,Cheng/Rousseau,data/raw/rousseau_2023_ks_0p4_4kyr_strong_monsoon_start_times.csv
147.65,32,strong_monsoon_start,Strong monsoon starts,strong_or_gi_start,Strong/GI start,cheng_composite_ks_0p4_4kyr,Cheng/Rousseau speleothem starts,Cheng/Rousseau,data/raw/rousseau_2023_ks_0p4_4kyr_strong_monsoon_start_times.csv
149.05,33,strong_monsoon_start,Strong monsoon starts,strong_or_gi_start,Strong/GI start,cheng_composite_ks_0p4_4kyr,Cheng/Rousseau speleothem starts,Cheng/Rousseau,data/raw/rousseau_2023_ks_0p4_4kyr_strong_monsoon_start_times.csv
151.75,34,strong_monsoon_start,Strong monsoon starts,strong_or_gi_start,Strong/GI start,cheng_composite_ks_0p4_4kyr,Cheng/Rousseau speleothem starts,Cheng/Rousseau,data/raw/rousseau_2023_ks_0p4_4kyr_strong_monsoon_start_times.csv
157.05,35,strong_monsoon_start,Strong monsoon starts,strong_or_gi_start,Strong/GI start,cheng_composite_ks_0p4_4kyr,Cheng/Rousseau speleothem starts,Cheng/Rousseau,data/raw/rousseau_2023_ks_0p4_4kyr_strong_monsoon_start_times.csv
158.15,36,strong_monsoon_start,Strong monsoon starts,strong_or_gi_start,Strong/GI start,cheng_composite_ks_0p4_4kyr,Cheng/Rousseau speleothem starts,Cheng/Rousseau,data/raw/rousseau_2023_ks_0p4_4kyr_strong_monsoon_start_times.csv
160.5,37,strong_monsoon_start,Strong monsoon starts,strong_or_gi_start,Strong/GI start,cheng_composite_ks_0p4_4kyr,Cheng/Rousseau speleothem starts,Cheng/Rousseau,data/raw/rousseau_2023_ks_0p4_4kyr_strong_monsoon_start_times.csv
163.8,38,strong_monsoon_start,Strong monsoon starts,strong_or_gi_start,Strong/GI start,cheng_composite_ks_0p4_4kyr,Cheng/Rousseau speleothem starts,Cheng/Rousseau,data/raw/rousseau_2023_ks_0p4_4kyr_strong_monsoon_start_times.csv
168.75,39,strong_monsoon_start,Strong monsoon starts,strong_or_gi_start,Strong/GI start,cheng_composite_ks_0p4_4kyr,Cheng/Rousseau speleothem starts,Cheng/Rousseau,data/raw/rousseau_2023_ks_0p4_4kyr_strong_monsoon_start_times.csv
169.55,40,strong_monsoon_start,Strong monsoon starts,strong_or_gi_start,Strong/GI start,cheng_composite_ks_0p4_4kyr,Cheng/Rousseau speleothem starts,Cheng/Rousseau,data/raw/rousseau_2023_ks_0p4_4kyr_strong_monsoon_start_times.csv
173.15,41,strong_monsoon_start,Strong monsoon starts,strong_or_gi_start,Strong/GI start,cheng_composite_ks_0p4_4kyr,Cheng/Rousseau speleothem starts,Cheng/Rousseau,data/raw/rousseau_2023_ks_0p4_4kyr_strong_monsoon_start_times.csv
176.25,42,strong_monsoon_start,Strong monsoon starts,strong_or_gi_start,Strong/GI start,cheng_composite_ks_0p4_4kyr,Cheng/Rousseau speleothem starts,Cheng/Rousseau,data/raw/rousseau_2023_ks_0p4_4kyr_strong_monsoon_start_times.csv
177.95,43,strong_monsoon_start,Strong monsoon starts,strong_or_gi_start,Strong/GI start,cheng_composite_ks_0p4_4kyr,Cheng/Rousseau speleothem starts,Cheng/Rousseau,data/raw/rousseau_2023_ks_0p4_4kyr_strong_monsoon_start_times.csv
182.55,44,strong_monsoon_start,Strong monsoon starts,strong_or_gi_start,Strong/GI start,cheng_composite_ks_0p4_4kyr,Cheng/Rousseau speleothem starts,Cheng/Rousseau,data/raw/rousseau_2023_ks_0p4_4kyr_strong_monsoon_start_times.csv
190.65,45,strong_monsoon_start,Strong monsoon starts,strong_or_gi_start,Strong/GI start,cheng_composite_ks_0p4_4kyr,Cheng/Rousseau speleothem starts,Cheng/Rousseau,data/raw/rousseau_2023_ks_0p4_4kyr_strong_monsoon_start_times.csv
192.75,46,strong_monsoon_start,Strong monsoon starts,strong_or_gi_start,Strong/GI start,cheng_composite_ks_0p4_4kyr,Cheng/Rousseau speleothem starts,Cheng/Rousseau,data/raw/rousseau_2023_ks_0p4_4kyr_strong_monsoon_start_times.csv
198.95,47,strong_monsoon_start,Strong monsoon starts,strong_or_gi_start,Strong/GI start,cheng_composite_ks_0p4_4kyr,Cheng/Rousseau speleothem starts,Cheng/Rousseau,data/raw/rousseau_2023_ks_0p4_4kyr_strong_monsoon_start_times.csv
219.05,48,strong_monsoon_start,Strong monsoon starts,strong_or_gi_start,Strong/GI start,cheng_composite_ks_0p4_4kyr,Cheng/Rousseau speleothem starts,Cheng/Rousseau,data/raw/rousseau_2023_ks_0p4_4kyr_strong_monsoon_start_times.csv
225.2,49,strong_monsoon_start,Strong monsoon starts,strong_or_gi_start,Strong/GI start,cheng_composite_ks_0p4_4kyr,Cheng/Rousseau speleothem starts,Cheng/Rousseau,data/raw/rousseau_2023_ks_0p4_4kyr_strong_monsoon_start_times.csv
230.75,50,strong_monsoon_start,Strong monsoon starts,strong_or_gi_start,Strong/GI start,cheng_composite_ks_0p4_4kyr,Cheng/Rousseau speleothem starts,Cheng/Rousseau,data/raw/rousseau_2023_ks_0p4_4kyr_strong_monsoon_start_times.csv
241.65,51,strong_monsoon_start,Strong monsoon starts,strong_or_gi_start,Strong/GI start,cheng_composite_ks_0p4_4kyr,Cheng/Rousseau speleothem starts,Cheng/Rousseau,data/raw/rousseau_2023_ks_0p4_4kyr_strong_monsoon_start_times.csv
248.25,52,strong_monsoon_start,Strong monsoon starts,strong_or_gi_start,Strong/GI start,cheng_composite_ks_0p4_4kyr,Cheng/Rousseau speleothem starts,Cheng/Rousseau,data/raw/rousseau_2023_ks_0p4_4kyr_strong_monsoon_start_times.csv
251.15,53,strong_monsoon_start,Strong monsoon starts,strong_or_gi_start,Strong/GI start,cheng_composite_ks_0p4_4kyr,Cheng/Rousseau speleothem starts,Cheng/Rousseau,data/raw/rousseau_2023_ks_0p4_4kyr_strong_monsoon_start_times.csv
258.75,54,strong_monsoon_start,Strong monsoon starts,strong_or_gi_start,Strong/GI start,cheng_composite_ks_0p4_4kyr,Cheng/Rousseau speleothem starts,Cheng/Rousseau,data/raw/rousseau_2023_ks_0p4_4kyr_strong_monsoon_start_times.csv
264.0,55,strong_monsoon_start,Strong monsoon starts,strong_or_gi_start,Strong/GI start,cheng_composite_ks_0p4_4kyr,Cheng/Rousseau speleothem starts,Cheng/Rousseau,data/raw/rousseau_2023_ks_0p4_4kyr_strong_monsoon_start_times.csv
272.85,56,strong_monsoon_start,Strong monsoon starts,strong_or_gi_start,Strong/GI start,cheng_composite_ks_0p4_4kyr,Cheng/Rousseau speleothem starts,Cheng/Rousseau,data/raw/rousseau_2023_ks_0p4_4kyr_strong_monsoon_start_times.csv
293.9,57,strong_monsoon_start,Strong monsoon starts,strong_or_gi_start,Strong/GI start,cheng_composite_ks_0p4_4kyr,Cheng/Rousseau speleothem starts,Cheng/Rousseau,data/raw/rousseau_2023_ks_0p4_4kyr_strong_monsoon_start_times.csv
315.45,58,strong_monsoon_start,Strong monsoon starts,strong_or_gi_start,Strong/GI start,cheng_composite_ks_0p4_4kyr,Cheng/Rousseau speleothem starts,Cheng/Rousseau,data/raw/rousseau_2023_ks_0p4_4kyr_strong_monsoon_start_times.csv
316.35,59,strong_monsoon_start,Strong monsoon starts,strong_or_gi_start,Strong/GI start,cheng_composite_ks_0p4_4kyr,Cheng/Rousseau speleothem starts,Cheng/Rousseau,data/raw/rousseau_2023_ks_0p4_4kyr_strong_monsoon_start_times.csv
332.45,60,strong_monsoon_start,Strong monsoon starts,strong_or_gi_start,Strong/GI start,cheng_composite_ks_0p4_4kyr,Cheng/Rousseau speleothem starts,Cheng/Rousseau,data/raw/rousseau_2023_ks_0p4_4kyr_strong_monsoon_start_times.csv
334.05,61,strong_monsoon_start,Strong monsoon starts,strong_or_gi_start,Strong/GI start,cheng_composite_ks_0p4_4kyr,Cheng/Rousseau speleothem starts,Cheng/Rousseau,data/raw/rousseau_2023_ks_0p4_4kyr_strong_monsoon_start_times.csv
337.35,62,strong_monsoon_start,Strong monsoon starts,strong_or_gi_start,Strong/GI start,cheng_composite_ks_0p4_4kyr,Cheng/Rousseau speleothem starts,Cheng/Rousseau,data/raw/rousseau_2023_ks_0p4_4kyr_strong_monsoon_start_times.csv
351.45,63,strong_monsoon_start,Strong monsoon starts,strong_or_gi_start,Strong/GI start,cheng_composite_ks_0p4_4kyr,Cheng/Rousseau speleothem starts,Cheng/Rousseau,data/raw/rousseau_2023_ks_0p4_4kyr_strong_monsoon_start_times.csv
365.65,64,strong_monsoon_start,Strong monsoon starts,strong_or_gi_start,Strong/GI start,cheng_composite_ks_0p4_4kyr,Cheng/Rousseau speleothem starts,Cheng/Rousseau,data/raw/rousseau_2023_ks_0p4_4kyr_strong_monsoon_start_times.csv
368.1,65,strong_monsoon_start,Strong monsoon starts,strong_or_gi_start,Strong/GI start,cheng_composite_ks_0p4_4kyr,Cheng/Rousseau speleothem starts,Cheng/Rousseau,data/raw/rousseau_2023_ks_0p4_4kyr_strong_monsoon_start_times.csv
370.75,66,strong_monsoon_start,Strong monsoon starts,strong_or_gi_start,Strong/GI start,cheng_composite_ks_0p4_4kyr,Cheng/Rousseau speleothem starts,Cheng/Rousseau,data/raw/rousseau_2023_ks_0p4_4kyr_strong_monsoon_start_times.csv
375.95,67,strong_monsoon_start,Strong monsoon starts,strong_or_gi_start,Strong/GI start,cheng_composite_ks_0p4_4kyr,Cheng/Rousseau speleothem starts,Cheng/Rousseau,data/raw/rousseau_2023_ks_0p4_4kyr_strong_monsoon_start_times.csv
377.45,68,strong_monsoon_start,Strong monsoon starts,strong_or_gi_start,Strong/GI start,cheng_composite_ks_0p4_4kyr,Cheng/Rousseau speleothem starts,Cheng/Rousseau,data/raw/rousseau_2023_ks_0p4_4kyr_strong_monsoon_start_times.csv
390.8,69,strong_monsoon_start,Strong monsoon starts,strong_or_gi_start,Strong/GI start,cheng_composite_ks_0p4_4kyr,Cheng/Rousseau speleothem starts,Cheng/Rousseau,data/raw/rousseau_2023_ks_0p4_4kyr_strong_monsoon_start_times.csv
393.6,70,strong_monsoon_start,Strong monsoon starts,strong_or_gi_start,Strong/GI start,cheng_composite_ks_0p4_4kyr,Cheng/Rousseau speleothem starts,Cheng/Rousseau,data/raw/rousseau_2023_ks_0p4_4kyr_strong_monsoon_start_times.csv
412.25,71,strong_monsoon_start,Strong monsoon starts,strong_or_gi_start,Strong/GI start,cheng_composite_ks_0p4_4kyr,Cheng/Rousseau speleothem starts,Cheng/Rousseau,data/raw/rousseau_2023_ks_0p4_4kyr_strong_monsoon_start_times.csv
426.05,72,strong_monsoon_start,Strong monsoon starts,strong_or_gi_start,Strong/GI start,cheng_composite_ks_0p4_4kyr,Cheng/Rousseau speleothem starts,Cheng/Rousseau,data/raw/rousseau_2023_ks_0p4_4kyr_strong_monsoon_start_times.csv
447.4,73,strong_monsoon_start,Strong monsoon starts,strong_or_gi_start,Strong/GI start,cheng_composite_ks_0p4_4kyr,Cheng/Rousseau speleothem starts,Cheng/Rousseau,data/raw/rousseau_2023_ks_0p4_4kyr_strong_monsoon_start_times.csv
449.45,74,strong_monsoon_start,Strong monsoon starts,strong_or_gi_start,Strong/GI start,cheng_composite_ks_0p4_4kyr,Cheng/Rousseau speleothem starts,Cheng/Rousseau,data/raw/rousseau_2023_ks_0p4_4kyr_strong_monsoon_start_times.csv
458.9,75,strong_monsoon_start,Strong monsoon starts,strong_or_gi_start,Strong/GI start,cheng_composite_ks_0p4_4kyr,Cheng/Rousseau speleothem starts,Cheng/Rousseau,data/raw/rousseau_2023_ks_0p4_4kyr_strong_monsoon_start_times.csv
463.15,76,strong_monsoon_start,Strong monsoon starts,strong_or_gi_start,Strong/GI start,cheng_composite_ks_0p4_4kyr,Cheng/Rousseau speleothem starts,Cheng/Rousseau,data/raw/rousseau_2023_ks_0p4_4kyr_strong_monsoon_start_times.csv
465.95,77,strong_monsoon_start,Strong monsoon starts,strong_or_gi_start,Strong/GI start,cheng_composite_ks_0p4_4kyr,Cheng/Rousseau speleothem starts,Cheng/Rousseau,data/raw/rousseau_2023_ks_0p4_4kyr_strong_monsoon_start_times.csv
472.75,78,strong_monsoon_start,Strong monsoon starts,strong_or_gi_start,Strong/GI start,cheng_composite_ks_0p4_4kyr,Cheng/Rousseau speleothem starts,Cheng/Rousseau,data/raw/rousseau_2023_ks_0p4_4kyr_strong_monsoon_start_times.csv
483.65,79,strong_monsoon_start,Strong monsoon starts,strong_or_gi_start,Strong/GI start,cheng_composite_ks_0p4_4kyr,Cheng/Rousseau speleothem starts,Cheng/Rousseau,data/raw/rousseau_2023_ks_0p4_4kyr_strong_monsoon_start_times.csv
504.15,80,strong_monsoon_start,Strong monsoon starts,strong_or_gi_start,Strong/GI start,cheng_composite_ks_0p4_4kyr,Cheng/Rousseau speleothem starts,Cheng/Rousseau,data/raw/rousseau_2023_ks_0p4_4kyr_strong_monsoon_start_times.csv
531.75,81,strong_monsoon_start,Strong monsoon starts,strong_or_gi_start,Strong/GI start,cheng_composite_ks_0p4_4kyr,Cheng/Rousseau speleothem starts,Cheng/Rousseau,data/raw/rousseau_2023_ks_0p4_4kyr_strong_monsoon_start_times.csv
548.25,82,strong_monsoon_start,Strong monsoon starts,strong_or_gi_start,Strong/GI start,cheng_composite_ks_0p4_4kyr,Cheng/Rousseau speleothem starts,Cheng/Rousseau,data/raw/rousseau_2023_ks_0p4_4kyr_strong_monsoon_start_times.csv
553.55,83,strong_monsoon_start,Strong monsoon starts,strong_or_gi_start,Strong/GI start,cheng_composite_ks_0p4_4kyr,Cheng/Rousseau speleothem starts,Cheng/Rousseau,data/raw/rousseau_2023_ks_0p4_4kyr_strong_monsoon_start_times.csv
555.65,84,strong_monsoon_start,Strong monsoon starts,strong_or_gi_start,Strong/GI start,cheng_composite_ks_0p4_4kyr,Cheng/Rousseau speleothem starts,Cheng/Rousseau,data/raw/rousseau_2023_ks_0p4_4kyr_strong_monsoon_start_times.csv
559.15,85,strong_monsoon_start,Strong monsoon starts,strong_or_gi_start,Strong/GI start,cheng_composite_ks_0p4_4kyr,Cheng/Rousseau speleothem starts,Cheng/Rousseau,data/raw/rousseau_2023_ks_0p4_4kyr_strong_monsoon_start_times.csv
561.25,86,strong_monsoon_start,Strong monsoon starts,strong_or_gi_start,Strong/GI start,cheng_composite_ks_0p4_4kyr,Cheng/Rousseau speleothem starts,Cheng/Rousseau,data/raw/rousseau_2023_ks_0p4_4kyr_strong_monsoon_start_times.csv
562.25,87,strong_monsoon_start,Strong monsoon starts,strong_or_gi_start,Strong/GI start,cheng_composite_ks_0p4_4kyr,Cheng/Rousseau speleothem starts,Cheng/Rousseau,data/raw/rousseau_2023_ks_0p4_4kyr_strong_monsoon_start_times.csv
580.3,88,strong_monsoon_start,Strong monsoon starts,strong_or_gi_start,Strong/GI start,cheng_composite_ks_0p4_4kyr,Cheng/Rousseau speleothem starts,Cheng/Rousseau,data/raw/rousseau_2023_ks_0p4_4kyr_strong_monsoon_start_times.csv
582.95,89,strong_monsoon_start,Strong monsoon starts,strong_or_gi_start,Strong/GI start,cheng_composite_ks_0p4_4kyr,Cheng/Rousseau speleothem starts,Cheng/Rousseau,data/raw/rousseau_2023_ks_0p4_4kyr_strong_monsoon_start_times.csv
593.9,90,strong_monsoon_start,Strong monsoon starts,strong_or_gi_start,Strong/GI start,cheng_composite_ks_0p4_4kyr,Cheng/Rousseau speleothem starts,Cheng/Rousseau,data/raw/rousseau_2023_ks_0p4_4kyr_strong_monsoon_start_times.csv
604.0,91,strong_monsoon_start,Strong monsoon starts,strong_or_gi_start,Strong/GI start,cheng_composite_ks_0p4_4kyr,Cheng/Rousseau speleothem starts,Cheng/Rousseau,data/raw/rousseau_2023_ks_0p4_4kyr_strong_monsoon_start_times.csv
625.65,92,strong_monsoon_start,Strong monsoon starts,strong_or_gi_start,Strong/GI start,cheng_composite_ks_0p4_4kyr,Cheng/Rousseau speleothem starts,Cheng/Rousseau,data/raw/rousseau_2023_ks_0p4_4kyr_strong_monsoon_start_times.csv
627.55,93,strong_monsoon_start,Strong monsoon starts,strong_or_gi_start,Strong/GI start,cheng_composite_ks_0p4_4kyr,Cheng/Rousseau speleothem starts,Cheng/Rousseau,data/raw/rousseau_2023_ks_0p4_4kyr_strong_monsoon_start_times.csv
630.1,94,strong_monsoon_start,Strong monsoon starts,strong_or_gi_start,Strong/GI start,cheng_composite_ks_0p4_4kyr,Cheng/Rousseau speleothem starts,Cheng/Rousseau,data/raw/rousseau_2023_ks_0p4_4kyr_strong_monsoon_start_times.csv
633.3,95,strong_monsoon_start,Strong monsoon starts,strong_or_gi_start,Strong/GI start,cheng_composite_ks_0p4_4kyr,Cheng/Rousseau speleothem starts,Cheng/Rousseau,data/raw/rousseau_2023_ks_0p4_4kyr_strong_monsoon_start_times.csv
638.1,96,strong_monsoon_start,Strong monsoon starts,strong_or_gi_start,Strong/GI start,cheng_composite_ks_0p4_4kyr,Cheng/Rousseau speleothem starts,Cheng/Rousseau,data/raw/rousseau_2023_ks_0p4_4kyr_strong_monsoon_start_times.csv
3.5,1,weak_monsoon_start,Weak monsoon starts,weak_or_gs_start,Weak/GS start,cheng_composite_ks_0p4_4kyr,Cheng/Rousseau speleothem starts,Cheng/Rousseau,data/raw/rousseau_2023_ks_0p4_4kyr_weak_monsoon_start_times.csv
12.779,2,weak_monsoon_start,Weak monsoon starts,weak_or_gs_start,Weak/GS start,cheng_composite_ks_0p4_4kyr,Cheng/Rousseau speleothem starts,Cheng/Rousseau,data/raw/rousseau_2023_ks_0p4_4kyr_weak_monsoon_start_times.csv
17.835,3,weak_monsoon_start,Weak monsoon starts,weak_or_gs_start,Weak/GS start,cheng_composite_ks_0p4_4kyr,Cheng/Rousseau speleothem starts,Cheng/Rousseau,data/raw/rousseau_2023_ks_0p4_4kyr_weak_monsoon_start_times.csv
24.59,4,weak_monsoon_start,Weak monsoon starts,weak_or_gs_start,Weak/GS start,cheng_composite_ks_0p4_4kyr,Cheng/Rousseau speleothem starts,Cheng/Rousseau,data/raw/rousseau_2023_ks_0p4_4kyr_weak_monsoon_start_times.csv
26.65,5,weak_monsoon_start,Weak monsoon starts,weak_or_gs_start,Weak/GS start,cheng_composite_ks_0p4_4kyr,Cheng/Rousseau speleothem starts,Cheng/Rousseau,data/raw/rousseau_2023_ks_0p4_4kyr_weak_monsoon_start_times.csv
27.555,6,weak_monsoon_start,Weak monsoon starts,weak_or_gs_start,Weak/GS start,cheng_composite_ks_0p4_4kyr,Cheng/Rousseau speleothem starts,Cheng/Rousseau,data/raw/rousseau_2023_ks_0p4_4kyr_weak_monsoon_start_times.csv
28.715,7,weak_monsoon_start,Weak monsoon starts,weak_or_gs_start,Weak/GS start,cheng_composite_ks_0p4_4kyr,Cheng/Rousseau speleothem starts,Cheng/Rousseau,data/raw/rousseau_2023_ks_0p4_4kyr_weak_monsoon_start_times.csv
30.42,8,weak_monsoon_start,Weak monsoon starts,weak_or_gs_start,Weak/GS start,cheng_composite_ks_0p4_4kyr,Cheng/Rousseau speleothem starts,Cheng/Rousseau,data/raw/rousseau_2023_ks_0p4_4kyr_weak_monsoon_start_times.csv
31.975,9,weak_monsoon_start,Weak monsoon starts,weak_or_gs_start,Weak/GS start,cheng_composite_ks_0p4_4kyr,Cheng/Rousseau speleothem starts,Cheng/Rousseau,data/raw/rousseau_2023_ks_0p4_4kyr_weak_monsoon_start_times.csv
33.42,10,weak_monsoon_start,Weak monsoon starts,weak_or_gs_start,Weak/GS start,cheng_composite_ks_0p4_4kyr,Cheng/Rousseau speleothem starts,Cheng/Rousseau,data/raw/rousseau_2023_ks_0p4_4kyr_weak_monsoon_start_times.csv
34.75,11,weak_monsoon_start,Weak monsoon starts,weak_or_gs_start,Weak/GS start,cheng_composite_ks_0p4_4kyr,Cheng/Rousseau speleothem starts,Cheng/Rousseau,data/raw/rousseau_2023_ks_0p4_4kyr_weak_monsoon_start_times.csv
36.75,12,weak_monsoon_start,Weak monsoon starts,weak_or_gs_start,Weak/GS start,cheng_composite_ks_0p4_4kyr,Cheng/Rousseau speleothem starts,Cheng/Rousseau,data/raw/rousseau_2023_ks_0p4_4kyr_weak_monsoon_start_times.csv
39.955,13,weak_monsoon_start,Weak monsoon starts,weak_or_gs_start,Weak/GS start,cheng_composite_ks_0p4_4kyr,Cheng/Rousseau speleothem starts,Cheng/Rousseau,data/raw/rousseau_2023_ks_0p4_4kyr_weak_monsoon_start_times.csv
42.475,14,weak_monsoon_start,Weak monsoon starts,weak_or_gs_start,Weak/GS start,cheng_composite_ks_0p4_4kyr,Cheng/Rousseau speleothem starts,Cheng/Rousseau,data/raw/rousseau_2023_ks_0p4_4kyr_weak_monsoon_start_times.csv
44.485,15,weak_monsoon_start,Weak monsoon starts,weak_or_gs_start,Weak/GS start,cheng_composite_ks_0p4_4kyr,Cheng/Rousseau speleothem starts,Cheng/Rousseau,data/raw/rousseau_2023_ks_0p4_4kyr_weak_monsoon_start_times.csv
45.73,16,weak_monsoon_start,Weak monsoon starts,weak_or_gs_start,Weak/GS start,cheng_composite_ks_0p4_4kyr,Cheng/Rousseau speleothem starts,Cheng/Rousseau,data/raw/rousseau_2023_ks_0p4_4kyr_weak_monsoon_start_times.csv
48.47,17,weak_monsoon_start,Weak monsoon starts,weak_or_gs_start,Weak/GS start,cheng_composite_ks_0p4_4kyr,Cheng/Rousseau speleothem starts,Cheng/Rousseau,data/raw/rousseau_2023_ks_0p4_4kyr_weak_monsoon_start_times.csv
48.92,18,weak_monsoon_start,Weak monsoon starts,weak_or_gs_start,Weak/GS start,cheng_composite_ks_0p4_4kyr,Cheng/Rousseau speleothem starts,Cheng/Rousseau,data/raw/rousseau_2023_ks_0p4_4kyr_weak_monsoon_start_times.csv
55.23,19,weak_monsoon_start,Weak monsoon starts,weak_or_gs_start,Weak/GS start,cheng_composite_ks_0p4_4kyr,Cheng/Rousseau speleothem starts,Cheng/Rousseau,data/raw/rousseau_2023_ks_0p4_4kyr_weak_monsoon_start_times.csv
56.32,20,weak_monsoon_start,Weak monsoon starts,weak_or_gs_start,Weak/GS start,cheng_composite_ks_0p4_4kyr,Cheng/Rousseau speleothem starts,Cheng/Rousseau,data/raw/rousseau_2023_ks_0p4_4kyr_weak_monsoon_start_times.csv
68.655,21,weak_monsoon_start,Weak monsoon starts,weak_or_gs_start,Weak/GS start,cheng_composite_ks_0p4_4kyr,Cheng/Rousseau speleothem starts,Cheng/Rousseau,data/raw/rousseau_2023_ks_0p4_4kyr_weak_monsoon_start_times.csv
69.575,22,weak_monsoon_start,Weak monsoon starts,weak_or_gs_start,Weak/GS start,cheng_composite_ks_0p4_4kyr,Cheng/Rousseau speleothem starts,Cheng/Rousseau,data/raw/rousseau_2023_ks_0p4_4kyr_weak_monsoon_start_times.csv
70.155,23,weak_monsoon_start,Weak monsoon starts,weak_or_gs_start,Weak/GS start,cheng_composite_ks_0p4_4kyr,Cheng/Rousseau speleothem starts,Cheng/Rousseau,data/raw/rousseau_2023_ks_0p4_4kyr_weak_monsoon_start_times.csv
73.4,24,weak_monsoon_start,Weak monsoon starts,weak_or_gs_start,Weak/GS start,cheng_composite_ks_0p4_4kyr,Cheng/Rousseau speleothem starts,Cheng/Rousseau,data/raw/rousseau_2023_ks_0p4_4kyr_weak_monsoon_start_times.csv
77.51,25,weak_monsoon_start,Weak monsoon starts,weak_or_gs_start,Weak/GS start,cheng_composite_ks_0p4_4kyr,Cheng/Rousseau speleothem starts,Cheng/Rousseau,data/raw/rousseau_2023_ks_0p4_4kyr_weak_monsoon_start_times.csv
88.425,26,weak_monsoon_start,Weak monsoon starts,weak_or_gs_start,Weak/GS start,cheng_composite_ks_0p4_4kyr,Cheng/Rousseau speleothem starts,Cheng/Rousseau,data/raw/rousseau_2023_ks_0p4_4kyr_weak_monsoon_start_times.csv
98.65,27,weak_monsoon_start,Weak monsoon starts,weak_or_gs_start,Weak/GS start,cheng_composite_ks_0p4_4kyr,Cheng/Rousseau speleothem starts,Cheng/Rousseau,data/raw/rousseau_2023_ks_0p4_4kyr_weak_monsoon_start_times.csv
100.35,28,weak_monsoon_start,Weak monsoon starts,weak_or_gs_start,Weak/GS start,cheng_composite_ks_0p4_4kyr,Cheng/Rousseau speleothem starts,Cheng/Rousseau,data/raw/rousseau_2023_ks_0p4_4kyr_weak_monsoon_start_times.csv
105.75,29,weak_monsoon_start,Weak monsoon starts,weak_or_gs_start,Weak/GS start,cheng_composite_ks_0p4_4kyr,Cheng/Rousseau speleothem starts,Cheng/Rousseau,data/raw/rousseau_2023_ks_0p4_4kyr_weak_monsoon_start_times.csv
106.35,30,weak_monsoon_start,Weak monsoon starts,weak_or_gs_start,Weak/GS start,cheng_composite_ks_0p4_4kyr,Cheng/Rousseau speleothem starts,Cheng/Rousseau,data/raw/rousseau_2023_ks_0p4_4kyr_weak_monsoon_start_times.csv
117.45,31,weak_monsoon_start,Weak monsoon starts,weak_or_gs_start,Weak/GS start,cheng_composite_ks_0p4_4kyr,Cheng/Rousseau speleothem starts,Cheng/Rousseau,data/raw/rousseau_2023_ks_0p4_4kyr_weak_monsoon_start_times.csv
120.55,32,weak_monsoon_start,Weak monsoon starts,weak_or_gs_start,Weak/GS start,cheng_composite_ks_0p4_4kyr,Cheng/Rousseau speleothem starts,Cheng/Rousseau,data/raw/rousseau_2023_ks_0p4_4kyr_weak_monsoon_start_times.csv
133.25,33,weak_monsoon_start,Weak monsoon starts,weak_or_gs_start,Weak/GS start,cheng_composite_ks_0p4_4kyr,Cheng/Rousseau speleothem starts,Cheng/Rousseau,data/raw/rousseau_2023_ks_0p4_4kyr_weak_monsoon_start_times.csv
135.55,34,weak_monsoon_start,Weak monsoon starts,weak_or_gs_start,Weak/GS start,cheng_composite_ks_0p4_4kyr,Cheng/Rousseau speleothem starts,Cheng/Rousseau,data/raw/rousseau_2023_ks_0p4_4kyr_weak_monsoon_start_times.csv
139.35,35,weak_monsoon_start,Weak monsoon starts,weak_or_gs_start,Weak/GS start,cheng_composite_ks_0p4_4kyr,Cheng/Rousseau speleothem starts,Cheng/Rousseau,data/raw/rousseau_2023_ks_0p4_4kyr_weak_monsoon_start_times.csv
142.55,36,weak_monsoon_start,Weak monsoon starts,weak_or_gs_start,Weak/GS start,cheng_composite_ks_0p4_4kyr,Cheng/Rousseau speleothem starts,Cheng/Rousseau,data/raw/rousseau_2023_ks_0p4_4kyr_weak_monsoon_start_times.csv
143.85,37,weak_monsoon_start,Weak monsoon starts,weak_or_gs_start,Weak/GS start,cheng_composite_ks_0p4_4kyr,Cheng/Rousseau speleothem starts,Cheng/Rousseau,data/raw/rousseau_2023_ks_0p4_4kyr_weak_monsoon_start_times.csv
147.05,38,weak_monsoon_start,Weak monsoon starts,weak_or_gs_start,Weak/GS start,cheng_composite_ks_0p4_4kyr,Cheng/Rousseau speleothem starts,Cheng/Rousseau,data/raw/rousseau_2023_ks_0p4_4kyr_weak_monsoon_start_times.csv
151.05,39,weak_monsoon_start,Weak monsoon starts,weak_or_gs_start,Weak/GS start,cheng_composite_ks_0p4_4kyr,Cheng/Rousseau speleothem starts,Cheng/Rousseau,data/raw/rousseau_2023_ks_0p4_4kyr_weak_monsoon_start_times.csv
158.95,40,weak_monsoon_start,Weak monsoon starts,weak_or_gs_start,Weak/GS start,cheng_composite_ks_0p4_4kyr,Cheng/Rousseau speleothem starts,Cheng/Rousseau,data/raw/rousseau_2023_ks_0p4_4kyr_weak_monsoon_start_times.csv
162.0,41,weak_monsoon_start,Weak monsoon starts,weak_or_gs_start,Weak/GS start,cheng_composite_ks_0p4_4kyr,Cheng/Rousseau speleothem starts,Cheng/Rousseau,data/raw/rousseau_2023_ks_0p4_4kyr_weak_monsoon_start_times.csv
165.15,42,weak_monsoon_start,Weak monsoon starts,weak_or_gs_start,Weak/GS start,cheng_composite_ks_0p4_4kyr,Cheng/Rousseau speleothem starts,Cheng/Rousseau,data/raw/rousseau_2023_ks_0p4_4kyr_weak_monsoon_start_times.csv
166.8,43,weak_monsoon_start,Weak monsoon starts,weak_or_gs_start,Weak/GS start,cheng_composite_ks_0p4_4kyr,Cheng/Rousseau speleothem starts,Cheng/Rousseau,data/raw/rousseau_2023_ks_0p4_4kyr_weak_monsoon_start_times.csv
170.25,44,weak_monsoon_start,Weak monsoon starts,weak_or_gs_start,Weak/GS start,cheng_composite_ks_0p4_4kyr,Cheng/Rousseau speleothem starts,Cheng/Rousseau,data/raw/rousseau_2023_ks_0p4_4kyr_weak_monsoon_start_times.csv
171.05,45,weak_monsoon_start,Weak monsoon starts,weak_or_gs_start,Weak/GS start,cheng_composite_ks_0p4_4kyr,Cheng/Rousseau speleothem starts,Cheng/Rousseau,data/raw/rousseau_2023_ks_0p4_4kyr_weak_monsoon_start_times.csv
174.85,46,weak_monsoon_start,Weak monsoon starts,weak_or_gs_start,Weak/GS start,cheng_composite_ks_0p4_4kyr,Cheng/Rousseau speleothem starts,Cheng/Rousseau,data/raw/rousseau_2023_ks_0p4_4kyr_weak_monsoon_start_times.csv
179.65,47,weak_monsoon_start,Weak monsoon starts,weak_or_gs_start,Weak/GS start,cheng_composite_ks_0p4_4kyr,Cheng/Rousseau speleothem starts,Cheng/Rousseau,data/raw/rousseau_2023_ks_0p4_4kyr_weak_monsoon_start_times.csv
187.75,48,weak_monsoon_start,Weak monsoon starts,weak_or_gs_start,Weak/GS start,cheng_composite_ks_0p4_4kyr,Cheng/Rousseau speleothem starts,Cheng/Rousseau,data/raw/rousseau_2023_ks_0p4_4kyr_weak_monsoon_start_times.csv
191.75,49,weak_monsoon_start,Weak monsoon starts,weak_or_gs_start,Weak/GS start,cheng_composite_ks_0p4_4kyr,Cheng/Rousseau speleothem starts,Cheng/Rousseau,data/raw/rousseau_2023_ks_0p4_4kyr_weak_monsoon_start_times.csv
193.25,50,weak_monsoon_start,Weak monsoon starts,weak_or_gs_start,Weak/GS start,cheng_composite_ks_0p4_4kyr,Cheng/Rousseau speleothem starts,Cheng/Rousseau,data/raw/rousseau_2023_ks_0p4_4kyr_weak_monsoon_start_times.csv
201.15,51,weak_monsoon_start,Weak monsoon starts,weak_or_gs_start,Weak/GS start,cheng_composite_ks_0p4_4kyr,Cheng/Rousseau speleothem starts,Cheng/Rousseau,data/raw/rousseau_2023_ks_0p4_4kyr_weak_monsoon_start_times.csv
209.25,52,weak_monsoon_start,Weak monsoon starts,weak_or_gs_start,Weak/GS start,cheng_composite_ks_0p4_4kyr,Cheng/Rousseau speleothem starts,Cheng/Rousseau,data/raw/rousseau_2023_ks_0p4_4kyr_weak_monsoon_start_times.csv
221.05,53,weak_monsoon_start,Weak monsoon starts,weak_or_gs_start,Weak/GS start,cheng_composite_ks_0p4_4kyr,Cheng/Rousseau speleothem starts,Cheng/Rousseau,data/raw/rousseau_2023_ks_0p4_4kyr_weak_monsoon_start_times.csv
228.65,54,weak_monsoon_start,Weak monsoon starts,weak_or_gs_start,Weak/GS start,cheng_composite_ks_0p4_4kyr,Cheng/Rousseau speleothem starts,Cheng/Rousseau,data/raw/rousseau_2023_ks_0p4_4kyr_weak_monsoon_start_times.csv
232.65,55,weak_monsoon_start,Weak monsoon starts,weak_or_gs_start,Weak/GS start,cheng_composite_ks_0p4_4kyr,Cheng/Rousseau speleothem starts,Cheng/Rousseau,data/raw/rousseau_2023_ks_0p4_4kyr_weak_monsoon_start_times.csv
234.15,56,weak_monsoon_start,Weak monsoon starts,weak_or_gs_start,Weak/GS start,cheng_composite_ks_0p4_4kyr,Cheng/Rousseau speleothem starts,Cheng/Rousseau,data/raw/rousseau_2023_ks_0p4_4kyr_weak_monsoon_start_times.csv
246.75,57,weak_monsoon_start,Weak monsoon starts,weak_or_gs_start,Weak/GS start,cheng_composite_ks_0p4_4kyr,Cheng/Rousseau speleothem starts,Cheng/Rousseau,data/raw/rousseau_2023_ks_0p4_4kyr_weak_monsoon_start_times.csv
250.05,58,weak_monsoon_start,Weak monsoon starts,weak_or_gs_start,Weak/GS start,cheng_composite_ks_0p4_4kyr,Cheng/Rousseau speleothem starts,Cheng/Rousseau,data/raw/rousseau_2023_ks_0p4_4kyr_weak_monsoon_start_times.csv
252.15,59,weak_monsoon_start,Weak monsoon starts,weak_or_gs_start,Weak/GS start,cheng_composite_ks_0p4_4kyr,Cheng/Rousseau speleothem starts,Cheng/Rousseau,data/raw/rousseau_2023_ks_0p4_4kyr_weak_monsoon_start_times.csv
256.05,60,weak_monsoon_start,Weak monsoon starts,weak_or_gs_start,Weak/GS start,cheng_composite_ks_0p4_4kyr,Cheng/Rousseau speleothem starts,Cheng/Rousseau,data/raw/rousseau_2023_ks_0p4_4kyr_weak_monsoon_start_times.csv
259.65,61,weak_monsoon_start,Weak monsoon starts,weak_or_gs_start,Weak/GS start,cheng_composite_ks_0p4_4kyr,Cheng/Rousseau speleothem starts,Cheng/Rousseau,data/raw/rousseau_2023_ks_0p4_4kyr_weak_monsoon_start_times.csv
276.95,62,weak_monsoon_start,Weak monsoon starts,weak_or_gs_start,Weak/GS start,cheng_composite_ks_0p4_4kyr,Cheng/Rousseau speleothem starts,Cheng/Rousseau,data/raw/rousseau_2023_ks_0p4_4kyr_weak_monsoon_start_times.csv
281.4,63,weak_monsoon_start,Weak monsoon starts,weak_or_gs_start,Weak/GS start,cheng_composite_ks_0p4_4kyr,Cheng/Rousseau speleothem starts,Cheng/Rousseau,data/raw/rousseau_2023_ks_0p4_4kyr_weak_monsoon_start_times.csv
284.7,64,weak_monsoon_start,Weak monsoon starts,weak_or_gs_start,Weak/GS start,cheng_composite_ks_0p4_4kyr,Cheng/Rousseau speleothem starts,Cheng/Rousseau,data/raw/rousseau_2023_ks_0p4_4kyr_weak_monsoon_start_times.csv
307.25,65,weak_monsoon_start,Weak monsoon starts,weak_or_gs_start,Weak/GS start,cheng_composite_ks_0p4_4kyr,Cheng/Rousseau speleothem starts,Cheng/Rousseau,data/raw/rousseau_2023_ks_0p4_4kyr_weak_monsoon_start_times.csv
318.05,66,weak_monsoon_start,Weak monsoon starts,weak_or_gs_start,Weak/GS start,cheng_composite_ks_0p4_4kyr,Cheng/Rousseau speleothem starts,Cheng/Rousseau,data/raw/rousseau_2023_ks_0p4_4kyr_weak_monsoon_start_times.csv
324.15,67,weak_monsoon_start,Weak monsoon starts,weak_or_gs_start,Weak/GS start,cheng_composite_ks_0p4_4kyr,Cheng/Rousseau speleothem starts,Cheng/Rousseau,data/raw/rousseau_2023_ks_0p4_4kyr_weak_monsoon_start_times.csv
341.15,68,weak_monsoon_start,Weak monsoon starts,weak_or_gs_start,Weak/GS start,cheng_composite_ks_0p4_4kyr,Cheng/Rousseau speleothem starts,Cheng/Rousseau,data/raw/rousseau_2023_ks_0p4_4kyr_weak_monsoon_start_times.csv
349.55,69,weak_monsoon_start,Weak monsoon starts,weak_or_gs_start,Weak/GS start,cheng_composite_ks_0p4_4kyr,Cheng/Rousseau speleothem starts,Cheng/Rousseau,data/raw/rousseau_2023_ks_0p4_4kyr_weak_monsoon_start_times.csv
364.35,70,weak_monsoon_start,Weak monsoon starts,weak_or_gs_start,Weak/GS start,cheng_composite_ks_0p4_4kyr,Cheng/Rousseau speleothem starts,Cheng/Rousseau,data/raw/rousseau_2023_ks_0p4_4kyr_weak_monsoon_start_times.csv
367.35,71,weak_monsoon_start,Weak monsoon starts,weak_or_gs_start,Weak/GS start,cheng_composite_ks_0p4_4kyr,Cheng/Rousseau speleothem starts,Cheng/Rousseau,data/raw/rousseau_2023_ks_0p4_4kyr_weak_monsoon_start_times.csv
368.65,72,weak_monsoon_start,Weak monsoon starts,weak_or_gs_start,Weak/GS start,cheng_composite_ks_0p4_4kyr,Cheng/Rousseau speleothem starts,Cheng/Rousseau,data/raw/rousseau_2023_ks_0p4_4kyr_weak_monsoon_start_times.csv
369.55,73,weak_monsoon_start,Weak monsoon starts,weak_or_gs_start,Weak/GS start,cheng_composite_ks_0p4_4kyr,Cheng/Rousseau speleothem starts,Cheng/Rousseau,data/raw/rousseau_2023_ks_0p4_4kyr_weak_monsoon_start_times.csv
371.55,74,weak_monsoon_start,Weak monsoon starts,weak_or_gs_start,Weak/GS start,cheng_composite_ks_0p4_4kyr,Cheng/Rousseau speleothem starts,Cheng/Rousseau,data/raw/rousseau_2023_ks_0p4_4kyr_weak_monsoon_start_times.csv
371.95,75,weak_monsoon_start,Weak monsoon starts,weak_or_gs_start,Weak/GS start,cheng_composite_ks_0p4_4kyr,Cheng/Rousseau speleothem starts,Cheng/Rousseau,data/raw/rousseau_2023_ks_0p4_4kyr_weak_monsoon_start_times.csv
378.65,76,weak_monsoon_start,Weak monsoon starts,weak_or_gs_start,Weak/GS start,cheng_composite_ks_0p4_4kyr,Cheng/Rousseau speleothem starts,Cheng/Rousseau,data/raw/rousseau_2023_ks_0p4_4kyr_weak_monsoon_start_times.csv
398.85,77,weak_monsoon_start,Weak monsoon starts,weak_or_gs_start,Weak/GS start,cheng_composite_ks_0p4_4kyr,Cheng/Rousseau speleothem starts,Cheng/Rousseau,data/raw/rousseau_2023_ks_0p4_4kyr_weak_monsoon_start_times.csv
430.15,78,weak_monsoon_start,Weak monsoon starts,weak_or_gs_start,Weak/GS start,cheng_composite_ks_0p4_4kyr,Cheng/Rousseau speleothem starts,Cheng/Rousseau,data/raw/rousseau_2023_ks_0p4_4kyr_weak_monsoon_start_times.csv
441.85,79,weak_monsoon_start,Weak monsoon starts,weak_or_gs_start,Weak/GS start,cheng_composite_ks_0p4_4kyr,Cheng/Rousseau speleothem starts,Cheng/Rousseau,data/raw/rousseau_2023_ks_0p4_4kyr_weak_monsoon_start_times.csv
453.55,80,weak_monsoon_start,Weak monsoon starts,weak_or_gs_start,Weak/GS start,cheng_composite_ks_0p4_4kyr,Cheng/Rousseau speleothem starts,Cheng/Rousseau,data/raw/rousseau_2023_ks_0p4_4kyr_weak_monsoon_start_times.csv
457.6,81,weak_monsoon_start,Weak monsoon starts,weak_or_gs_start,Weak/GS start,cheng_composite_ks_0p4_4kyr,Cheng/Rousseau speleothem starts,Cheng/Rousseau,data/raw/rousseau_2023_ks_0p4_4kyr_weak_monsoon_start_times.csv
460.15,82,weak_monsoon_start,Weak monsoon starts,weak_or_gs_start,Weak/GS start,cheng_composite_ks_0p4_4kyr,Cheng/Rousseau speleothem starts,Cheng/Rousseau,data/raw/rousseau_2023_ks_0p4_4kyr_weak_monsoon_start_times.csv
467.35,83,weak_monsoon_start,Weak monsoon starts,weak_or_gs_start,Weak/GS start,cheng_composite_ks_0p4_4kyr,Cheng/Rousseau speleothem starts,Cheng/Rousseau,data/raw/rousseau_2023_ks_0p4_4kyr_weak_monsoon_start_times.csv
475.35,84,weak_monsoon_start,Weak monsoon starts,weak_or_gs_start,Weak/GS start,cheng_composite_ks_0p4_4kyr,Cheng/Rousseau speleothem starts,Cheng/Rousseau,data/raw/rousseau_2023_ks_0p4_4kyr_weak_monsoon_start_times.csv
479.05,85,weak_monsoon_start,Weak monsoon starts,weak_or_gs_start,Weak/GS start,cheng_composite_ks_0p4_4kyr,Cheng/Rousseau speleothem starts,Cheng/Rousseau,data/raw/rousseau_2023_ks_0p4_4kyr_weak_monsoon_start_times.csv
500.1,86,weak_monsoon_start,Weak monsoon starts,weak_or_gs_start,Weak/GS start,cheng_composite_ks_0p4_4kyr,Cheng/Rousseau speleothem starts,Cheng/Rousseau,data/raw/rousseau_2023_ks_0p4_4kyr_weak_monsoon_start_times.csv
513.95,87,weak_monsoon_start,Weak monsoon starts,weak_or_gs_start,Weak/GS start,cheng_composite_ks_0p4_4kyr,Cheng/Rousseau speleothem starts,Cheng/Rousseau,data/raw/rousseau_2023_ks_0p4_4kyr_weak_monsoon_start_times.csv
521.95,88,weak_monsoon_start,Weak monsoon starts,weak_or_gs_start,Weak/GS start,cheng_composite_ks_0p4_4kyr,Cheng/Rousseau speleothem starts,Cheng/Rousseau,data/raw/rousseau_2023_ks_0p4_4kyr_weak_monsoon_start_times.csv
535.0,89,weak_monsoon_start,Weak monsoon starts,weak_or_gs_start,Weak/GS start,cheng_composite_ks_0p4_4kyr,Cheng/Rousseau speleothem starts,Cheng/Rousseau,data/raw/rousseau_2023_ks_0p4_4kyr_weak_monsoon_start_times.csv
552.7,90,weak_monsoon_start,Weak monsoon starts,weak_or_gs_start,Weak/GS start,cheng_composite_ks_0p4_4kyr,Cheng/Rousseau speleothem starts,Cheng/Rousseau,data/raw/rousseau_2023_ks_0p4_4kyr_weak_monsoon_start_times.csv
554.2,91,weak_monsoon_start,Weak monsoon starts,weak_or_gs_start,Weak/GS start,cheng_composite_ks_0p4_4kyr,Cheng/Rousseau speleothem starts,Cheng/Rousseau,data/raw/rousseau_2023_ks_0p4_4kyr_weak_monsoon_start_times.csv
556.95,92,weak_monsoon_start,Weak monsoon starts,weak_or_gs_start,Weak/GS start,cheng_composite_ks_0p4_4kyr,Cheng/Rousseau speleothem starts,Cheng/Rousseau,data/raw/rousseau_2023_ks_0p4_4kyr_weak_monsoon_start_times.csv
560.45,93,weak_monsoon_start,Weak monsoon starts,weak_or_gs_start,Weak/GS start,cheng_composite_ks_0p4_4kyr,Cheng/Rousseau speleothem starts,Cheng/Rousseau,data/raw/rousseau_2023_ks_0p4_4kyr_weak_monsoon_start_times.csv
569.5,94,weak_monsoon_start,Weak monsoon starts,weak_or_gs_start,Weak/GS start,cheng_composite_ks_0p4_4kyr,Cheng/Rousseau speleothem starts,Cheng/Rousseau,data/raw/rousseau_2023_ks_0p4_4kyr_weak_monsoon_start_times.csv
589.8,95,weak_monsoon_start,Weak monsoon starts,weak_or_gs_start,Weak/GS start,cheng_composite_ks_0p4_4kyr,Cheng/Rousseau speleothem starts,Cheng/Rousseau,data/raw/rousseau_2023_ks_0p4_4kyr_weak_monsoon_start_times.csv
614.9,96,weak_monsoon_start,Weak monsoon starts,weak_or_gs_start,Weak/GS start,cheng_composite_ks_0p4_4kyr,Cheng/Rousseau speleothem starts,Cheng/Rousseau,data/raw/rousseau_2023_ks_0p4_4kyr_weak_monsoon_start_times.csv
629.0,97,weak_monsoon_start,Weak monsoon starts,weak_or_gs_start,Weak/GS start,cheng_composite_ks_0p4_4kyr,Cheng/Rousseau speleothem starts,Cheng/Rousseau,data/raw/rousseau_2023_ks_0p4_4kyr_weak_monsoon_start_times.csv
632.3,98,weak_monsoon_start,Weak monsoon starts,weak_or_gs_start,Weak/GS start,cheng_composite_ks_0p4_4kyr,Cheng/Rousseau speleothem starts,Cheng/Rousseau,data/raw/rousseau_2023_ks_0p4_4kyr_weak_monsoon_start_times.csv
635.2,99,weak_monsoon_start,Weak monsoon starts,weak_or_gs_start,Weak/GS start,cheng_composite_ks_0p4_4kyr,Cheng/Rousseau speleothem starts,Cheng/Rousseau,data/raw/rousseau_2023_ks_0p4_4kyr_weak_monsoon_start_times.csv
639.2,100,weak_monsoon_start,Weak monsoon starts,weak_or_gs_start,Weak/GS start,cheng_composite_ks_0p4_4kyr,Cheng/Rousseau speleothem starts,Cheng/Rousseau,data/raw/rousseau_2023_ks_0p4_4kyr_weak_monsoon_start_times.csv
1.0,1,ch4_gi_start,CH4 GI starts,strong_or_gi_start,Strong/GI start,ch4_aicc2023_ks_calibrated,CH4 AICC2023 KS-derived starts,CH4,data/processed/ch4_gi_gs_rousseau_ks/ch4_gi_gs_detected_transitions.csv
11.6,2,ch4_gi_start,CH4 GI starts,strong_or_gi_start,Strong/GI start,ch4_aicc2023_ks_calibrated,CH4 AICC2023 KS-derived starts,CH4,data/processed/ch4_gi_gs_rousseau_ks/ch4_gi_gs_detected_transitions.csv
24.0,3,ch4_gi_start,CH4 GI starts,strong_or_gi_start,Strong/GI start,ch4_aicc2023_ks_calibrated,CH4 AICC2023 KS-derived starts,CH4,data/processed/ch4_gi_gs_rousseau_ks/ch4_gi_gs_detected_transitions.csv
27.7,4,ch4_gi_start,CH4 GI starts,strong_or_gi_start,Strong/GI start,ch4_aicc2023_ks_calibrated,CH4 AICC2023 KS-derived starts,CH4,data/processed/ch4_gi_gs_rousseau_ks/ch4_gi_gs_detected_transitions.csv
29.2,5,ch4_gi_start,CH4 GI starts,strong_or_gi_start,Strong/GI start,ch4_aicc2023_ks_calibrated,CH4 AICC2023 KS-derived starts,CH4,data/processed/ch4_gi_gs_rousseau_ks/ch4_gi_gs_detected_transitions.csv
32.7,6,ch4_gi_start,CH4 GI starts,strong_or_gi_start,Strong/GI start,ch4_aicc2023_ks_calibrated,CH4 AICC2023 KS-derived starts,CH4,data/processed/ch4_gi_gs_rousseau_ks/ch4_gi_gs_detected_transitions.csv
34.0,7,ch4_gi_start,CH4 GI starts,strong_or_gi_start,Strong/GI start,ch4_aicc2023_ks_calibrated,CH4 AICC2023 KS-derived starts,CH4,data/processed/ch4_gi_gs_rousseau_ks/ch4_gi_gs_detected_transitions.csv
35.7,8,ch4_gi_start,CH4 GI starts,strong_or_gi_start,Strong/GI start,ch4_aicc2023_ks_calibrated,CH4 AICC2023 KS-derived starts,CH4,data/processed/ch4_gi_gs_rousseau_ks/ch4_gi_gs_detected_transitions.csv
38.4,9,ch4_gi_start,CH4 GI starts,strong_or_gi_start,Strong/GI start,ch4_aicc2023_ks_calibrated,CH4 AICC2023 KS-derived starts,CH4,data/processed/ch4_gi_gs_rousseau_ks/ch4_gi_gs_detected_transitions.csv
43.6,10,ch4_gi_start,CH4 GI starts,strong_or_gi_start,Strong/GI start,ch4_aicc2023_ks_calibrated,CH4 AICC2023 KS-derived starts,CH4,data/processed/ch4_gi_gs_rousseau_ks/ch4_gi_gs_detected_transitions.csv
47.0,11,ch4_gi_start,CH4 GI starts,strong_or_gi_start,Strong/GI start,ch4_aicc2023_ks_calibrated,CH4 AICC2023 KS-derived starts,CH4,data/processed/ch4_gi_gs_rousseau_ks/ch4_gi_gs_detected_transitions.csv
54.4,12,ch4_gi_start,CH4 GI starts,strong_or_gi_start,Strong/GI start,ch4_aicc2023_ks_calibrated,CH4 AICC2023 KS-derived starts,CH4,data/processed/ch4_gi_gs_rousseau_ks/ch4_gi_gs_detected_transitions.csv
59.8,13,ch4_gi_start,CH4 GI starts,strong_or_gi_start,Strong/GI start,ch4_aicc2023_ks_calibrated,CH4 AICC2023 KS-derived starts,CH4,data/processed/ch4_gi_gs_rousseau_ks/ch4_gi_gs_detected_transitions.csv
64.5,14,ch4_gi_start,CH4 GI starts,strong_or_gi_start,Strong/GI start,ch4_aicc2023_ks_calibrated,CH4 AICC2023 KS-derived starts,CH4,data/processed/ch4_gi_gs_rousseau_ks/ch4_gi_gs_detected_transitions.csv
67.1,15,ch4_gi_start,CH4 GI starts,strong_or_gi_start,Strong/GI start,ch4_aicc2023_ks_calibrated,CH4 AICC2023 KS-derived starts,CH4,data/processed/ch4_gi_gs_rousseau_ks/ch4_gi_gs_detected_transitions.csv
75.8,16,ch4_gi_start,CH4 GI starts,strong_or_gi_start,Strong/GI start,ch4_aicc2023_ks_calibrated,CH4 AICC2023 KS-derived starts,CH4,data/processed/ch4_gi_gs_rousseau_ks/ch4_gi_gs_detected_transitions.csv
84.7,17,ch4_gi_start,CH4 GI starts,strong_or_gi_start,Strong/GI start,ch4_aicc2023_ks_calibrated,CH4 AICC2023 KS-derived starts,CH4,data/processed/ch4_gi_gs_rousseau_ks/ch4_gi_gs_detected_transitions.csv
103.1,18,ch4_gi_start,CH4 GI starts,strong_or_gi_start,Strong/GI start,ch4_aicc2023_ks_calibrated,CH4 AICC2023 KS-derived starts,CH4,data/processed/ch4_gi_gs_rousseau_ks/ch4_gi_gs_detected_transitions.csv
108.3,19,ch4_gi_start,CH4 GI starts,strong_or_gi_start,Strong/GI start,ch4_aicc2023_ks_calibrated,CH4 AICC2023 KS-derived starts,CH4,data/processed/ch4_gi_gs_rousseau_ks/ch4_gi_gs_detected_transitions.csv
120.7,20,ch4_gi_start,CH4 GI starts,strong_or_gi_start,Strong/GI start,ch4_aicc2023_ks_calibrated,CH4 AICC2023 KS-derived starts,CH4,data/processed/ch4_gi_gs_rousseau_ks/ch4_gi_gs_detected_transitions.csv
123.3,21,ch4_gi_start,CH4 GI starts,strong_or_gi_start,Strong/GI start,ch4_aicc2023_ks_calibrated,CH4 AICC2023 KS-derived starts,CH4,data/processed/ch4_gi_gs_rousseau_ks/ch4_gi_gs_detected_transitions.csv
129.6,22,ch4_gi_start,CH4 GI starts,strong_or_gi_start,Strong/GI start,ch4_aicc2023_ks_calibrated,CH4 AICC2023 KS-derived starts,CH4,data/processed/ch4_gi_gs_rousseau_ks/ch4_gi_gs_detected_transitions.csv
145.5,23,ch4_gi_start,CH4 GI starts,strong_or_gi_start,Strong/GI start,ch4_aicc2023_ks_calibrated,CH4 AICC2023 KS-derived starts,CH4,data/processed/ch4_gi_gs_rousseau_ks/ch4_gi_gs_detected_transitions.csv
153.7,24,ch4_gi_start,CH4 GI starts,strong_or_gi_start,Strong/GI start,ch4_aicc2023_ks_calibrated,CH4 AICC2023 KS-derived starts,CH4,data/processed/ch4_gi_gs_rousseau_ks/ch4_gi_gs_detected_transitions.csv
160.7,25,ch4_gi_start,CH4 GI starts,strong_or_gi_start,Strong/GI start,ch4_aicc2023_ks_calibrated,CH4 AICC2023 KS-derived starts,CH4,data/processed/ch4_gi_gs_rousseau_ks/ch4_gi_gs_detected_transitions.csv
165.1,26,ch4_gi_start,CH4 GI starts,strong_or_gi_start,Strong/GI start,ch4_aicc2023_ks_calibrated,CH4 AICC2023 KS-derived starts,CH4,data/processed/ch4_gi_gs_rousseau_ks/ch4_gi_gs_detected_transitions.csv
169.6,27,ch4_gi_start,CH4 GI starts,strong_or_gi_start,Strong/GI start,ch4_aicc2023_ks_calibrated,CH4 AICC2023 KS-derived starts,CH4,data/processed/ch4_gi_gs_rousseau_ks/ch4_gi_gs_detected_transitions.csv
173.9,28,ch4_gi_start,CH4 GI starts,strong_or_gi_start,Strong/GI start,ch4_aicc2023_ks_calibrated,CH4 AICC2023 KS-derived starts,CH4,data/processed/ch4_gi_gs_rousseau_ks/ch4_gi_gs_detected_transitions.csv
180.3,29,ch4_gi_start,CH4 GI starts,strong_or_gi_start,Strong/GI start,ch4_aicc2023_ks_calibrated,CH4 AICC2023 KS-derived starts,CH4,data/processed/ch4_gi_gs_rousseau_ks/ch4_gi_gs_detected_transitions.csv
187.2,30,ch4_gi_start,CH4 GI starts,strong_or_gi_start,Strong/GI start,ch4_aicc2023_ks_calibrated,CH4 AICC2023 KS-derived starts,CH4,data/processed/ch4_gi_gs_rousseau_ks/ch4_gi_gs_detected_transitions.csv
195.3,31,ch4_gi_start,CH4 GI starts,strong_or_gi_start,Strong/GI start,ch4_aicc2023_ks_calibrated,CH4 AICC2023 KS-derived starts,CH4,data/processed/ch4_gi_gs_rousseau_ks/ch4_gi_gs_detected_transitions.csv
203.7,32,ch4_gi_start,CH4 GI starts,strong_or_gi_start,Strong/GI start,ch4_aicc2023_ks_calibrated,CH4 AICC2023 KS-derived starts,CH4,data/processed/ch4_gi_gs_rousseau_ks/ch4_gi_gs_detected_transitions.csv
207.9,33,ch4_gi_start,CH4 GI starts,strong_or_gi_start,Strong/GI start,ch4_aicc2023_ks_calibrated,CH4 AICC2023 KS-derived starts,CH4,data/processed/ch4_gi_gs_rousseau_ks/ch4_gi_gs_detected_transitions.csv
217.0,34,ch4_gi_start,CH4 GI starts,strong_or_gi_start,Strong/GI start,ch4_aicc2023_ks_calibrated,CH4 AICC2023 KS-derived starts,CH4,data/processed/ch4_gi_gs_rousseau_ks/ch4_gi_gs_detected_transitions.csv
221.7,35,ch4_gi_start,CH4 GI starts,strong_or_gi_start,Strong/GI start,ch4_aicc2023_ks_calibrated,CH4 AICC2023 KS-derived starts,CH4,data/processed/ch4_gi_gs_rousseau_ks/ch4_gi_gs_detected_transitions.csv
225.0,36,ch4_gi_start,CH4 GI starts,strong_or_gi_start,Strong/GI start,ch4_aicc2023_ks_calibrated,CH4 AICC2023 KS-derived starts,CH4,data/processed/ch4_gi_gs_rousseau_ks/ch4_gi_gs_detected_transitions.csv
228.4,37,ch4_gi_start,CH4 GI starts,strong_or_gi_start,Strong/GI start,ch4_aicc2023_ks_calibrated,CH4 AICC2023 KS-derived starts,CH4,data/processed/ch4_gi_gs_rousseau_ks/ch4_gi_gs_detected_transitions.csv
234.8,38,ch4_gi_start,CH4 GI starts,strong_or_gi_start,Strong/GI start,ch4_aicc2023_ks_calibrated,CH4 AICC2023 KS-derived starts,CH4,data/processed/ch4_gi_gs_rousseau_ks/ch4_gi_gs_detected_transitions.csv
243.0,39,ch4_gi_start,CH4 GI starts,strong_or_gi_start,Strong/GI start,ch4_aicc2023_ks_calibrated,CH4 AICC2023 KS-derived starts,CH4,data/processed/ch4_gi_gs_rousseau_ks/ch4_gi_gs_detected_transitions.csv
255.8,40,ch4_gi_start,CH4 GI starts,strong_or_gi_start,Strong/GI start,ch4_aicc2023_ks_calibrated,CH4 AICC2023 KS-derived starts,CH4,data/processed/ch4_gi_gs_rousseau_ks/ch4_gi_gs_detected_transitions.csv
258.7,41,ch4_gi_start,CH4 GI starts,strong_or_gi_start,Strong/GI start,ch4_aicc2023_ks_calibrated,CH4 AICC2023 KS-derived starts,CH4,data/processed/ch4_gi_gs_rousseau_ks/ch4_gi_gs_detected_transitions.csv
265.7,42,ch4_gi_start,CH4 GI starts,strong_or_gi_start,Strong/GI start,ch4_aicc2023_ks_calibrated,CH4 AICC2023 KS-derived starts,CH4,data/processed/ch4_gi_gs_rousseau_ks/ch4_gi_gs_detected_transitions.csv
273.1,43,ch4_gi_start,CH4 GI starts,strong_or_gi_start,Strong/GI start,ch4_aicc2023_ks_calibrated,CH4 AICC2023 KS-derived starts,CH4,data/processed/ch4_gi_gs_rousseau_ks/ch4_gi_gs_detected_transitions.csv
280.4,44,ch4_gi_start,CH4 GI starts,strong_or_gi_start,Strong/GI start,ch4_aicc2023_ks_calibrated,CH4 AICC2023 KS-derived starts,CH4,data/processed/ch4_gi_gs_rousseau_ks/ch4_gi_gs_detected_transitions.csv
282.9,45,ch4_gi_start,CH4 GI starts,strong_or_gi_start,Strong/GI start,ch4_aicc2023_ks_calibrated,CH4 AICC2023 KS-derived starts,CH4,data/processed/ch4_gi_gs_rousseau_ks/ch4_gi_gs_detected_transitions.csv
285.9,46,ch4_gi_start,CH4 GI starts,strong_or_gi_start,Strong/GI start,ch4_aicc2023_ks_calibrated,CH4 AICC2023 KS-derived starts,CH4,data/processed/ch4_gi_gs_rousseau_ks/ch4_gi_gs_detected_transitions.csv
289.0,47,ch4_gi_start,CH4 GI starts,strong_or_gi_start,Strong/GI start,ch4_aicc2023_ks_calibrated,CH4 AICC2023 KS-derived starts,CH4,data/processed/ch4_gi_gs_rousseau_ks/ch4_gi_gs_detected_transitions.csv
291.5,48,ch4_gi_start,CH4 GI starts,strong_or_gi_start,Strong/GI start,ch4_aicc2023_ks_calibrated,CH4 AICC2023 KS-derived starts,CH4,data/processed/ch4_gi_gs_rousseau_ks/ch4_gi_gs_detected_transitions.csv
305.9,49,ch4_gi_start,CH4 GI starts,strong_or_gi_start,Strong/GI start,ch4_aicc2023_ks_calibrated,CH4 AICC2023 KS-derived starts,CH4,data/processed/ch4_gi_gs_rousseau_ks/ch4_gi_gs_detected_transitions.csv
307.7,50,ch4_gi_start,CH4 GI starts,strong_or_gi_start,Strong/GI start,ch4_aicc2023_ks_calibrated,CH4 AICC2023 KS-derived starts,CH4,data/processed/ch4_gi_gs_rousseau_ks/ch4_gi_gs_detected_transitions.csv
309.7,51,ch4_gi_start,CH4 GI starts,strong_or_gi_start,Strong/GI start,ch4_aicc2023_ks_calibrated,CH4 AICC2023 KS-derived starts,CH4,data/processed/ch4_gi_gs_rousseau_ks/ch4_gi_gs_detected_transitions.csv
317.1,52,ch4_gi_start,CH4 GI starts,strong_or_gi_start,Strong/GI start,ch4_aicc2023_ks_calibrated,CH4 AICC2023 KS-derived starts,CH4,data/processed/ch4_gi_gs_rousseau_ks/ch4_gi_gs_detected_transitions.csv
327.4,53,ch4_gi_start,CH4 GI starts,strong_or_gi_start,Strong/GI start,ch4_aicc2023_ks_calibrated,CH4 AICC2023 KS-derived starts,CH4,data/processed/ch4_gi_gs_rousseau_ks/ch4_gi_gs_detected_transitions.csv
334.5,54,ch4_gi_start,CH4 GI starts,strong_or_gi_start,Strong/GI start,ch4_aicc2023_ks_calibrated,CH4 AICC2023 KS-derived starts,CH4,data/processed/ch4_gi_gs_rousseau_ks/ch4_gi_gs_detected_transitions.csv
351.2,55,ch4_gi_start,CH4 GI starts,strong_or_gi_start,Strong/GI start,ch4_aicc2023_ks_calibrated,CH4 AICC2023 KS-derived starts,CH4,data/processed/ch4_gi_gs_rousseau_ks/ch4_gi_gs_detected_transitions.csv
360.3,56,ch4_gi_start,CH4 GI starts,strong_or_gi_start,Strong/GI start,ch4_aicc2023_ks_calibrated,CH4 AICC2023 KS-derived starts,CH4,data/processed/ch4_gi_gs_rousseau_ks/ch4_gi_gs_detected_transitions.csv
363.9,57,ch4_gi_start,CH4 GI starts,strong_or_gi_start,Strong/GI start,ch4_aicc2023_ks_calibrated,CH4 AICC2023 KS-derived starts,CH4,data/processed/ch4_gi_gs_rousseau_ks/ch4_gi_gs_detected_transitions.csv
367.3,58,ch4_gi_start,CH4 GI starts,strong_or_gi_start,Strong/GI start,ch4_aicc2023_ks_calibrated,CH4 AICC2023 KS-derived starts,CH4,data/processed/ch4_gi_gs_rousseau_ks/ch4_gi_gs_detected_transitions.csv
371.8,59,ch4_gi_start,CH4 GI starts,strong_or_gi_start,Strong/GI start,ch4_aicc2023_ks_calibrated,CH4 AICC2023 KS-derived starts,CH4,data/processed/ch4_gi_gs_rousseau_ks/ch4_gi_gs_detected_transitions.csv
377.1,60,ch4_gi_start,CH4 GI starts,strong_or_gi_start,Strong/GI start,ch4_aicc2023_ks_calibrated,CH4 AICC2023 KS-derived starts,CH4,data/processed/ch4_gi_gs_rousseau_ks/ch4_gi_gs_detected_transitions.csv
385.8,61,ch4_gi_start,CH4 GI starts,strong_or_gi_start,Strong/GI start,ch4_aicc2023_ks_calibrated,CH4 AICC2023 KS-derived starts,CH4,data/processed/ch4_gi_gs_rousseau_ks/ch4_gi_gs_detected_transitions.csv
389.9,62,ch4_gi_start,CH4 GI starts,strong_or_gi_start,Strong/GI start,ch4_aicc2023_ks_calibrated,CH4 AICC2023 KS-derived starts,CH4,data/processed/ch4_gi_gs_rousseau_ks/ch4_gi_gs_detected_transitions.csv
393.7,63,ch4_gi_start,CH4 GI starts,strong_or_gi_start,Strong/GI start,ch4_aicc2023_ks_calibrated,CH4 AICC2023 KS-derived starts,CH4,data/processed/ch4_gi_gs_rousseau_ks/ch4_gi_gs_detected_transitions.csv
398.9,64,ch4_gi_start,CH4 GI starts,strong_or_gi_start,Strong/GI start,ch4_aicc2023_ks_calibrated,CH4 AICC2023 KS-derived starts,CH4,data/processed/ch4_gi_gs_rousseau_ks/ch4_gi_gs_detected_transitions.csv
401.4,65,ch4_gi_start,CH4 GI starts,strong_or_gi_start,Strong/GI start,ch4_aicc2023_ks_calibrated,CH4 AICC2023 KS-derived starts,CH4,data/processed/ch4_gi_gs_rousseau_ks/ch4_gi_gs_detected_transitions.csv
403.5,66,ch4_gi_start,CH4 GI starts,strong_or_gi_start,Strong/GI start,ch4_aicc2023_ks_calibrated,CH4 AICC2023 KS-derived starts,CH4,data/processed/ch4_gi_gs_rousseau_ks/ch4_gi_gs_detected_transitions.csv
407.0,67,ch4_gi_start,CH4 GI starts,strong_or_gi_start,Strong/GI start,ch4_aicc2023_ks_calibrated,CH4 AICC2023 KS-derived starts,CH4,data/processed/ch4_gi_gs_rousseau_ks/ch4_gi_gs_detected_transitions.csv
408.7,68,ch4_gi_start,CH4 GI starts,strong_or_gi_start,Strong/GI start,ch4_aicc2023_ks_calibrated,CH4 AICC2023 KS-derived starts,CH4,data/processed/ch4_gi_gs_rousseau_ks/ch4_gi_gs_detected_transitions.csv
410.3,69,ch4_gi_start,CH4 GI starts,strong_or_gi_start,Strong/GI start,ch4_aicc2023_ks_calibrated,CH4 AICC2023 KS-derived starts,CH4,data/processed/ch4_gi_gs_rousseau_ks/ch4_gi_gs_detected_transitions.csv
413.1,70,ch4_gi_start,CH4 GI starts,strong_or_gi_start,Strong/GI start,ch4_aicc2023_ks_calibrated,CH4 AICC2023 KS-derived starts,CH4,data/processed/ch4_gi_gs_rousseau_ks/ch4_gi_gs_detected_transitions.csv
429.2,71,ch4_gi_start,CH4 GI starts,strong_or_gi_start,Strong/GI start,ch4_aicc2023_ks_calibrated,CH4 AICC2023 KS-derived starts,CH4,data/processed/ch4_gi_gs_rousseau_ks/ch4_gi_gs_detected_transitions.csv
439.1,72,ch4_gi_start,CH4 GI starts,strong_or_gi_start,Strong/GI start,ch4_aicc2023_ks_calibrated,CH4 AICC2023 KS-derived starts,CH4,data/processed/ch4_gi_gs_rousseau_ks/ch4_gi_gs_detected_transitions.csv
443.3,73,ch4_gi_start,CH4 GI starts,strong_or_gi_start,Strong/GI start,ch4_aicc2023_ks_calibrated,CH4 AICC2023 KS-derived starts,CH4,data/processed/ch4_gi_gs_rousseau_ks/ch4_gi_gs_detected_transitions.csv
451.2,74,ch4_gi_start,CH4 GI starts,strong_or_gi_start,Strong/GI start,ch4_aicc2023_ks_calibrated,CH4 AICC2023 KS-derived starts,CH4,data/processed/ch4_gi_gs_rousseau_ks/ch4_gi_gs_detected_transitions.csv
459.3,75,ch4_gi_start,CH4 GI starts,strong_or_gi_start,Strong/GI start,ch4_aicc2023_ks_calibrated,CH4 AICC2023 KS-derived starts,CH4,data/processed/ch4_gi_gs_rousseau_ks/ch4_gi_gs_detected_transitions.csv
467.7,76,ch4_gi_start,CH4 GI starts,strong_or_gi_start,Strong/GI start,ch4_aicc2023_ks_calibrated,CH4 AICC2023 KS-derived starts,CH4,data/processed/ch4_gi_gs_rousseau_ks/ch4_gi_gs_detected_transitions.csv
471.6,77,ch4_gi_start,CH4 GI starts,strong_or_gi_start,Strong/GI start,ch4_aicc2023_ks_calibrated,CH4 AICC2023 KS-derived starts,CH4,data/processed/ch4_gi_gs_rousseau_ks/ch4_gi_gs_detected_transitions.csv
475.5,78,ch4_gi_start,CH4 GI starts,strong_or_gi_start,Strong/GI start,ch4_aicc2023_ks_calibrated,CH4 AICC2023 KS-derived starts,CH4,data/processed/ch4_gi_gs_rousseau_ks/ch4_gi_gs_detected_transitions.csv
483.1,79,ch4_gi_start,CH4 GI starts,strong_or_gi_start,Strong/GI start,ch4_aicc2023_ks_calibrated,CH4 AICC2023 KS-derived starts,CH4,data/processed/ch4_gi_gs_rousseau_ks/ch4_gi_gs_detected_transitions.csv
501.0,80,ch4_gi_start,CH4 GI starts,strong_or_gi_start,Strong/GI start,ch4_aicc2023_ks_calibrated,CH4 AICC2023 KS-derived starts,CH4,data/processed/ch4_gi_gs_rousseau_ks/ch4_gi_gs_detected_transitions.csv
504.2,81,ch4_gi_start,CH4 GI starts,strong_or_gi_start,Strong/GI start,ch4_aicc2023_ks_calibrated,CH4 AICC2023 KS-derived starts,CH4,data/processed/ch4_gi_gs_rousseau_ks/ch4_gi_gs_detected_transitions.csv
506.6,82,ch4_gi_start,CH4 GI starts,strong_or_gi_start,Strong/GI start,ch4_aicc2023_ks_calibrated,CH4 AICC2023 KS-derived starts,CH4,data/processed/ch4_gi_gs_rousseau_ks/ch4_gi_gs_detected_transitions.csv
509.0,83,ch4_gi_start,CH4 GI starts,strong_or_gi_start,Strong/GI start,ch4_aicc2023_ks_calibrated,CH4 AICC2023 KS-derived starts,CH4,data/processed/ch4_gi_gs_rousseau_ks/ch4_gi_gs_detected_transitions.csv
518.3,84,ch4_gi_start,CH4 GI starts,strong_or_gi_start,Strong/GI start,ch4_aicc2023_ks_calibrated,CH4 AICC2023 KS-derived starts,CH4,data/processed/ch4_gi_gs_rousseau_ks/ch4_gi_gs_detected_transitions.csv
521.5,85,ch4_gi_start,CH4 GI starts,strong_or_gi_start,Strong/GI start,ch4_aicc2023_ks_calibrated,CH4 AICC2023 KS-derived starts,CH4,data/processed/ch4_gi_gs_rousseau_ks/ch4_gi_gs_detected_transitions.csv
526.1,86,ch4_gi_start,CH4 GI starts,strong_or_gi_start,Strong/GI start,ch4_aicc2023_ks_calibrated,CH4 AICC2023 KS-derived starts,CH4,data/processed/ch4_gi_gs_rousseau_ks/ch4_gi_gs_detected_transitions.csv
533.4,87,ch4_gi_start,CH4 GI starts,strong_or_gi_start,Strong/GI start,ch4_aicc2023_ks_calibrated,CH4 AICC2023 KS-derived starts,CH4,data/processed/ch4_gi_gs_rousseau_ks/ch4_gi_gs_detected_transitions.csv
539.4,88,ch4_gi_start,CH4 GI starts,strong_or_gi_start,Strong/GI start,ch4_aicc2023_ks_calibrated,CH4 AICC2023 KS-derived starts,CH4,data/processed/ch4_gi_gs_rousseau_ks/ch4_gi_gs_detected_transitions.csv
543.1,89,ch4_gi_start,CH4 GI starts,strong_or_gi_start,Strong/GI start,ch4_aicc2023_ks_calibrated,CH4 AICC2023 KS-derived starts,CH4,data/processed/ch4_gi_gs_rousseau_ks/ch4_gi_gs_detected_transitions.csv
549.9,90,ch4_gi_start,CH4 GI starts,strong_or_gi_start,Strong/GI start,ch4_aicc2023_ks_calibrated,CH4 AICC2023 KS-derived starts,CH4,data/processed/ch4_gi_gs_rousseau_ks/ch4_gi_gs_detected_transitions.csv
554.5,91,ch4_gi_start,CH4 GI starts,strong_or_gi_start,Strong/GI start,ch4_aicc2023_ks_calibrated,CH4 AICC2023 KS-derived starts,CH4,data/processed/ch4_gi_gs_rousseau_ks/ch4_gi_gs_detected_transitions.csv
559.4,92,ch4_gi_start,CH4 GI starts,strong_or_gi_start,Strong/GI start,ch4_aicc2023_ks_calibrated,CH4 AICC2023 KS-derived starts,CH4,data/processed/ch4_gi_gs_rousseau_ks/ch4_gi_gs_detected_transitions.csv
563.3,93,ch4_gi_start,CH4 GI starts,strong_or_gi_start,Strong/GI start,ch4_aicc2023_ks_calibrated,CH4 AICC2023 KS-derived starts,CH4,data/processed/ch4_gi_gs_rousseau_ks/ch4_gi_gs_detected_transitions.csv
570.7,94,ch4_gi_start,CH4 GI starts,strong_or_gi_start,Strong/GI start,ch4_aicc2023_ks_calibrated,CH4 AICC2023 KS-derived starts,CH4,data/processed/ch4_gi_gs_rousseau_ks/ch4_gi_gs_detected_transitions.csv
581.8,95,ch4_gi_start,CH4 GI starts,strong_or_gi_start,Strong/GI start,ch4_aicc2023_ks_calibrated,CH4 AICC2023 KS-derived starts,CH4,data/processed/ch4_gi_gs_rousseau_ks/ch4_gi_gs_detected_transitions.csv
597.1,96,ch4_gi_start,CH4 GI starts,strong_or_gi_start,Strong/GI start,ch4_aicc2023_ks_calibrated,CH4 AICC2023 KS-derived starts,CH4,data/processed/ch4_gi_gs_rousseau_ks/ch4_gi_gs_detected_transitions.csv
602.3,97,ch4_gi_start,CH4 GI starts,strong_or_gi_start,Strong/GI start,ch4_aicc2023_ks_calibrated,CH4 AICC2023 KS-derived starts,CH4,data/processed/ch4_gi_gs_rousseau_ks/ch4_gi_gs_detected_transitions.csv
606.0,98,ch4_gi_start,CH4 GI starts,strong_or_gi_start,Strong/GI start,ch4_aicc2023_ks_calibrated,CH4 AICC2023 KS-derived starts,CH4,data/processed/ch4_gi_gs_rousseau_ks/ch4_gi_gs_detected_transitions.csv
616.3,99,ch4_gi_start,CH4 GI starts,strong_or_gi_start,Strong/GI start,ch4_aicc2023_ks_calibrated,CH4 AICC2023 KS-derived starts,CH4,data/processed/ch4_gi_gs_rousseau_ks/ch4_gi_gs_detected_transitions.csv
628.7,100,ch4_gi_start,CH4 GI starts,strong_or_gi_start,Strong/GI start,ch4_aicc2023_ks_calibrated,CH4 AICC2023 KS-derived starts,CH4,data/processed/ch4_gi_gs_rousseau_ks/ch4_gi_gs_detected_transitions.csv
8.5,1,ch4_gs_start,CH4 GS starts,weak_or_gs_start,Weak/GS start,ch4_aicc2023_ks_calibrated,CH4 AICC2023 KS-derived starts,CH4,data/processed/ch4_gi_gs_rousseau_ks/ch4_gi_gs_detected_transitions.csv
12.8,2,ch4_gs_start,CH4 GS starts,weak_or_gs_start,Weak/GS start,ch4_aicc2023_ks_calibrated,CH4 AICC2023 KS-derived starts,CH4,data/processed/ch4_gi_gs_rousseau_ks/ch4_gi_gs_detected_transitions.csv
34.8,3,ch4_gs_start,CH4 GS starts,weak_or_gs_start,Weak/GS start,ch4_aicc2023_ks_calibrated,CH4 AICC2023 KS-derived starts,CH4,data/processed/ch4_gi_gs_rousseau_ks/ch4_gi_gs_detected_transitions.csv
44.5,4,ch4_gs_start,CH4 GS starts,weak_or_gs_start,Weak/GS start,ch4_aicc2023_ks_calibrated,CH4 AICC2023 KS-derived starts,CH4,data/processed/ch4_gi_gs_rousseau_ks/ch4_gi_gs_detected_transitions.csv
56.9,5,ch4_gs_start,CH4 GS starts,weak_or_gs_start,Weak/GS start,ch4_aicc2023_ks_calibrated,CH4 AICC2023 KS-derived starts,CH4,data/processed/ch4_gi_gs_rousseau_ks/ch4_gi_gs_detected_transitions.csv
58.9,6,ch4_gs_start,CH4 GS starts,weak_or_gs_start,Weak/GS start,ch4_aicc2023_ks_calibrated,CH4 AICC2023 KS-derived starts,CH4,data/processed/ch4_gi_gs_rousseau_ks/ch4_gi_gs_detected_transitions.csv
70.9,7,ch4_gs_start,CH4 GS starts,weak_or_gs_start,Weak/GS start,ch4_aicc2023_ks_calibrated,CH4 AICC2023 KS-derived starts,CH4,data/processed/ch4_gi_gs_rousseau_ks/ch4_gi_gs_detected_transitions.csv
73.4,8,ch4_gs_start,CH4 GS starts,weak_or_gs_start,Weak/GS start,ch4_aicc2023_ks_calibrated,CH4 AICC2023 KS-derived starts,CH4,data/processed/ch4_gi_gs_rousseau_ks/ch4_gi_gs_detected_transitions.csv
88.8,9,ch4_gs_start,CH4 GS starts,weak_or_gs_start,Weak/GS start,ch4_aicc2023_ks_calibrated,CH4 AICC2023 KS-derived starts,CH4,data/processed/ch4_gi_gs_rousseau_ks/ch4_gi_gs_detected_transitions.csv
93.1,10,ch4_gs_start,CH4 GS starts,weak_or_gs_start,Weak/GS start,ch4_aicc2023_ks_calibrated,CH4 AICC2023 KS-derived starts,CH4,data/processed/ch4_gi_gs_rousseau_ks/ch4_gi_gs_detected_transitions.csv
100.2,11,ch4_gs_start,CH4 GS starts,weak_or_gs_start,Weak/GS start,ch4_aicc2023_ks_calibrated,CH4 AICC2023 KS-derived starts,CH4,data/processed/ch4_gi_gs_rousseau_ks/ch4_gi_gs_detected_transitions.csv
110.2,12,ch4_gs_start,CH4 GS starts,weak_or_gs_start,Weak/GS start,ch4_aicc2023_ks_calibrated,CH4 AICC2023 KS-derived starts,CH4,data/processed/ch4_gi_gs_rousseau_ks/ch4_gi_gs_detected_transitions.csv
116.6,13,ch4_gs_start,CH4 GS starts,weak_or_gs_start,Weak/GS start,ch4_aicc2023_ks_calibrated,CH4 AICC2023 KS-derived starts,CH4,data/processed/ch4_gi_gs_rousseau_ks/ch4_gi_gs_detected_transitions.csv
133.6,14,ch4_gs_start,CH4 GS starts,weak_or_gs_start,Weak/GS start,ch4_aicc2023_ks_calibrated,CH4 AICC2023 KS-derived starts,CH4,data/processed/ch4_gi_gs_rousseau_ks/ch4_gi_gs_detected_transitions.csv
136.7,15,ch4_gs_start,CH4 GS starts,weak_or_gs_start,Weak/GS start,ch4_aicc2023_ks_calibrated,CH4 AICC2023 KS-derived starts,CH4,data/processed/ch4_gi_gs_rousseau_ks/ch4_gi_gs_detected_transitions.csv
138.2,16,ch4_gs_start,CH4 GS starts,weak_or_gs_start,Weak/GS start,ch4_aicc2023_ks_calibrated,CH4 AICC2023 KS-derived starts,CH4,data/processed/ch4_gi_gs_rousseau_ks/ch4_gi_gs_detected_transitions.csv
140.0,17,ch4_gs_start,CH4 GS starts,weak_or_gs_start,Weak/GS start,ch4_aicc2023_ks_calibrated,CH4 AICC2023 KS-derived starts,CH4,data/processed/ch4_gi_gs_rousseau_ks/ch4_gi_gs_detected_transitions.csv
148.6,18,ch4_gs_start,CH4 GS starts,weak_or_gs_start,Weak/GS start,ch4_aicc2023_ks_calibrated,CH4 AICC2023 KS-derived starts,CH4,data/processed/ch4_gi_gs_rousseau_ks/ch4_gi_gs_detected_transitions.csv
151.9,19,ch4_gs_start,CH4 GS starts,weak_or_gs_start,Weak/GS start,ch4_aicc2023_ks_calibrated,CH4 AICC2023 KS-derived starts,CH4,data/processed/ch4_gi_gs_rousseau_ks/ch4_gi_gs_detected_transitions.csv
172.0,20,ch4_gs_start,CH4 GS starts,weak_or_gs_start,Weak/GS start,ch4_aicc2023_ks_calibrated,CH4 AICC2023 KS-derived starts,CH4,data/processed/ch4_gi_gs_rousseau_ks/ch4_gi_gs_detected_transitions.csv
184.3,21,ch4_gs_start,CH4 GS starts,weak_or_gs_start,Weak/GS start,ch4_aicc2023_ks_calibrated,CH4 AICC2023 KS-derived starts,CH4,data/processed/ch4_gi_gs_rousseau_ks/ch4_gi_gs_detected_transitions.csv
189.3,22,ch4_gs_start,CH4 GS starts,weak_or_gs_start,Weak/GS start,ch4_aicc2023_ks_calibrated,CH4 AICC2023 KS-derived starts,CH4,data/processed/ch4_gi_gs_rousseau_ks/ch4_gi_gs_detected_transitions.csv
193.5,23,ch4_gs_start,CH4 GS starts,weak_or_gs_start,Weak/GS start,ch4_aicc2023_ks_calibrated,CH4 AICC2023 KS-derived starts,CH4,data/processed/ch4_gi_gs_rousseau_ks/ch4_gi_gs_detected_transitions.csv
202.8,24,ch4_gs_start,CH4 GS starts,weak_or_gs_start,Weak/GS start,ch4_aicc2023_ks_calibrated,CH4 AICC2023 KS-derived starts,CH4,data/processed/ch4_gi_gs_rousseau_ks/ch4_gi_gs_detected_transitions.csv
211.1,25,ch4_gs_start,CH4 GS starts,weak_or_gs_start,Weak/GS start,ch4_aicc2023_ks_calibrated,CH4 AICC2023 KS-derived starts,CH4,data/processed/ch4_gi_gs_rousseau_ks/ch4_gi_gs_detected_transitions.csv
215.3,26,ch4_gs_start,CH4 GS starts,weak_or_gs_start,Weak/GS start,ch4_aicc2023_ks_calibrated,CH4 AICC2023 KS-derived starts,CH4,data/processed/ch4_gi_gs_rousseau_ks/ch4_gi_gs_detected_transitions.csv
223.7,27,ch4_gs_start,CH4 GS starts,weak_or_gs_start,Weak/GS start,ch4_aicc2023_ks_calibrated,CH4 AICC2023 KS-derived starts,CH4,data/processed/ch4_gi_gs_rousseau_ks/ch4_gi_gs_detected_transitions.csv
231.0,28,ch4_gs_start,CH4 GS starts,weak_or_gs_start,Weak/GS start,ch4_aicc2023_ks_calibrated,CH4 AICC2023 KS-derived starts,CH4,data/processed/ch4_gi_gs_rousseau_ks/ch4_gi_gs_detected_transitions.csv
240.7,29,ch4_gs_start,CH4 GS starts,weak_or_gs_start,Weak/GS start,ch4_aicc2023_ks_calibrated,CH4 AICC2023 KS-derived starts,CH4,data/processed/ch4_gi_gs_rousseau_ks/ch4_gi_gs_detected_transitions.csv
243.9,30,ch4_gs_start,CH4 GS starts,weak_or_gs_start,Weak/GS start,ch4_aicc2023_ks_calibrated,CH4 AICC2023 KS-derived starts,CH4,data/processed/ch4_gi_gs_rousseau_ks/ch4_gi_gs_detected_transitions.csv
247.9,31,ch4_gs_start,CH4 GS starts,weak_or_gs_start,Weak/GS start,ch4_aicc2023_ks_calibrated,CH4 AICC2023 KS-derived starts,CH4,data/processed/ch4_gi_gs_rousseau_ks/ch4_gi_gs_detected_transitions.csv
251.5,32,ch4_gs_start,CH4 GS starts,weak_or_gs_start,Weak/GS start,ch4_aicc2023_ks_calibrated,CH4 AICC2023 KS-derived starts,CH4,data/processed/ch4_gi_gs_rousseau_ks/ch4_gi_gs_detected_transitions.csv
254.9,33,ch4_gs_start,CH4 GS starts,weak_or_gs_start,Weak/GS start,ch4_aicc2023_ks_calibrated,CH4 AICC2023 KS-derived starts,CH4,data/processed/ch4_gi_gs_rousseau_ks/ch4_gi_gs_detected_transitions.csv
264.1,34,ch4_gs_start,CH4 GS starts,weak_or_gs_start,Weak/GS start,ch4_aicc2023_ks_calibrated,CH4 AICC2023 KS-derived starts,CH4,data/processed/ch4_gi_gs_rousseau_ks/ch4_gi_gs_detected_transitions.csv
267.7,35,ch4_gs_start,CH4 GS starts,weak_or_gs_start,Weak/GS start,ch4_aicc2023_ks_calibrated,CH4 AICC2023 KS-derived starts,CH4,data/processed/ch4_gi_gs_rousseau_ks/ch4_gi_gs_detected_transitions.csv
278.1,36,ch4_gs_start,CH4 GS starts,weak_or_gs_start,Weak/GS start,ch4_aicc2023_ks_calibrated,CH4 AICC2023 KS-derived starts,CH4,data/processed/ch4_gi_gs_rousseau_ks/ch4_gi_gs_detected_transitions.csv
289.8,37,ch4_gs_start,CH4 GS starts,weak_or_gs_start,Weak/GS start,ch4_aicc2023_ks_calibrated,CH4 AICC2023 KS-derived starts,CH4,data/processed/ch4_gi_gs_rousseau_ks/ch4_gi_gs_detected_transitions.csv
295.9,38,ch4_gs_start,CH4 GS starts,weak_or_gs_start,Weak/GS start,ch4_aicc2023_ks_calibrated,CH4 AICC2023 KS-derived starts,CH4,data/processed/ch4_gi_gs_rousseau_ks/ch4_gi_gs_detected_transitions.csv
299.1,39,ch4_gs_start,CH4 GS starts,weak_or_gs_start,Weak/GS start,ch4_aicc2023_ks_calibrated,CH4 AICC2023 KS-derived starts,CH4,data/processed/ch4_gi_gs_rousseau_ks/ch4_gi_gs_detected_transitions.csv
304.2,40,ch4_gs_start,CH4 GS starts,weak_or_gs_start,Weak/GS start,ch4_aicc2023_ks_calibrated,CH4 AICC2023 KS-derived starts,CH4,data/processed/ch4_gi_gs_rousseau_ks/ch4_gi_gs_detected_transitions.csv
314.9,41,ch4_gs_start,CH4 GS starts,weak_or_gs_start,Weak/GS start,ch4_aicc2023_ks_calibrated,CH4 AICC2023 KS-derived starts,CH4,data/processed/ch4_gi_gs_rousseau_ks/ch4_gi_gs_detected_transitions.csv
316.2,42,ch4_gs_start,CH4 GS starts,weak_or_gs_start,Weak/GS start,ch4_aicc2023_ks_calibrated,CH4 AICC2023 KS-derived starts,CH4,data/processed/ch4_gi_gs_rousseau_ks/ch4_gi_gs_detected_transitions.csv
318.8,43,ch4_gs_start,CH4 GS starts,weak_or_gs_start,Weak/GS start,ch4_aicc2023_ks_calibrated,CH4 AICC2023 KS-derived starts,CH4,data/processed/ch4_gi_gs_rousseau_ks/ch4_gi_gs_detected_transitions.csv
340.2,44,ch4_gs_start,CH4 GS starts,weak_or_gs_start,Weak/GS start,ch4_aicc2023_ks_calibrated,CH4 AICC2023 KS-derived starts,CH4,data/processed/ch4_gi_gs_rousseau_ks/ch4_gi_gs_detected_transitions.csv
347.2,45,ch4_gs_start,CH4 GS starts,weak_or_gs_start,Weak/GS start,ch4_aicc2023_ks_calibrated,CH4 AICC2023 KS-derived starts,CH4,data/processed/ch4_gi_gs_rousseau_ks/ch4_gi_gs_detected_transitions.csv
353.2,46,ch4_gs_start,CH4 GS starts,weak_or_gs_start,Weak/GS start,ch4_aicc2023_ks_calibrated,CH4 AICC2023 KS-derived starts,CH4,data/processed/ch4_gi_gs_rousseau_ks/ch4_gi_gs_detected_transitions.csv
356.7,47,ch4_gs_start,CH4 GS starts,weak_or_gs_start,Weak/GS start,ch4_aicc2023_ks_calibrated,CH4 AICC2023 KS-derived starts,CH4,data/processed/ch4_gi_gs_rousseau_ks/ch4_gi_gs_detected_transitions.csv
368.8,48,ch4_gs_start,CH4 GS starts,weak_or_gs_start,Weak/GS start,ch4_aicc2023_ks_calibrated,CH4 AICC2023 KS-derived starts,CH4,data/processed/ch4_gi_gs_rousseau_ks/ch4_gi_gs_detected_transitions.csv
370.9,49,ch4_gs_start,CH4 GS starts,weak_or_gs_start,Weak/GS start,ch4_aicc2023_ks_calibrated,CH4 AICC2023 KS-derived starts,CH4,data/processed/ch4_gi_gs_rousseau_ks/ch4_gi_gs_detected_transitions.csv
383.6,50,ch4_gs_start,CH4 GS starts,weak_or_gs_start,Weak/GS start,ch4_aicc2023_ks_calibrated,CH4 AICC2023 KS-derived starts,CH4,data/processed/ch4_gi_gs_rousseau_ks/ch4_gi_gs_detected_transitions.csv
395.9,51,ch4_gs_start,CH4 GS starts,weak_or_gs_start,Weak/GS start,ch4_aicc2023_ks_calibrated,CH4 AICC2023 KS-derived starts,CH4,data/processed/ch4_gi_gs_rousseau_ks/ch4_gi_gs_detected_transitions.csv
413.8,52,ch4_gs_start,CH4 GS starts,weak_or_gs_start,Weak/GS start,ch4_aicc2023_ks_calibrated,CH4 AICC2023 KS-derived starts,CH4,data/processed/ch4_gi_gs_rousseau_ks/ch4_gi_gs_detected_transitions.csv
415.6,53,ch4_gs_start,CH4 GS starts,weak_or_gs_start,Weak/GS start,ch4_aicc2023_ks_calibrated,CH4 AICC2023 KS-derived starts,CH4,data/processed/ch4_gi_gs_rousseau_ks/ch4_gi_gs_detected_transitions.csv
422.3,54,ch4_gs_start,CH4 GS starts,weak_or_gs_start,Weak/GS start,ch4_aicc2023_ks_calibrated,CH4 AICC2023 KS-derived starts,CH4,data/processed/ch4_gi_gs_rousseau_ks/ch4_gi_gs_detected_transitions.csv
430.2,55,ch4_gs_start,CH4 GS starts,weak_or_gs_start,Weak/GS start,ch4_aicc2023_ks_calibrated,CH4 AICC2023 KS-derived starts,CH4,data/processed/ch4_gi_gs_rousseau_ks/ch4_gi_gs_detected_transitions.csv
432.6,56,ch4_gs_start,CH4 GS starts,weak_or_gs_start,Weak/GS start,ch4_aicc2023_ks_calibrated,CH4 AICC2023 KS-derived starts,CH4,data/processed/ch4_gi_gs_rousseau_ks/ch4_gi_gs_detected_transitions.csv
435.0,57,ch4_gs_start,CH4 GS starts,weak_or_gs_start,Weak/GS start,ch4_aicc2023_ks_calibrated,CH4 AICC2023 KS-derived starts,CH4,data/processed/ch4_gi_gs_rousseau_ks/ch4_gi_gs_detected_transitions.csv
444.7,58,ch4_gs_start,CH4 GS starts,weak_or_gs_start,Weak/GS start,ch4_aicc2023_ks_calibrated,CH4 AICC2023 KS-derived starts,CH4,data/processed/ch4_gi_gs_rousseau_ks/ch4_gi_gs_detected_transitions.csv
449.4,59,ch4_gs_start,CH4 GS starts,weak_or_gs_start,Weak/GS start,ch4_aicc2023_ks_calibrated,CH4 AICC2023 KS-derived starts,CH4,data/processed/ch4_gi_gs_rousseau_ks/ch4_gi_gs_detected_transitions.csv
458.0,60,ch4_gs_start,CH4 GS starts,weak_or_gs_start,Weak/GS start,ch4_aicc2023_ks_calibrated,CH4 AICC2023 KS-derived starts,CH4,data/processed/ch4_gi_gs_rousseau_ks/ch4_gi_gs_detected_transitions.csv
465.1,61,ch4_gs_start,CH4 GS starts,weak_or_gs_start,Weak/GS start,ch4_aicc2023_ks_calibrated,CH4 AICC2023 KS-derived starts,CH4,data/processed/ch4_gi_gs_rousseau_ks/ch4_gi_gs_detected_transitions.csv
490.1,62,ch4_gs_start,CH4 GS starts,weak_or_gs_start,Weak/GS start,ch4_aicc2023_ks_calibrated,CH4 AICC2023 KS-derived starts,CH4,data/processed/ch4_gi_gs_rousseau_ks/ch4_gi_gs_detected_transitions.csv
492.9,63,ch4_gs_start,CH4 GS starts,weak_or_gs_start,Weak/GS start,ch4_aicc2023_ks_calibrated,CH4 AICC2023 KS-derived starts,CH4,data/processed/ch4_gi_gs_rousseau_ks/ch4_gi_gs_detected_transitions.csv
495.6,64,ch4_gs_start,CH4 GS starts,weak_or_gs_start,Weak/GS start,ch4_aicc2023_ks_calibrated,CH4 AICC2023 KS-derived starts,CH4,data/processed/ch4_gi_gs_rousseau_ks/ch4_gi_gs_detected_transitions.csv
502.7,65,ch4_gs_start,CH4 GS starts,weak_or_gs_start,Weak/GS start,ch4_aicc2023_ks_calibrated,CH4 AICC2023 KS-derived starts,CH4,data/processed/ch4_gi_gs_rousseau_ks/ch4_gi_gs_detected_transitions.csv
519.2,66,ch4_gs_start,CH4 GS starts,weak_or_gs_start,Weak/GS start,ch4_aicc2023_ks_calibrated,CH4 AICC2023 KS-derived starts,CH4,data/processed/ch4_gi_gs_rousseau_ks/ch4_gi_gs_detected_transitions.csv
535.1,67,ch4_gs_start,CH4 GS starts,weak_or_gs_start,Weak/GS start,ch4_aicc2023_ks_calibrated,CH4 AICC2023 KS-derived starts,CH4,data/processed/ch4_gi_gs_rousseau_ks/ch4_gi_gs_detected_transitions.csv
538.3,68,ch4_gs_start,CH4 GS starts,weak_or_gs_start,Weak/GS start,ch4_aicc2023_ks_calibrated,CH4 AICC2023 KS-derived starts,CH4,data/processed/ch4_gi_gs_rousseau_ks/ch4_gi_gs_detected_transitions.csv
547.3,69,ch4_gs_start,CH4 GS starts,weak_or_gs_start,Weak/GS start,ch4_aicc2023_ks_calibrated,CH4 AICC2023 KS-derived starts,CH4,data/processed/ch4_gi_gs_rousseau_ks/ch4_gi_gs_detected_transitions.csv
568.3,70,ch4_gs_start,CH4 GS starts,weak_or_gs_start,Weak/GS start,ch4_aicc2023_ks_calibrated,CH4 AICC2023 KS-derived starts,CH4,data/processed/ch4_gi_gs_rousseau_ks/ch4_gi_gs_detected_transitions.csv
575.6,71,ch4_gs_start,CH4 GS starts,weak_or_gs_start,Weak/GS start,ch4_aicc2023_ks_calibrated,CH4 AICC2023 KS-derived starts,CH4,data/processed/ch4_gi_gs_rousseau_ks/ch4_gi_gs_detected_transitions.csv
580.7,72,ch4_gs_start,CH4 GS starts,weak_or_gs_start,Weak/GS start,ch4_aicc2023_ks_calibrated,CH4 AICC2023 KS-derived starts,CH4,data/processed/ch4_gi_gs_rousseau_ks/ch4_gi_gs_detected_transitions.csv
583.7,73,ch4_gs_start,CH4 GS starts,weak_or_gs_start,Weak/GS start,ch4_aicc2023_ks_calibrated,CH4 AICC2023 KS-derived starts,CH4,data/processed/ch4_gi_gs_rousseau_ks/ch4_gi_gs_detected_transitions.csv
600.4,74,ch4_gs_start,CH4 GS starts,weak_or_gs_start,Weak/GS start,ch4_aicc2023_ks_calibrated,CH4 AICC2023 KS-derived starts,CH4,data/processed/ch4_gi_gs_rousseau_ks/ch4_gi_gs_detected_transitions.csv
611.1,75,ch4_gs_start,CH4 GS starts,weak_or_gs_start,Weak/GS start,ch4_aicc2023_ks_calibrated,CH4 AICC2023 KS-derived starts,CH4,data/processed/ch4_gi_gs_rousseau_ks/ch4_gi_gs_detected_transitions.csv
625.5,76,ch4_gs_start,CH4 GS starts,weak_or_gs_start,Weak/GS start,ch4_aicc2023_ks_calibrated,CH4 AICC2023 KS-derived starts,CH4,data/processed/ch4_gi_gs_rousseau_ks/ch4_gi_gs_detected_transitions.csv
633.5,77,ch4_gs_start,CH4 GS starts,weak_or_gs_start,Weak/GS start,ch4_aicc2023_ks_calibrated,CH4 AICC2023 KS-derived starts,CH4,data/processed/ch4_gi_gs_rousseau_ks/ch4_gi_gs_detected_transitions.csv
