driver,driver_label,event_type,event_label,event_index,event_age_ka,orbital_value_at_event,phase_unwrapped_rad,phase_rad,phase_deg,phase_fraction,phase_extrapolated,signed_distance_to_min_rad,signed_distance_to_max_rad,source_event_order
pre,Precession index,strong_monsoon_start,Strong monsoon starts,1,10.824,-0.01917376,6.080926580148472,6.080926580148472,348.4114285714286,0.9678095238095239,False,-0.20225872703111428,2.939333926558679,1
pre,Precession index,strong_monsoon_start,Strong monsoon starts,2,11.514,-0.01961558,6.287220380312637,0.004035073133050737,0.23119266055043733,0.0006422018348623259,False,0.004035073133050736,-3.1375575804567424,2
pre,Precession index,strong_monsoon_start,Strong monsoon starts,3,14.617,-0.012525199999999995,7.181565518302466,0.8983802111228796,51.473394495412855,0.14298165137614682,False,0.8983802111228796,-2.2432124424669135,3
pre,Precession index,strong_monsoon_start,Strong monsoon starts,4,23.685,0.01720945,9.785219617899994,3.5020343107204077,200.65178571428572,0.5573660714285714,False,-2.7811509964591785,0.3604416571306146,4
pre,Precession index,strong_monsoon_start,Strong monsoon starts,5,27.955,0.0006029000000000052,10.982951817081103,4.699766509901517,269.2767857142857,0.7479910714285715,False,-1.5834187972780696,1.5581738563117238,5
pre,Precession index,strong_monsoon_start,Strong monsoon starts,6,29.43,-0.006067300000000003,11.396688349585116,5.113503042405529,292.9821428571429,0.8138392857142858,False,-1.169682264774057,1.9719103888157363,6
pre,Precession index,strong_monsoon_start,Strong monsoon starts,7,32.675,-0.014802999999999995,12.306908721093944,6.023723413914357,345.13392857142856,0.9587053571428571,False,-0.2594618932652291,2.8821307603245643,7
pre,Precession index,strong_monsoon_start,Strong monsoon starts,8,33.995,-0.0151657,12.658291288297539,0.09192067393836645,5.266666666666577,0.01462962962962938,False,0.09192067393836645,-3.0496719796514267,8
pre,Precession index,strong_monsoon_start,Strong monsoon starts,9,35.535,-0.013402850000000008,13.016665561373708,0.45029494701453565,25.799999999999923,0.07166666666666645,False,0.45029494701453565,-2.6912977065752575,9
pre,Precession index,strong_monsoon_start,Strong monsoon starts,10,38.305,-0.006052449999999991,13.661273831776947,1.0949032174177749,62.73333333333326,0.17425925925925906,False,1.0949032174177749,-2.0466894361720183,10
pre,Precession index,strong_monsoon_start,Strong monsoon starts,11,41.595,0.004734649999999992,14.426891596985127,1.860520982625955,106.59999999999998,0.29611111111111105,False,1.860520982625955,-1.2810716709638381,11
pre,Precession index,strong_monsoon_start,Strong monsoon starts,12,43.615,0.0100228,14.896966942188934,2.3305963278297614,133.53333333333333,0.37092592592592594,False,2.3305963278297614,-0.8109963257600317,12
pre,Precession index,strong_monsoon_start,Strong monsoon starts,13,47.25,0.0139725,15.743935702913733,3.1775650885545605,182.06106870229002,0.5057251908396945,False,-3.105620218625026,0.03597243496476743,13
pre,Precession index,strong_monsoon_start,Strong monsoon starts,14,49.65,0.011541000000000006,16.31949466235003,3.753124047990859,215.03816793893125,0.597328244274809,False,-2.5300612591887277,0.6115313944010659,14
pre,Precession index,strong_monsoon_start,Strong monsoon starts,15,53.8,-0.001069,17.31473202970863,4.748361415349457,272.06106870229,0.7557251908396945,False,-1.5348238918301293,1.606768761759664,15
pre,Precession index,strong_monsoon_start,Strong monsoon starts,16,54.37,-0.003306899999999997,17.451427282574752,4.885056668215579,279.8931297709924,0.7774809160305344,False,-1.398128638964007,1.7434640146257863,16
pre,Precession index,strong_monsoon_start,Strong monsoon starts,17,55.745,-0.00867984999999999,17.78117460308513,5.214803988725958,298.7862595419847,0.8299618320610687,False,-1.0683813184536286,2.0732113351361647,17
pre,Precession index,strong_monsoon_start,Strong monsoon starts,18,58.21,-0.016300299999999997,18.372321617672828,5.805951003313655,332.6564885496183,0.9240458015267174,False,-0.4772343038659311,2.6643583497238623,18
pre,Precession index,strong_monsoon_start,Strong monsoon starts,19,59.785,-0.0183708,18.750032184802897,6.183661570443725,354.29770992366406,0.9841603053435112,False,-0.09952373673586147,3.042068916853932,19
pre,Precession index,strong_monsoon_start,Strong monsoon starts,20,65.48,-0.0010987999999999838,20.29195672249129,1.4424008009525302,82.64347826086951,0.2295652173913042,False,1.4424008009525302,-1.699191852637263,20
pre,Precession index,strong_monsoon_start,Strong monsoon starts,21,69.18,0.018768400000000025,21.30273001103757,2.4531740894988125,140.55652173913043,0.3904347826086957,False,2.4531740894988125,-0.6884185640909806,21
pre,Precession index,strong_monsoon_start,Strong monsoon starts,22,72.285,0.023704700000000002,22.153788548787844,3.3042326272490854,189.31858407079633,0.5258849557522121,False,-2.9789526799305013,0.1626399736592923,22
pre,Precession index,strong_monsoon_start,Strong monsoon starts,23,75.28,0.012265399999999984,22.986449610513638,4.1368936889748795,237.02654867256646,0.658407079646018,False,-2.1462916182047067,0.9953010353850864,23
pre,Precession index,strong_monsoon_start,Strong monsoon starts,24,76.245,0.00588929999999997,23.254736062789227,4.405180141250469,252.3982300884957,0.7011061946902658,False,-1.8780051659291177,1.2635874876606756,24
pre,Precession index,strong_monsoon_start,Strong monsoon starts,25,84.13,-0.029140400000000004,25.441436854679775,0.3086956259614304,17.68695652173905,0.049130434782608465,False,0.3086956259614304,-2.8328970276283627,25
pre,Precession index,strong_monsoon_start,Strong monsoon starts,26,85.0,-0.026138,25.679105168473093,0.5463639397547482,31.304347826087046,0.08695652173913068,False,0.5463639397547482,-2.595228713835045,26
pre,Precession index,strong_monsoon_start,Strong monsoon starts,27,89.79,0.011523700000000078,26.98764680418571,1.8549055754673667,106.27826086956533,0.2952173913043481,False,1.8549055754673667,-1.2866870781224264,27
pre,Precession index,strong_monsoon_start,Strong monsoon starts,28,105.15,-0.04201800000000001,31.31596676964735,6.183225540929005,354.2727272727274,0.9840909090909096,False,-0.09995976625058159,3.0416328873392118,28
pre,Precession index,strong_monsoon_start,Strong monsoon starts,29,108.55,-0.0266335,32.319875365468576,0.9039488295706448,51.792452830188495,0.14386792452830138,False,0.9039488295706448,-2.2376438240191483,29
pre,Precession index,strong_monsoon_start,Strong monsoon starts,30,128.55,-0.03735149999999994,38.12254389638745,0.4234320533099307,24.26086956521751,0.06739130434782642,False,0.4234320533099307,-2.7181606002798624,30
pre,Precession index,strong_monsoon_start,Strong monsoon starts,31,130.45,-0.024447000000000125,38.64158963915445,0.9424777960769362,53.9999999999999,0.14999999999999972,False,0.9424777960769362,-2.199114857512857,31
pre,Precession index,strong_monsoon_start,Strong monsoon starts,32,147.65,-0.020405500000000073,43.21637166859679,5.517259825519275,316.11570247933946,0.8780991735537207,False,-0.7659254816603112,2.375667171929482,32
pre,Precession index,strong_monsoon_start,Strong monsoon starts,33,149.05,-0.02606950000000004,43.579861727689824,5.880749884612307,336.94214876033107,0.9359504132231418,False,-0.40243542256727977,2.7391572310225136,33
pre,Precession index,strong_monsoon_start,Strong monsoon starts,34,151.75,-0.027076,44.26454961522807,0.28225246497096634,16.17187500000048,0.04492187500000133,False,0.28225246497096634,-2.8593401886188268,34
pre,Precession index,strong_monsoon_start,Strong monsoon starts,35,157.05,0.0010030000000000995,45.56536532335509,1.5830681730979848,90.70312500000017,0.2519531250000005,False,1.5830681730979848,-1.5585244804918084,35
pre,Precession index,strong_monsoon_start,Strong monsoon starts,36,158.15,0.008635500000000096,45.83534594202296,1.8530487917658576,106.17187500000017,0.2949218750000005,False,1.8530487917658576,-1.2885438618239355,36
pre,Precession index,strong_monsoon_start,Strong monsoon starts,37,160.5,0.022497,46.41212271826796,2.4298255680108554,139.21874999999997,0.38671874999999994,False,2.4298255680108554,-0.7117670855789379,37
pre,Precession index,strong_monsoon_start,Strong monsoon starts,38,163.8,0.029689,47.22689284166951,3.244595691412407,185.90163934426215,0.5163934426229504,False,-3.03858961576718,0.10300303782261368,38
pre,Precession index,strong_monsoon_start,Strong monsoon starts,39,168.75,0.005201000000000001,48.50155543472439,4.519258284467284,258.9344262295082,0.7192622950819672,False,-1.7639270227123023,1.377665630877491,39
pre,Precession index,strong_monsoon_start,Strong monsoon starts,40,169.55,-0.0014865000000001205,48.70756151036962,4.725264360112519,270.7377049180329,0.7520491803278692,False,-1.5579209470670679,1.5836717065227255,40
pre,Precession index,strong_monsoon_start,Strong monsoon starts,41,173.15,-0.02907100000000008,49.63458885077317,5.652291700516066,323.8524590163937,0.8995901639344269,False,-0.63089360666352,2.5106990469262733,41
pre,Precession index,strong_monsoon_start,Strong monsoon starts,42,176.25,-0.0356175,50.44619353928035,0.18071108184366125,10.353982300884988,0.028761061946902748,False,0.18071108184366128,-2.960881571746132,42
pre,Precession index,strong_monsoon_start,Strong monsoon starts,43,177.95,-0.028852500000000086,50.91882252256377,0.6533400651270824,37.43362831858416,0.103982300884956,False,0.6533400651270823,-2.4882525884627107,43
pre,Precession index,strong_monsoon_start,Strong monsoon starts,44,182.55,0.015217000000000147,52.19770094791891,1.9322184904822208,110.70796460177007,0.3075221238938058,False,1.9322184904822208,-1.2093741631075723,44
pre,Precession index,strong_monsoon_start,Strong monsoon starts,45,190.65,0.019889999999999845,54.47807260656846,4.2125901491317705,241.36363636363652,0.6704545454545459,False,-2.070595158047816,1.0709974955419774,45
pre,Precession index,strong_monsoon_start,Strong monsoon starts,46,192.75,-0.005743,55.07783120407197,4.81234874663528,275.7272727272731,0.7659090909090919,False,-1.4708365605443066,1.6707560930454868,46
pre,Precession index,strong_monsoon_start,Strong monsoon starts,47,198.95,-0.044410000000000054,56.84319207589032,0.29452431127404566,16.875000000000146,0.04687500000000041,False,0.2945243112740456,-2.8470683423157475,47
pre,Precession index,strong_monsoon_start,Strong monsoon starts,48,219.05,-0.04644150000000007,62.481228891707715,5.932561127091439,339.9107142857143,0.9441964285714285,False,-0.3506241800881471,2.7909684735016462,48
pre,Precession index,strong_monsoon_start,Strong monsoon starts,49,225.2,-0.009113,64.2572052942579,1.4253522224620383,81.66666666666681,0.22685185185185225,False,1.4253522224620383,-1.7162404311277548,49
pre,Precession index,strong_monsoon_start,Strong monsoon starts,50,230.75,0.046219,65.87163485235266,3.039781780556794,174.16666666666686,0.48379629629629683,False,3.039781780556794,-0.10181087303299918,50
pre,Precession index,strong_monsoon_start,Strong monsoon starts,51,241.65,-0.039002,69.10021954570381,6.268366473907946,359.150943396227,0.9976415094339638,False,-0.014818833271640377,3.126773820318153,51
pre,Precession index,strong_monsoon_start,Strong monsoon starts,52,248.25,0.0047185,70.90438028167225,1.7893419026967976,102.52173913043492,0.28478260869565253,False,1.7893419026967976,-1.3522507508929955,52
pre,Precession index,strong_monsoon_start,Strong monsoon starts,53,251.15,0.023896500000000057,71.69660799431662,2.5815696153411736,147.91304347826062,0.41086956521739065,False,2.5815696153411736,-0.5600230382486195,53
pre,Precession index,strong_monsoon_start,Strong monsoon starts,54,258.75,0.007590499999999999,73.55781306446251,4.442774685487059,254.5522388059702,0.7070895522388061,False,-1.8404106216925273,1.301182031897266,54
pre,Precession index,strong_monsoon_start,Strong monsoon starts,55,264.0,-0.017023,74.78866093247343,5.673622553497985,325.0746268656717,0.9029850746268657,False,-0.6095627536816013,2.532029899908192,55
pre,Precession index,strong_monsoon_start,Strong monsoon starts,56,272.85,-0.0019354999999998484,76.8970751430204,1.498851456865367,85.87786259542028,0.23854961832061192,False,1.498851456865367,-1.642741196724426,56
pre,Precession index,strong_monsoon_start,Strong monsoon starts,57,293.9,-0.022712,82.44558017934295,0.7641711860083333,43.78378378378409,0.12162162162162246,False,0.7641711860083333,-2.37742146758146,57
pre,Precession index,strong_monsoon_start,Strong monsoon starts,58,315.45,-0.0276905,88.68393093614925,0.7193366356350452,41.21495327102799,0.11448598130841108,False,0.7193366356350452,-2.422256017954748,58
pre,Precession index,strong_monsoon_start,Strong monsoon starts,59,316.35,-0.02055399999999975,88.94817704719887,0.983582746684661,56.35514018691624,0.15654205607476732,False,0.9835827466846611,-2.158009906905132,59
pre,Precession index,strong_monsoon_start,Strong monsoon starts,60,332.45,-0.025196,93.62810766226094,5.6635133617467375,324.4954128440367,0.9013761467889909,False,-0.619671945432849,2.5219207081569444,60
pre,Precession index,strong_monsoon_start,Strong monsoon starts,61,334.05,-0.030586000000000002,94.08925887746679,6.124664576952583,350.9174311926608,0.9747706422018355,False,-0.15852073022700378,2.9830719233627896,61
pre,Precession index,strong_monsoon_start,Strong monsoon starts,62,337.35,-0.021734499999999823,95.07057768363399,0.8227980759401916,47.142857142857586,0.13095238095238218,False,0.8227980759401916,-2.3187945776496015,62
pre,Precession index,strong_monsoon_start,Strong monsoon starts,63,351.45,-0.006171500000000001,99.40443421585886,5.156654608165063,295.4545454545454,0.8207070707070705,False,-1.1265306990145236,2.0150619545752697,63
pre,Precession index,strong_monsoon_start,Strong monsoon starts,64,365.65,0.007822500000000041,104.23494143855024,3.7039765236768574,212.22222222222237,0.5895061728395066,False,-2.579208783502729,0.5623838700870643,64
pre,Precession index,strong_monsoon_start,Strong monsoon starts,65,368.1,0.00245,105.18517625352494,4.654211338651564,266.6666666666677,0.7407407407407437,False,-1.6289739685280227,1.5126186850617707,65
pre,Precession index,strong_monsoon_start,Strong monsoon starts,66,370.75,-0.003143,106.21298125747714,5.6820163426037595,325.55555555555543,0.9043209876543207,False,-0.6011689645758269,2.5404236890139664,66
pre,Precession index,strong_monsoon_start,Strong monsoon starts,67,375.95,0.0007115,108.28425447661742,1.470104254564454,84.23076923076921,0.2339743589743589,False,1.470104254564454,-1.671488399025339,67
pre,Precession index,strong_monsoon_start,Strong monsoon starts,68,377.45,0.0039924999999999995,108.88840691000007,2.0742566879471056,118.84615384615377,0.3301282051282049,False,2.0742566879471056,-1.0673359656426875,68
pre,Precession index,strong_monsoon_start,Strong monsoon starts,69,390.8,-0.010239,113.69258466359693,0.59524913436438,34.105263157894626,0.09473684210526286,False,0.59524913436438,-2.546343519225413,69
pre,Precession index,strong_monsoon_start,Strong monsoon starts,70,393.6,0.000317,114.61852776149709,1.5211922322645393,87.15789473684255,0.242105263157896,False,1.5211922322645393,-1.6204004213252539,70
pre,Precession index,strong_monsoon_start,Strong monsoon starts,71,412.25,-0.006074,120.59003400804421,1.209513171632075,69.30000000000027,0.19250000000000075,False,1.209513171632075,-1.932079481957718,71
pre,Precession index,strong_monsoon_start,Strong monsoon starts,72,426.05,-0.007138,125.0255701358313,5.6450492994191634,323.4375000000002,0.8984375000000007,False,-0.638136007760423,2.5034566458293703,72
pre,Precession index,strong_monsoon_start,Strong monsoon starts,73,447.4,-0.005894,132.67441817054998,0.7275267197786732,41.68421052631489,0.11578947368420803,False,0.7275267197786732,-2.41406593381112,73
pre,Precession index,strong_monsoon_start,Strong monsoon starts,74,449.45,0.000437,133.3523407957983,1.4054493450270016,80.52631578947305,0.22368421052631401,False,1.4054493450270016,-1.7361433085627915,74
pre,Precession index,strong_monsoon_start,Strong monsoon starts,75,458.9,0.002077,136.3948889702103,4.447997519438992,254.8514851485136,0.7079207920792044,False,-1.8351877877405942,1.3064048658491991,75
pre,Precession index,strong_monsoon_start,Strong monsoon starts,76,463.15,-0.01884249999999991,137.7168462749387,5.769954824167378,330.5940594059398,0.918316831683166,False,-0.5132304830122083,2.628362170577585,76
pre,Precession index,strong_monsoon_start,Strong monsoon starts,77,465.95,-0.0200485,138.5877828521715,0.3577060942206032,20.49504950494953,0.056930693069304254,False,0.3577060942206032,-2.78388655936919,77
pre,Precession index,strong_monsoon_start,Strong monsoon starts,78,472.75,0.02259,140.7029145397369,2.472837781785998,141.68316831683012,0.3935643564356392,False,2.472837781785998,-0.6687548718037952,78
pre,Precession index,strong_monsoon_start,Strong monsoon starts,79,483.65,-0.03011449999999988,144.0666631094731,5.8365863515222,334.4117647058816,0.9289215686274489,False,-0.4465989556573862,2.694993697932407,79
pre,Precession index,strong_monsoon_start,Strong monsoon starts,80,504.15,-0.02625849999999985,150.2185128747157,5.70525080958523,326.88679245282975,0.9080188679245271,False,-0.5779344975943561,2.5636581559954372,80
pre,Precession index,strong_monsoon_start,Strong monsoon starts,81,531.75,-0.010801999999999999,157.72478117085183,0.6451484913621712,36.96428571428466,0.1026785714285685,False,0.6451484913621712,-2.496444162227622,81
pre,Precession index,strong_monsoon_start,Strong monsoon starts,82,548.25,0.010504000000000001,161.10479826690158,4.0251655874119265,230.62500000000023,0.6406250000000007,False,-2.25801971976766,0.8835729338221334,82
pre,Precession index,strong_monsoon_start,Strong monsoon starts,83,553.55,-0.019029499999999717,162.5914447904753,5.5118121109856375,315.8035714285699,0.8772321428571387,False,-0.771373196193949,2.3702194573958444,83
pre,Precession index,strong_monsoon_start,Strong monsoon starts,84,555.65,-0.026239999999999913,163.18049341302338,6.100860733533729,349.5535714285702,0.9709821428571395,False,-0.18232457364585766,2.9592680799439357,84
pre,Precession index,strong_monsoon_start,Strong monsoon starts,85,559.15,-0.018001000000000347,164.18424358875464,0.821425602085398,47.064220183485865,0.1307339449541274,False,0.8214256020853982,-2.320167051504395,85
pre,Precession index,strong_monsoon_start,Strong monsoon starts,86,561.25,-0.00192,164.7895045587123,1.4266865720430673,81.74311926605482,0.22706422018348563,False,1.4266865720430673,-1.7149060815467259,86
pre,Precession index,strong_monsoon_start,Strong monsoon starts,87,562.25,0.007015,165.07772406821596,1.7149060815467152,98.25688073394457,0.2729357798165127,False,1.7149060815467152,-1.426686572043078,87
pre,Precession index,strong_monsoon_start,Strong monsoon starts,88,580.3,-0.035313,170.22244231285612,0.5764390190072888,33.02752293577909,0.09174311926605302,False,0.5764390190072888,-2.5651536345825043,88
pre,Precession index,strong_monsoon_start,Strong monsoon starts,89,582.95,-0.008925499999999297,170.9862240130408,1.3402207191919828,76.78899082568847,0.21330275229357906,False,1.3402207191919828,-1.8013719343978103,89
pre,Precession index,strong_monsoon_start,Strong monsoon starts,90,593.9,0.008137,174.19383265904546,4.547829365196627,260.5714285714271,0.7238095238095197,False,-1.7353559419829596,1.4062367116068337,90
pre,Precession index,strong_monsoon_start,Strong monsoon starts,91,604.0,-0.014542,177.2036082623903,1.2744196613618897,73.01886792452787,0.20283018867924407,False,1.2744196613618897,-1.8671729922279034,91
pre,Precession index,strong_monsoon_start,Strong monsoon starts,92,625.65,-0.010938000000000456,183.51669585813588,1.3043219499278749,74.73214285714111,0.2075892857142809,False,1.3043219499278749,-1.8372707036619182,92
pre,Precession index,strong_monsoon_start,Strong monsoon starts,93,627.55,0.003830499999999589,184.04964461186987,1.837270703661865,105.26785714285583,0.29241071428571064,False,1.837270703661865,-1.3043219499279282,93
pre,Precession index,strong_monsoon_start,Strong monsoon starts,94,630.1,0.018009,184.7649179392497,2.5525440310416982,146.24999999999952,0.4062499999999986,False,2.5525440310416982,-0.5890486225480949,94
pre,Precession index,strong_monsoon_start,Strong monsoon starts,95,633.3,0.020662,185.57130944978198,3.3589355415739774,192.45283018867838,0.534591194968551,False,-2.9242497656056092,0.21734288798418433,95
pre,Precession index,strong_monsoon_start,Strong monsoon starts,96,638.1,0.004721,186.51971477916757,4.307340870959571,246.79245283018756,0.6855345911949654,False,-1.9758444362200154,1.165748217369778,96
pre,Precession index,weak_monsoon_start,Weak monsoon starts,1,3.5,0.012394,3.8895909044445056,3.8895909044445056,222.85714285714286,0.6190476190476191,False,-2.393594402735081,0.7479982508547125,1
pre,Precession index,weak_monsoon_start,Weak monsoon starts,2,12.779,-0.018402270000000002,6.651818059834755,0.36863275265516915,21.121100917431185,0.058669724770642175,False,0.3686327526551692,-2.772959900934624,2
pre,Precession index,weak_monsoon_start,Weak monsoon starts,3,17.835,0.004350300000000005,8.109055899885215,1.8258705927056287,104.61467889908263,0.2905963302752296,False,1.8258705927056287,-1.3157220608841644,3
pre,Precession index,weak_monsoon_start,Weak monsoon starts,4,24.59,0.015006400000000005,10.039071524283813,3.7558862171042264,215.1964285714286,0.5977678571428572,False,-2.5272990900753602,0.6142935635144333,4
pre,Precession index,weak_monsoon_start,Weak monsoon starts,5,26.65,0.006809000000000008,10.616900173069077,4.33371486588949,248.30357142857136,0.6897321428571427,False,-1.949470441290096,1.1921222122996973,5
pre,Precession index,weak_monsoon_start,Weak monsoon starts,6,27.555,0.002538800000000005,10.870752079452895,4.587566772273309,262.8482142857143,0.7301339285714286,False,-1.6956185349062773,1.445974118683516,6
pre,Precession index,weak_monsoon_start,Weak monsoon starts,7,28.715,-0.0029638000000000017,11.196131318574695,4.912946011395109,281.4910714285714,0.7819196428571428,False,-1.3702392957844778,1.7713533578053156,7
pre,Precession index,weak_monsoon_start,Weak monsoon starts,8,30.42,-0.00977940000000001,11.674382700214927,5.391197393035341,308.8928571428571,0.8580357142857142,False,-0.8919879141442453,2.249604739445548,8
pre,Precession index,weak_monsoon_start,Weak monsoon starts,9,31.975,-0.013868750000000003,12.110559180244582,5.827373873064996,333.8839285714286,0.9274553571428572,False,-0.4558114341145905,2.685781219475203,9
pre,Precession index,weak_monsoon_start,Weak monsoon starts,10,33.42,-0.0152212,12.51588073242648,6.232695425246893,357.1071428571429,0.9919642857142857,False,-0.050489881932693124,3.0911027716571002,10
pre,Precession index,weak_monsoon_start,Weak monsoon starts,11,34.75,-0.0145935,12.833987766331637,0.2676171519724644,15.333333333333364,0.042592592592592675,False,0.2676171519724644,-2.8739755016173287,11
pre,Precession index,weak_monsoon_start,Weak monsoon starts,12,36.75,-0.0106355,13.29940890019679,0.7330382858376172,41.99999999999993,0.11666666666666647,False,0.7330382858376173,-2.408554367752176,12
pre,Precession index,weak_monsoon_start,Weak monsoon starts,13,39.955,-0.0005469500000000035,14.0452462672157,1.4788756528565283,84.73333333333332,0.23537037037037034,False,1.4788756528565283,-1.6627170007332648,13
pre,Precession index,weak_monsoon_start,Weak monsoon starts,14,42.475,0.007276500000000005,14.631676895885796,2.065306281526624,118.33333333333337,0.3287037037037038,False,2.065306281526624,-1.0762863720631692,14
pre,Precession index,weak_monsoon_start,Weak monsoon starts,15,44.485,0.011741999999999999,15.099425135420276,2.5330545210611035,145.13333333333333,0.40314814814814814,False,2.5330545210611035,-0.6085381325286896,15
pre,Precession index,weak_monsoon_start,Weak monsoon starts,16,45.73,0.013364899999999996,15.389149791251334,2.822779176892162,161.73333333333332,0.4492592592592592,False,2.822779176892162,-0.3188134766976312,16
pre,Precession index,weak_monsoon_start,Weak monsoon starts,17,48.47,0.013287700000000001,16.036511507293852,3.4701408929346798,198.82442748091603,0.5522900763358778,False,-2.813044414244907,0.32854823934488664,17
pre,Precession index,weak_monsoon_start,Weak monsoon starts,18,48.92,0.012754199999999997,16.14442881218816,3.5780581978289874,205.00763358778636,0.5694656488549621,False,-2.7051271093505993,0.43646554423919426,18
pre,Precession index,weak_monsoon_start,Weak monsoon starts,19,55.23,-0.0067109999999999835,17.657669243039425,5.091298628680253,291.70992366412213,0.8103053435114504,False,-1.1918866784993336,1.9497059750904597,19
pre,Precession index,weak_monsoon_start,Weak monsoon starts,20,56.32,-0.010744600000000009,17.919068937116744,5.352698322757572,306.6870229007634,0.8519083969465651,False,-0.9304869844220145,2.211105669167779,20
pre,Precession index,weak_monsoon_start,Weak monsoon starts,21,68.655,0.01650465000000001,21.15930947685195,2.30975355531319,132.33913043478253,0.3676086956521737,False,2.30975355531319,-0.8318390982766033,21
pre,Precession index,weak_monsoon_start,Weak monsoon starts,22,69.575,0.020243250000000025,21.410636889139134,2.5610809676003754,146.73913043478265,0.407608695652174,False,2.5610809676003754,-0.5805116859894178,22
pre,Precession index,weak_monsoon_start,Weak monsoon starts,23,70.155,0.022017200000000004,21.569082431668008,2.719526510129249,155.8173913043477,0.4328260869565214,False,2.719526510129249,-0.4220661434605439,23
pre,Precession index,weak_monsoon_start,Weak monsoon starts,24,73.4,0.021217,22.463777558411973,3.6142216368732143,207.07964601769916,0.5752212389380532,False,-2.6689636703063724,0.4726289832834212,24
pre,Precession index,weak_monsoon_start,Weak monsoon starts,25,77.51,-0.0034342000000000426,23.60642762976189,4.75687170822313,272.54867256637175,0.7570796460176993,False,-1.5263135989564562,1.615279054633337,25
pre,Precession index,weak_monsoon_start,Weak monsoon starts,26,88.425,-0.0011000000000000653,26.614753415303095,1.4820121865847504,84.91304347826087,0.23586956521739133,False,1.4820121865847504,-1.6595804670050427,26
pre,Precession index,weak_monsoon_start,Weak monsoon starts,27,98.65,0.013995999999999929,29.459571110707927,4.326829881989582,247.90909090909108,0.6886363636363642,False,-1.9563554251900046,1.1852372283997887,27
pre,Precession index,weak_monsoon_start,Weak monsoon starts,28,100.35,-0.00459749999999992,29.945089975353618,4.812348746635273,275.72727272727263,0.7659090909090908,False,-1.4708365605443137,1.6707560930454797,28
pre,Precession index,weak_monsoon_start,Weak monsoon starts,29,105.75,-0.042206,31.49002070225618,0.07409416635825039,4.245283018867956,0.011792452830188767,False,0.07409416635825039,-3.0674984872315427,29
pre,Precession index,weak_monsoon_start,Weak monsoon starts,30,106.35,-0.04109100000000002,31.66784670151598,0.2519201656180492,14.43396226415093,0.04009433962264147,False,0.2519201656180492,-2.889672487971744,30
pre,Precession index,weak_monsoon_start,Weak monsoon starts,31,117.45,0.0405765,34.946615527317654,3.530688991419723,202.29357798165145,0.5619266055045874,False,-2.7524963157598634,0.3890963378299297,31
pre,Precession index,weak_monsoon_start,Weak monsoon starts,32,120.55,0.0123235,35.84009600677897,4.42416947088104,253.48623853211015,0.7041284403669726,False,-1.8590158362985465,1.2825768172912468,32
pre,Precession index,weak_monsoon_start,Weak monsoon starts,33,151.05,-0.02808899999999999,44.09274376698488,0.11044661672777778,6.328125000000665,0.01757812500000185,False,0.1104466167277778,-3.0311460368620153,33
pre,Precession index,weak_monsoon_start,Weak monsoon starts,34,158.95,0.013867499999999911,46.031695482872315,2.049398332615212,117.42187499999973,0.3261718749999992,False,2.049398332615212,-1.0921943209745812,34
pre,Precession index,weak_monsoon_start,Weak monsoon starts,35,162.0,0.02801,46.78027810736051,2.7979809571034053,160.31249999999977,0.44531249999999933,False,2.7979809571034053,-0.3436116964863878,35
pre,Precession index,weak_monsoon_start,Weak monsoon starts,36,165.15,0.027005499999999953,47.57452809432084,3.5922309440637363,205.8196721311474,0.5717213114754094,False,-2.6909543631158503,0.4506382904739432,36
pre,Precession index,weak_monsoon_start,Weak monsoon starts,37,166.8,0.019305,47.99941562533913,4.017118475082029,230.16393442622942,0.6393442622950817,False,-2.266066832097558,0.8755258214922357,37
pre,Precession index,weak_monsoon_start,Weak monsoon starts,38,170.25,-0.0074535,48.887816826559195,4.905519676302092,281.0655737704916,0.7807377049180323,False,-1.3776656308774948,1.7639270227122985,38
pre,Precession index,weak_monsoon_start,Weak monsoon starts,39,171.05,-0.014190000000000117,49.09382290220443,5.111525751947326,292.8688524590163,0.8135245901639342,False,-1.1716595552322604,1.969933098357533,39
pre,Precession index,weak_monsoon_start,Weak monsoon starts,40,174.85,-0.03556499999999997,50.072351761519286,6.0900546112621825,348.9344262295083,0.9692622950819675,False,-0.19313069591740398,2.9484619576723894,40
pre,Precession index,weak_monsoon_start,Weak monsoon starts,41,179.65,-0.015351499999999865,51.39145150584719,1.1259690484105036,64.51327433628333,0.17920353982300924,False,1.1259690484105036,-2.0156236051792895,41
pre,Precession index,weak_monsoon_start,Weak monsoon starts,42,187.75,0.0410095,53.649834543349336,3.3843520859126457,193.9090909090912,0.5386363636363645,False,-2.898833221266941,0.24275943232285258,42
pre,Precession index,weak_monsoon_start,Weak monsoon starts,43,191.75,0.0069115,54.79223187192744,4.526749414490752,259.3636363636366,0.7204545454545461,False,-1.7564358926888348,1.3851567609009585,43
pre,Precession index,weak_monsoon_start,Weak monsoon starts,44,193.25,-0.0120255,55.220630870144234,4.955148412707544,283.9090909090913,0.7886363636363647,False,-1.3280368944720424,1.813555759117751,44
pre,Precession index,weak_monsoon_start,Weak monsoon starts,45,201.15,-0.02780749999999985,57.460290632845464,0.9116228682291876,52.23214285714323,0.14508928571428675,False,0.9116228682291877,-2.2299697853606055,45
pre,Precession index,weak_monsoon_start,Weak monsoon starts,46,209.25,0.049277,59.73233531981664,3.1836675552003655,182.410714285714,0.5066964285714277,False,-3.099517751979221,0.04207490161057237,46
pre,Precession index,weak_monsoon_start,Weak monsoon starts,47,221.05,-0.04869799999999996,63.050019228295156,0.2181661564992936,12.500000000000139,0.034722222222222605,False,0.2181661564992936,-2.9234264970904995,47
pre,Precession index,weak_monsoon_start,Weak monsoon starts,48,228.65,0.03491200000000014,65.26076961415464,2.4289165423587775,139.1666666666668,0.38657407407407446,False,2.4289165423587775,-0.7126761112310156,48
pre,Precession index,weak_monsoon_start,Weak monsoon starts,49,232.65,0.041301499999999915,66.43282955680681,3.6009764850109462,206.32075471698136,0.5731132075471704,False,-2.6822088221686404,0.45938383142115313,49
pre,Precession index,weak_monsoon_start,Weak monsoon starts,50,234.15,0.028402499999999848,66.87739455495631,4.045541483160449,231.7924528301891,0.6438679245283031,False,-2.237643824019138,0.9039488295706555,50
pre,Precession index,weak_monsoon_start,Weak monsoon starts,51,246.75,-0.008779499999999999,70.49460732685618,1.3795689478807347,79.04347826086953,0.21956521739130427,False,1.3795689478807347,-1.7620237057090584,51
pre,Precession index,weak_monsoon_start,Weak monsoon starts,52,250.05,0.018245500000000088,71.39610782745152,2.2810694484760674,130.69565217391306,0.3630434782608696,False,2.2810694484760674,-0.8605232051137257,52
pre,Precession index,weak_monsoon_start,Weak monsoon starts,53,252.15,0.027058000000000033,71.969789964194,2.8547515852185583,163.56521739130477,0.4543478260869577,False,2.8547515852185583,-0.2868410683712348,53
pre,Precession index,weak_monsoon_start,Weak monsoon starts,54,256.05,0.0217185,72.92480558948546,3.80976721051001,218.28358208955223,0.6063432835820896,False,-2.473418096669576,0.6681745569202171,54
pre,Precession index,weak_monsoon_start,Weak monsoon starts,55,259.65,0.002353000000000164,73.76881555612151,4.653777177146061,266.6417910447754,0.7406716417910427,False,-1.6294081300335252,1.512184523556268,55
pre,Precession index,weak_monsoon_start,Weak monsoon starts,56,276.95,0.019164999999999998,77.88032169872407,2.4820980125690397,142.21374045801554,0.39503816793893204,False,2.4820980125690397,-0.6594946410207534,56
pre,Precession index,weak_monsoon_start,Weak monsoon starts,57,281.4,0.022455,79.00422568853637,3.606002002381331,206.60869565217408,0.5739130434782613,False,-2.677183304798256,0.4644093487915377,57
pre,Precession index,weak_monsoon_start,Weak monsoon starts,58,284.7,0.003876,79.9057261891317,4.5075025029766635,258.2608695652176,0.7173913043478267,False,-1.775682804202923,1.3659098493868704,58
pre,Precession index,weak_monsoon_start,Weak monsoon starts,59,307.25,0.0047825,86.27635525769726,4.59494626436264,263.27102803738313,0.7313084112149532,False,-1.688239042816946,1.4533536107728473,59
pre,Precession index,weak_monsoon_start,Weak monsoon starts,60,318.05,-0.003723,89.44730859029258,1.4827142897783716,84.95327102803803,0.23598130841121676,False,1.4827142897783716,-1.6588783638114215,60
pre,Precession index,weak_monsoon_start,Weak monsoon starts,61,324.15,0.03449950000000004,91.23588573338064,3.271291432866434,187.43119266055035,0.5206422018348621,False,-3.0118938743131527,0.12969877927664086,61
pre,Precession index,weak_monsoon_start,Weak monsoon starts,62,341.15,0.007887499999999782,96.20753502493312,1.9597554172393288,112.28571428571324,0.31190476190475896,False,1.9597554172393288,-1.1818372363504643,62
pre,Precession index,weak_monsoon_start,Weak monsoon starts,63,349.55,0.006173,98.80150229244263,4.553722684748841,260.9090909090909,0.7247474747474747,False,-1.7294626224307452,1.4121300311590481,63
pre,Precession index,weak_monsoon_start,Weak monsoon starts,64,364.35,0.008923499999999997,103.73073521019633,3.199770295322949,183.333333333334,0.5092592592592612,False,-3.0834150118566375,0.058177641733156094,64
pre,Precession index,weak_monsoon_start,Weak monsoon starts,65,367.35,0.004349999999999929,104.89428804485922,4.363323129985844,250.00000000000114,0.6944444444444476,False,-1.9198621771937427,1.2217304763960506,65
pre,Precession index,weak_monsoon_start,Weak monsoon starts,66,368.65,0.0010910000000000687,105.39849427321312,4.867529358339738,278.8888888888887,0.7746913580246908,False,-1.4156559488398488,1.7259367047499445,66
pre,Precession index,weak_monsoon_start,Weak monsoon starts,67,369.55,-0.0010125,105.74756012361199,5.21659520873861,298.8888888888891,0.8302469135802474,False,-1.0665900984409762,2.075002555148817,67
pre,Precession index,weak_monsoon_start,Weak monsoon starts,68,371.55,-0.0039605,106.52326201338725,5.992297098513873,343.3333333333338,0.953703703703705,False,-0.29088820866571324,2.85070444492408,68
pre,Precession index,weak_monsoon_start,Weak monsoon starts,69,371.95,-0.004171,106.67840239134229,6.147437476468909,352.2222222222218,0.9783950617283939,False,-0.13574783071067764,3.0058448228791157,69
pre,Precession index,weak_monsoon_start,Weak monsoon starts,70,378.65,0.006011499999999963,109.37172885670618,2.5575786346532183,146.53846153846092,0.4070512820512803,False,2.5575786346532183,-0.5840140189365748,70
pre,Precession index,weak_monsoon_start,Weak monsoon starts,71,398.85,0.015472499999999985,116.34999458976745,3.2526590605348957,186.36363636363689,0.5176767676767691,False,-3.030526246644691,0.11106640694510261,71
pre,Precession index,weak_monsoon_start,Weak monsoon starts,72,430.15,-0.0068115000000000606,126.44007674189264,0.7763705983009146,44.482758620689005,0.1235632183908028,False,0.7763705983009146,-2.3652220552888785,72
pre,Precession index,weak_monsoon_start,Weak monsoon starts,73,441.85,-0.003331500000000075,130.70873434612122,5.045028202529494,289.05882352941194,0.8029411764705886,False,-1.2381571046500925,1.9034355489397008,73
pre,Precession index,weak_monsoon_start,Weak monsoon starts,74,453.55,0.0132595,134.70818604629497,2.7612945955236583,158.21052631578937,0.439473684210526,False,2.7612945955236583,-0.3802980580661348,74
pre,Precession index,weak_monsoon_start,Weak monsoon starts,75,457.6,0.008169,135.99052555935222,4.04363410858091,231.68316831683103,0.6435643564356418,False,-2.2395511985986762,0.9020414549911173,75
pre,Precession index,weak_monsoon_start,Weak monsoon starts,76,460.15,-0.004688499999999841,136.78369994218923,4.836808491417919,277.1287128712854,0.769801980198015,False,-1.4463768157616672,1.6952158378281261,76
pre,Precession index,weak_monsoon_start,Weak monsoon starts,77,467.35,-0.014710499999999852,139.02325114078792,0.793174382837023,45.44554455445522,0.1262376237623756,False,0.793174382837023,-2.34841827075277,77
pre,Precession index,weak_monsoon_start,Weak monsoon starts,78,475.35,0.02807049999999996,141.51026908743435,3.280192329483455,187.94117647058792,0.5220588235294109,False,-3.0029929776961315,0.13859967589366207,78
pre,Precession index,weak_monsoon_start,Weak monsoon starts,79,479.05,0.006837500000000001,142.64986642256005,4.419789664609155,253.23529411764622,0.7034313725490172,False,-1.8633956425704314,1.278197011019362,79
pre,Precession index,weak_monsoon_start,Weak monsoon starts,80,500.1,0.008059,149.01818737971206,4.504925314581577,258.11320754716905,0.7169811320754695,False,-1.7782599925980096,1.3633326609917837,80
pre,Precession index,weak_monsoon_start,Weak monsoon starts,81,513.95,0.016546500000000307,153.14516187999388,2.348714507683809,134.5714285714292,0.3738095238095256,False,2.348714507683809,-0.7928781459059842,81
pre,Precession index,weak_monsoon_start,Weak monsoon starts,82,521.95,0.003959999999999697,155.3745802563875,4.578132884077434,262.3076923076923,0.7286324786324786,False,-1.7050524231021529,1.4365402304876405,82
pre,Precession index,weak_monsoon_start,Weak monsoon starts,83,535.0,-0.004603,158.3325297496713,1.252897070181639,71.78571428571402,0.19940476190476117,False,1.252897070181639,-1.888695583408154,83
pre,Precession index,weak_monsoon_start,Weak monsoon starts,84,552.7,-0.014435,162.35302034801538,5.2733876685257215,302.142857142857,0.8392857142857139,False,-1.009797638653865,2.1317950149359284,84
pre,Precession index,weak_monsoon_start,Weak monsoon starts,85,554.2,-0.022007,162.77376936412116,5.694136684631509,326.2500000000005,0.9062500000000014,False,-0.5890486225480774,2.552544031041716,85
pre,Precession index,weak_monsoon_start,Weak monsoon starts,86,556.95,-0.026347499999999923,163.55016066784663,0.18734268117738395,10.733944954129068,0.029816513761469637,False,0.18734268117738395,-2.954249972412409,86
pre,Precession index,weak_monsoon_start,Weak monsoon starts,87,560.45,-0.008694999999999538,164.5589289511094,1.196110964440166,68.532110091744,0.19036697247706666,False,1.196110964440166,-1.9454816891496272,87
pre,Precession index,weak_monsoon_start,Weak monsoon starts,88,569.5,0.027933,167.15537128019204,3.7925532935228006,217.29729729729658,0.6036036036036015,False,-2.490632013656786,0.6509606399330076,88
pre,Precession index,weak_monsoon_start,Weak monsoon starts,89,589.8,0.045684,172.9671155276437,3.321112233794871,190.28571428571124,0.5285714285714201,False,-2.962073073384716,0.17951958020507774,89
pre,Precession index,weak_monsoon_start,Weak monsoon starts,90,614.9,0.01078,180.42137248887175,4.492183887843339,257.38317757009287,0.7149532710280359,False,-1.7910014193362473,1.350591234253546,90
pre,Precession index,weak_monsoon_start,Weak monsoon starts,91,629.0,0.013084,184.4563686607721,2.243994752564113,128.57142857142713,0.3571428571428532,False,2.243994752564113,-0.8975979010256802,91
pre,Precession index,weak_monsoon_start,Weak monsoon starts,92,632.3,0.021623,185.37372500615996,3.1613510979519575,181.13207547169608,0.5031446540880447,False,-3.121834209227629,0.019758444362164344,92
pre,Precession index,weak_monsoon_start,Weak monsoon starts,93,635.2,0.015694,185.9467198926638,3.7343459844557927,213.96226415094344,0.5943396226415095,False,-2.548839322723794,0.5927533308659996,93
pre,Precession index,weak_monsoon_start,Weak monsoon starts,94,639.2,0.000747,186.7370576671518,4.524683758943787,259.2452830188678,0.7201257861635216,False,-1.758501548235799,1.3830911053539943,94
obl,Obliquity,strong_monsoon_start,Strong monsoon starts,1,10.824,0.42258956000000003,3.3571091651624814,3.3571091651624814,192.3481865284974,0.534300518134715,False,-2.9260761420171053,0.21551651157268825,1
obl,Obliquity,strong_monsoon_start,Strong monsoon starts,2,11.514,0.4221101,3.4694251719488522,3.4694251719488522,198.78341968911917,0.5521761658031088,False,-2.8137601352307344,0.32783251835905913,2
obl,Obliquity,strong_monsoon_start,Strong monsoon starts,3,14.617,0.417671,3.974521648844662,3.974521648844662,227.72331606217617,0.6325647668393782,False,-2.308663658334924,0.8329289952548692,3
obl,Obliquity,strong_monsoon_start,Strong monsoon starts,4,23.685,0.39380235,5.450581865567576,5.450581865567576,312.2953367875648,0.8674870466321244,False,-0.83260344161201,2.3089892119777833,4
obl,Obliquity,strong_monsoon_start,Strong monsoon starts,5,27.955,0.3877399,6.145638893071639,6.145638893071639,352.11917098445593,0.9781088082901553,False,-0.13754641410794768,3.0040462394818457,5
obl,Obliquity,strong_monsoon_start,Strong monsoon starts,6,29.43,0.38769509999999996,6.3836524834111374,0.10046717623155121,5.756345177664944,0.015989847715735955,False,0.10046717623155123,-3.041125477358242,6
obl,Obliquity,strong_monsoon_start,Strong monsoon starts,7,32.675,0.39150025,6.901138176857781,0.6179528696781951,35.40609137055836,0.09835025380710656,False,0.6179528696781951,-2.523639783911598,7
obl,Obliquity,strong_monsoon_start,Strong monsoon starts,8,33.995,0.394379,7.111640831819128,0.8284555246395415,47.46700507614211,0.13185279187817253,False,0.8284555246395415,-2.3131371289502516,8
obl,Obliquity,strong_monsoon_start,Strong monsoon starts,9,35.535,0.3984374,7.357227262607365,1.074041955427779,61.53807106598981,0.17093908629441615,False,1.074041955427779,-2.067550698162014,9
obl,Obliquity,strong_monsoon_start,Strong monsoon starts,10,38.305,0.4067945,7.798963894609585,1.515778587429999,86.8477157360406,0.24124365482233498,False,1.515778587429999,-1.6258140661597942,10
obl,Obliquity,strong_monsoon_start,Strong monsoon starts,11,41.595,0.41647565,8.323625814929912,2.0404405077503256,116.9086294416244,0.3247461928934011,False,2.0404405077503256,-1.1011521458394675,11
obl,Obliquity,strong_monsoon_start,Strong monsoon starts,12,43.615,0.42126345000000004,8.645758665704093,2.3625733585245072,135.36548223350255,0.376015228426396,False,2.3625733585245072,-0.7790192950652859,12
obl,Obliquity,strong_monsoon_start,Strong monsoon starts,13,47.25,0.426129,9.225438325389316,2.9422530182097297,168.57868020304565,0.46827411167512684,False,2.9422530182097297,-0.19933963538006338,13
obl,Obliquity,strong_monsoon_start,Strong monsoon starts,14,49.65,0.42624850000000003,9.59439446554066,3.3112091583610734,189.71830985915494,0.5269953051643194,False,-2.9719761488185132,0.16961650477128032,14
obl,Obliquity,strong_monsoon_start,Strong monsoon starts,15,53.8,0.420979,10.206488808845712,3.923303501666126,224.78873239436618,0.624413145539906,False,-2.3598818055134605,0.7817108480763331,15
obl,Obliquity,strong_monsoon_start,Strong monsoon starts,16,54.37,0.41981229999999997,10.29055959816713,4.007374290987544,229.60563380281693,0.637793427230047,False,-2.275811016192043,0.8657816373977507,16
obl,Obliquity,strong_monsoon_start,Strong monsoon starts,17,55.745,0.4166781,10.493361940828443,4.210176633648857,241.22535211267606,0.6700704225352113,False,-2.0730086735307296,1.0685839800590635,17
obl,Obliquity,strong_monsoon_start,Strong monsoon starts,18,58.21,0.4103091,10.85693123149036,4.573745924310774,262.056338028169,0.7279342723004696,False,-1.7094393828688121,1.4321532707209812,18
obl,Obliquity,strong_monsoon_start,Strong monsoon starts,19,59.785,0.4060652,11.089232096720592,4.806046789541005,275.3661971830986,0.764906103286385,False,-1.4771385176385812,1.6644541359512122,19
obl,Obliquity,strong_monsoon_start,Strong monsoon starts,20,65.48,0.393332,11.92920252687054,5.646017219690954,323.49295774647896,0.8985915492957749,False,-0.6371680874886326,2.504424566101161,20
obl,Obliquity,strong_monsoon_start,Strong monsoon starts,21,69.18,0.3899988,12.474925194395528,6.191739887215942,354.7605633802818,0.9854460093896716,False,-0.09144541996364478,3.0501472336261486,21
obl,Obliquity,strong_monsoon_start,Strong monsoon starts,22,72.285,0.3910271,12.918030873105597,0.35166025874642415,20.148648648648596,0.05596846846846833,False,0.35166025874642415,-2.789932394843369,22
obl,Obliquity,strong_monsoon_start,Strong monsoon starts,23,75.28,0.39496400000000004,13.341862854975032,0.7754922406158595,44.43243243243247,0.12342342342342354,False,0.7754922406158595,-2.3661004129739336,23
obl,Obliquity,strong_monsoon_start,Strong monsoon starts,24,76.245,0.3967144,13.478423076178373,0.9120524618192007,52.25675675675686,0.14515765765765795,False,0.9120524618192007,-2.2295401917705924,24
obl,Obliquity,strong_monsoon_start,Strong monsoon starts,25,84.13,0.4143,14.594254520933124,2.027883906573951,116.18918918918914,0.3227477477477476,False,2.027883906573951,-1.113708747015842,25
obl,Obliquity,strong_monsoon_start,Strong monsoon starts,26,85.0,0.416068,14.717370989790021,2.151000375430849,123.24324324324321,0.3423423423423423,False,2.151000375430849,-0.9905922781589442,26
obl,Obliquity,strong_monsoon_start,Strong monsoon starts,27,89.79,0.4227965,15.395219134415928,2.8288485200567557,162.08108108108112,0.4502252252252253,False,2.8288485200567557,-0.3127441335330374,27
obl,Obliquity,strong_monsoon_start,Strong monsoon starts,28,105.15,0.3996705,17.76328383484975,5.196913220490579,297.7611940298508,0.8271144278606967,False,-1.0862720866890074,2.055320566900786,28
obl,Obliquity,strong_monsoon_start,Strong monsoon starts,29,108.55,0.39258699999999996,18.29469751754653,5.728326903187359,328.2089552238806,0.9116915422885572,False,-0.5548584039922277,2.5867342495975656,29
obl,Obliquity,strong_monsoon_start,Strong monsoon starts,30,128.55,0.4225435,21.613149459054913,2.7635935375161544,158.34224598930479,0.4398395721925133,False,2.7635935375161544,-0.3779991160736386,30
obl,Obliquity,strong_monsoon_start,Strong monsoon starts,31,130.45,0.423666,21.932348712628205,3.082792791089446,176.63101604278054,0.490641711229946,False,3.082792791089446,-0.05879986250034719,31
obl,Obliquity,strong_monsoon_start,Strong monsoon starts,32,147.65,0.392265,24.837161274751562,5.987605353212803,343.0645161290322,0.9529569892473116,False,-0.29557995396678316,2.84601269962301,32
obl,Obliquity,strong_monsoon_start,Strong monsoon starts,33,149.05,0.3916115,25.07362523792499,6.224069316386231,356.6129032258065,0.9905913978494626,False,-0.05911599079335541,3.082476662796438,33
obl,Obliquity,strong_monsoon_start,Strong monsoon starts,34,151.75,0.3928085,25.507499743232863,0.374758514514518,21.472081218274088,0.05964467005076135,False,0.374758514514518,-2.766834139075275,34
obl,Obliquity,strong_monsoon_start,Strong monsoon starts,35,157.05,0.40240600000000004,26.35269979724433,1.2199585685259855,69.8984771573604,0.19416243654822332,False,1.2199585685259855,-1.9216340850638076,35
obl,Obliquity,strong_monsoon_start,Strong monsoon starts,36,158.15,0.40499100000000005,26.528118676378785,1.3953774476604401,79.94923857868015,0.2220812182741115,False,1.3953774476604401,-1.746215205929353,36
obl,Obliquity,strong_monsoon_start,Strong monsoon starts,37,160.5,0.410429,26.902877190893303,1.7701359621749582,101.42131979695424,0.2817258883248729,False,1.7701359621749582,-1.371456691414835,37
obl,Obliquity,strong_monsoon_start,Strong monsoon starts,38,163.8,0.416755,27.429133828296674,2.296392599578329,131.57360406091388,0.3654822335025386,False,2.296392599578329,-0.845200054011464,38
obl,Obliquity,strong_monsoon_start,Strong monsoon starts,39,168.75,0.420993,28.21851878440172,3.085777555683375,176.80203045685278,0.4911167512690355,False,3.085777555683375,-0.05581509790641803,39
obl,Obliquity,strong_monsoon_start,Strong monsoon starts,40,169.55,0.4209865,28.338302963489834,3.2055617347714893,183.66515837104092,0.5101809954751136,False,-3.0776235724080974,0.0639690811816962,40
obl,Obliquity,strong_monsoon_start,Strong monsoon starts,41,173.15,0.41866349999999997,28.850055612943372,3.717314384225027,212.98642533936652,0.5916289592760181,False,-2.5658709229545598,0.5757217306352338,41
obl,Obliquity,strong_monsoon_start,Strong monsoon starts,42,176.25,0.414138,29.290731505528367,4.157990276810022,238.23529411764716,0.6617647058823531,False,-2.125195030369565,1.0163976232202288,42
obl,Obliquity,strong_monsoon_start,Strong monsoon starts,43,177.95,0.410989,29.532392478881427,4.399651250163082,252.08144796380094,0.7002262443438915,False,-1.8835340570165047,1.2580585965732887,43
obl,Obliquity,strong_monsoon_start,Strong monsoon starts,44,182.55,0.4017385,30.186298642072064,5.053557413353719,289.5475113122173,0.8042986425339369,False,-1.2296278938258676,1.9119647597639258,44
obl,Obliquity,strong_monsoon_start,Strong monsoon starts,45,190.65,0.3917435,31.33774210334253,6.2050008746241865,355.52036199095033,0.9875565610859732,False,-0.07818443255539999,3.0634082210343934,45
obl,Obliquity,strong_monsoon_start,Strong monsoon starts,46,192.75,0.392069,31.646707038886756,0.23078050298882502,13.222748815165954,0.036729857819905426,False,0.23078050298882502,-2.910812150600968,46
obl,Obliquity,strong_monsoon_start,Strong monsoon starts,47,198.95,0.40122149999999995,32.569829050842046,1.1539025149441144,66.11374407582916,0.18364928909952544,False,1.1539025149441144,-1.9876901386456787,47
obl,Obliquity,strong_monsoon_start,Strong monsoon starts,48,219.05,0.416933,35.633953220540064,4.218026684642133,241.6751269035533,0.6713197969543147,False,-2.0651586225374534,1.0764340310523401,48
obl,Obliquity,strong_monsoon_start,Strong monsoon starts,49,225.2,0.397293,36.61470422660997,5.198777690712042,297.86802030456846,0.8274111675126902,False,-1.0844076164675445,2.057185037122249,49
obl,Obliquity,strong_monsoon_start,Strong monsoon starts,50,230.75,0.385745,37.499772207697454,6.083845671799523,348.5786802030457,0.9682741116751269,False,-0.19933963538006363,2.9422530182097297,50
obl,Obliquity,strong_monsoon_start,Strong monsoon starts,51,241.65,0.40664150000000004,39.253797438315544,1.554685595238027,89.07692307692314,0.2474358974358976,False,1.554685595238027,-1.5869070583517662,51
obl,Obliquity,strong_monsoon_start,Strong monsoon starts,52,248.25,0.42364599999999997,40.31710572106901,2.617993877991495,150.00000000000003,0.41666666666666674,False,2.617993877991495,-0.5235987755982983,52
obl,Obliquity,strong_monsoon_start,Strong monsoon starts,53,251.15,0.425975,40.78431693621827,3.0852050931407504,176.76923076923106,0.4910256410256418,False,3.0852050931407504,-0.056387560449042695,53
obl,Obliquity,strong_monsoon_start,Strong monsoon starts,54,258.75,0.4161245,41.95175555708322,4.2526437140057,243.6585365853661,0.6768292682926836,False,-2.030541593173887,1.1110510604159067,54
obl,Obliquity,strong_monsoon_start,Strong monsoon starts,55,264.0,0.403233,42.75630977324646,5.05719793016894,289.75609756097583,0.8048780487804885,False,-1.2259873770106469,1.9156052765791465,55
obl,Obliquity,strong_monsoon_start,Strong monsoon starts,56,272.85,0.3934925,44.10367686641854,0.12137971616143517,6.954545454546104,0.019318181818183625,False,0.12137971616143518,-3.020212937428358,56
obl,Obliquity,strong_monsoon_start,Strong monsoon starts,57,293.9,0.418536,47.10960983723967,3.127312686982563,179.18181818181796,0.49772727272727213,False,3.127312686982563,-0.014279966607229966,57
obl,Obliquity,strong_monsoon_start,Strong monsoon starts,58,315.45,0.394114,50.52449674536564,0.25901428792894876,14.840425531915068,0.04122340425531963,False,0.25901428792894876,-2.8825783656608444,58
obl,Obliquity,strong_monsoon_start,Strong monsoon starts,59,316.35,0.394825,50.67489213835665,0.409409680919957,23.457446808511243,0.06515957446808679,False,0.409409680919957,-2.732182972669836,59
obl,Obliquity,strong_monsoon_start,Strong monsoon starts,60,332.45,0.423309,53.36529861297343,3.099816155536743,177.60638297872373,0.49335106382978816,False,3.099816155536743,-0.04177649805304995,60
obl,Obliquity,strong_monsoon_start,Strong monsoon starts,61,334.05,0.422907,53.630293536413134,3.3648110789764445,192.789473684211,0.535526315789475,False,-2.918374228203142,0.22321842538665138,61
obl,Obliquity,strong_monsoon_start,Strong monsoon starts,62,337.35,0.41871749999999996,54.175938576247155,3.9104561188104654,224.05263157894808,0.6223684210526336,False,-2.3727291883691213,0.7688634652206723,62
obl,Obliquity,strong_monsoon_start,Strong monsoon starts,63,351.45,0.3892785,56.50733101917431,6.241848561737619,357.63157894736867,0.9934210526315795,False,-0.041336745441967325,3.100255908147826,63
obl,Obliquity,strong_monsoon_start,Strong monsoon starts,64,365.65,0.41700099999999996,58.70754547484177,2.1588777102254966,123.69458128078809,0.3435960591133002,False,2.1588777102254966,-0.9827149433642965,64
obl,Obliquity,strong_monsoon_start,Strong monsoon starts,65,368.1,0.421243,59.08670320889572,2.538035444279444,145.41871921182297,0.40394088669950823,False,2.538035444279444,-0.603557209310349,65
obl,Obliquity,strong_monsoon_start,Strong monsoon starts,66,370.75,0.423623,59.496812594709155,2.948144830092879,168.91625615763513,0.4692118226600976,False,2.948144830092879,-0.19344782349691414,66
obl,Obliquity,strong_monsoon_start,Strong monsoon starts,67,375.95,0.4213165,60.24424662274534,3.6955788581290605,211.7410714285712,0.5881696428571422,False,-2.5876064490505257,0.5539862045392674,67
obl,Obliquity,strong_monsoon_start,Strong monsoon starts,68,377.45,0.41918049999999996,60.45462113079822,3.905953366181947,223.79464285714255,0.6216517857142848,False,-2.3772319409976395,0.7643607125921541,68
obl,Obliquity,strong_monsoon_start,Strong monsoon starts,69,390.8,0.39347,62.32695425246894,5.778286487852661,331.0714285714289,0.9196428571428581,False,-0.5048988193269255,2.636693834262868,69
obl,Obliquity,strong_monsoon_start,Strong monsoon starts,70,393.6,0.391586,62.71965333416766,6.170985569551384,353.57142857142884,0.9821428571428579,False,-0.11219973762820269,3.0293929159615907,70
obl,Obliquity,strong_monsoon_start,Strong monsoon starts,71,412.25,0.420985,65.42803033413743,2.5961772623415698,148.75000000000026,0.4131944444444452,False,2.5961772623415698,-0.5454153912482232,71
obl,Obliquity,strong_monsoon_start,Strong monsoon starts,72,426.05,0.40788549999999996,67.56002894993729,4.728175878141428,270.9045226130657,0.7525125628140713,False,-1.5550094290381582,1.5865832245516351,72
obl,Obliquity,strong_monsoon_start,Strong monsoon starts,73,447.4,0.411033,71.02658946449304,1.9115510855175941,109.52380952380925,0.30423280423280347,False,1.9115510855175941,-1.230041568072199,73
obl,Obliquity,strong_monsoon_start,Strong monsoon starts,74,449.45,0.414976,71.36734422321575,2.252305844240304,129.0476190476192,0.3584656084656089,False,2.252305844240304,-0.889286809349489,74
obl,Obliquity,strong_monsoon_start,Strong monsoon starts,75,458.9,0.41698,72.93100432469707,3.815965945721622,218.63874345549672,0.6073298429319354,False,-2.4672193614579645,0.6743732921318291,75
obl,Obliquity,strong_monsoon_start,Strong monsoon starts,76,463.15,0.41007950000000004,73.6300498104435,4.5150114314680465,258.6910994764394,0.7185863874345538,False,-1.76817387571154,1.3734187778782534,76
obl,Obliquity,strong_monsoon_start,Strong monsoon starts,77,465.95,0.4049215,74.09059742458231,4.975559045606865,285.0785340314132,0.7918848167539256,False,-1.3076262615727219,1.8339663920170715,77
obl,Obliquity,strong_monsoon_start,Strong monsoon starts,78,472.75,0.39717199999999997,75.2090702017766,6.094031822801149,349.1623036649218,0.9698952879581162,False,-0.1891534843784373,2.952439169211356,78
obl,Obliquity,strong_monsoon_start,Strong monsoon starts,79,483.65,0.40667899999999996,76.88514253918903,1.4869188530339983,85.19417475728122,0.2366504854368923,False,1.4869188530339983,-1.6546738005557948,79
obl,Obliquity,strong_monsoon_start,Strong monsoon starts,80,504.15,0.408268,79.95646910176079,4.558245415605754,261.16822429906557,0.7254672897196266,False,-1.7249398915738328,1.4166527620159606,80
obl,Obliquity,strong_monsoon_start,Strong monsoon starts,81,531.75,0.4193625,84.122303285462,2.440894292127375,139.85294117647123,0.38848039215686453,False,2.440894292127375,-0.7006983614624184,81
obl,Obliquity,strong_monsoon_start,Strong monsoon starts,82,548.25,0.402858,86.68151809298374,5.000109099649116,286.4851485148523,0.795792079207923,False,-1.2830762075304707,1.8585164460593226,82
obl,Obliquity,strong_monsoon_start,Strong monsoon starts,83,553.55,0.39310500000000004,87.50579735357906,5.824388360244434,333.7128712871282,0.9269801980198006,False,-0.4587969469351523,2.682795706654641,83
obl,Obliquity,strong_monsoon_start,Strong monsoon starts,84,555.65,0.391627,87.83239857004136,6.150989576706742,352.4257425742571,0.9789603960396029,False,-0.13219573047284452,3.009396923116949,84
obl,Obliquity,strong_monsoon_start,Strong monsoon starts,85,559.15,0.392775,88.35729338221293,0.3926990816987228,22.499999999999922,0.062499999999999785,False,0.3926990816987228,-2.7488935718910703,85
obl,Obliquity,strong_monsoon_start,Strong monsoon starts,86,561.25,0.395407,88.66848888091758,0.7038945804033716,40.330188679245175,0.11202830188679216,False,0.7038945804033716,-2.4376980731864215,86
obl,Obliquity,strong_monsoon_start,Strong monsoon starts,87,562.25,0.39706,88.81667721363408,0.8520829131198724,48.82075471698109,0.13561320754716968,False,0.8520829131198724,-2.2895097404699207,87
obl,Obliquity,strong_monsoon_start,Strong monsoon starts,88,580.3,0.419167,91.47247129936558,3.5078769988513727,200.98654708520118,0.5582959641255588,False,-2.775308308328214,0.3662843452615796,88
obl,Obliquity,strong_monsoon_start,Strong monsoon starts,89,582.95,0.41679599999999994,91.84579957434376,3.8812052738295506,222.37668161435025,0.6177130044843062,False,-2.4019800333500356,0.7396126202397575,89
obl,Obliquity,strong_monsoon_start,Strong monsoon starts,90,593.9,0.400496,93.38842018227237,5.423825881758162,310.762331838565,0.8632286995515694,False,-0.8593594254214242,2.2822332281683693,90
obl,Obliquity,strong_monsoon_start,Strong monsoon starts,91,604.0,0.398141,94.86377816722121,0.6159985595274193,35.29411764705934,0.09803921568627592,False,0.6159985595274193,-2.525594094062374,91
obl,Obliquity,strong_monsoon_start,Strong monsoon starts,92,625.65,0.4135170000000001,98.26203688728074,4.01425727958695,229.99999999999955,0.6388888888888876,False,-2.268928027592637,0.8726646259971567,92
obl,Obliquity,strong_monsoon_start,Strong monsoon starts,93,627.55,0.4111395000000001,98.57785837097497,4.330078763281172,248.09523809523822,0.6891534391534395,False,-1.9531065438984145,1.1884861096913788,93
obl,Obliquity,strong_monsoon_start,Strong monsoon starts,94,630.1,0.407439,99.0017240464593,4.753944438765508,272.38095238095246,0.7566137566137567,False,-1.5292408684140784,1.612351785175715,94
obl,Obliquity,strong_monsoon_start,Strong monsoon starts,95,633.3,0.402903,99.53363391373377,5.2858543060399725,302.85714285714306,0.8412698412698417,False,-0.9973310011396139,2.1442616524501794,95
obl,Obliquity,strong_monsoon_start,Strong monsoon starts,96,638.1,0.398974,100.33149871464546,6.083719106951669,348.57142857142895,0.9682539682539693,False,-0.1994662002279173,2.942126453361876,96
obl,Obliquity,weak_monsoon_start,Weak monsoon starts,1,3.5,0.416621,2.1649317250126554,2.1649317250126554,124.04145077720207,0.344559585492228,True,2.1649317250126554,-0.9766609285771377,1
obl,Obliquity,weak_monsoon_start,Weak monsoon starts,2,12.779,0.42073951,3.675337851057199,3.675337851057199,210.58134715025906,0.5849481865284973,False,-2.6078474561223874,0.5337451974674058,2
obl,Obliquity,weak_monsoon_start,Weak monsoon starts,3,17.835,0.40987105,4.498337460204867,4.498337460204867,257.7357512953368,0.7159326424870467,False,-1.784847846974719,1.3567448066150742,3
obl,Obliquity,weak_monsoon_start,Weak monsoon starts,4,24.59,0.3918807,5.597894888961295,5.597894888961295,320.7357512953368,0.8909326424870467,False,-0.6852904182182915,2.456302235371502,4
obl,Obliquity,weak_monsoon_start,Weak monsoon starts,5,26.65,0.3887135,5.933215141106111,5.933215141106111,339.9481865284974,0.9443005181347149,False,-0.34997016607347514,2.7916224875163183,5
obl,Obliquity,weak_monsoon_start,Weak monsoon starts,6,27.555,0.38794690000000004,6.08052816449983,6.08052816449983,348.3886010362694,0.9677461139896373,False,-0.20265714267975657,2.938935510910037,6
obl,Obliquity,weak_monsoon_start,Weak monsoon starts,7,28.715,0.38757385,6.269349277358077,6.269349277358077,359.2072538860104,0.9977979274611399,False,-0.013836029821509468,3.127756623768284,7
obl,Obliquity,weak_monsoon_start,Weak monsoon starts,8,30.42,0.38830780000000004,6.541529474632148,0.25834416745256217,14.80203045685282,0.04111675126903561,False,0.25834416745256217,-2.883248486137231,8
obl,Obliquity,weak_monsoon_start,Weak monsoon starts,9,31.975,0.39025675,6.789507981044946,0.5063226738653599,29.01015228426395,0.08058375634517764,False,0.5063226738653599,-2.635269979724433,9
obl,Obliquity,weak_monsoon_start,Weak monsoon starts,10,33.42,0.3930466,7.019944599544299,0.736759292364713,42.21319796954315,0.11725888324873099,False,0.736759292364713,-2.40483336122508,10
obl,Obliquity,weak_monsoon_start,Weak monsoon starts,11,34.75,0.396288,7.232041971588686,0.9488566644090994,54.36548223350251,0.15101522842639586,False,0.9488566644090994,-2.1927359891806937,11
obl,Obliquity,weak_monsoon_start,Weak monsoon starts,12,36.75,0.402009,7.5509853881967866,1.2678000810172003,72.63959390862942,0.20177664974619283,False,1.2678000810172003,-1.8737925725725928,12
obl,Obliquity,weak_monsoon_start,Weak monsoon starts,13,39.955,0.41183635,8.062092213311269,1.7789069061316827,101.92385786802032,0.2831218274111676,False,1.7789069061316827,-1.3626857474581104,13
obl,Obliquity,weak_monsoon_start,Weak monsoon starts,14,42.475,0.4187125,8.463960918237476,2.1807756110578893,124.9492385786802,0.34708121827411165,False,2.1807756110578893,-0.9608170425319039,14
obl,Obliquity,weak_monsoon_start,Weak monsoon starts,15,44.485,0.4229089,8.784499051928616,2.50131374474903,143.3147208121827,0.39809644670050753,False,2.50131374474903,-0.640278908840763,15
obl,Obliquity,weak_monsoon_start,Weak monsoon starts,16,45.73,0.4247566,8.98304132876716,2.699856021587573,154.69035532994923,0.42969543147208117,False,2.699856021587573,-0.44173663200221996,16
obl,Obliquity,weak_monsoon_start,Weak monsoon starts,17,48.47,0.42650580000000005,9.419993809520257,3.1368085023406707,179.72588832487304,0.4992385786802029,False,3.1368085023406707,-0.004784151249122459,17
obl,Obliquity,weak_monsoon_start,Weak monsoon starts,18,48.92,0.42647860000000004,9.486724858164107,3.2035395509845213,183.54929577464787,0.5098591549295775,False,-3.0796457561950654,0.06194689739472814,18
obl,Obliquity,weak_monsoon_start,Weak monsoon starts,19,55.23,0.4178984,10.417403245213478,4.134217938033892,236.8732394366197,0.6579812206572769,False,-2.1489673691456948,0.9926252844440988,19
obl,Obliquity,weak_monsoon_start,Weak monsoon starts,20,56.32,0.4152598,10.578170193214083,4.294984886034497,246.08450704225353,0.6835680751173709,False,-1.9882004211450897,1.1533922324447037,20
obl,Obliquity,weak_monsoon_start,Weak monsoon starts,21,68.655,0.39017035,12.397491572652116,6.11430626547253,350.3239436619719,0.9731220657276997,False,-0.16887904170705628,2.972713611882737,21
obl,Obliquity,weak_monsoon_start,Weak monsoon starts,22,69.575,0.3899355,12.53318477646914,6.249999469289554,358.0985915492958,0.994718309859155,False,-0.03318583789003274,3.1084068156997606,22
obl,Obliquity,weak_monsoon_start,Weak monsoon starts,23,70.155,0.38994815,12.61660779418009,0.05023717982091824,2.8783783783784003,0.007995495495495556,False,0.05023717982091824,-3.091355473768875,23
obl,Obliquity,weak_monsoon_start,Weak monsoon starts,24,73.4,0.392192,13.075818071698059,0.5094474573388865,29.189189189189253,0.08108108108108127,False,0.5094474573388865,-2.6321451962509066,24
obl,Obliquity,weak_monsoon_start,Weak monsoon starts,25,77.51,0.3992752,13.657437252159953,1.0910666378007807,62.51351351351359,0.17364864864864885,False,1.0910666378007807,-2.0505260157890124,25
obl,Obliquity,weak_monsoon_start,Weak monsoon starts,26,88.425,0.4215025,15.202053640174933,2.6356830258157604,151.01351351351346,0.4194819819819819,False,2.6356830258157604,-0.5059096277740327,26
obl,Obliquity,weak_monsoon_start,Weak monsoon starts,27,98.65,0.4161065,16.74734591204708,4.180975297687908,239.55223880597012,0.6654228855721392,False,-2.102210009491678,1.039382644098115,27
obl,Obliquity,weak_monsoon_start,Weak monsoon starts,28,100.35,0.4121715,17.01305275339547,4.446682139036298,254.77611940298502,0.7077114427860695,False,-1.8365031681432884,1.305089485446505,28
obl,Obliquity,weak_monsoon_start,Weak monsoon starts,29,105.75,0.39821049999999997,17.857062720031536,5.290692105672363,303.13432835820896,0.842039800995025,False,-0.9924932015072233,2.14909945208257,29
obl,Obliquity,weak_monsoon_start,Weak monsoon starts,30,106.35,0.3968235,17.95084160521332,5.3844709908541475,308.5074626865671,0.8569651741293531,False,-0.898714316325439,2.2428783372643544,30
obl,Obliquity,weak_monsoon_start,Weak monsoon starts,31,117.45,0.3962835,19.7483538197583,0.8987978982195415,51.49732620320866,0.14304812834224626,False,0.8987978982195415,-2.2427947553702516,31
obl,Obliquity,weak_monsoon_start,Weak monsoon starts,32,120.55,0.40441299999999997,20.2691526019042,1.4195966803654407,81.33689839572189,0.22593582887700525,False,1.4195966803654407,-1.7219959732243524,32
obl,Obliquity,weak_monsoon_start,Weak monsoon starts,33,151.05,0.3921995,25.39586954742003,0.2631283187016855,15.076142131979829,0.041878172588832856,False,0.2631283187016855,-2.8784643348881076,33
obl,Obliquity,weak_monsoon_start,Weak monsoon starts,34,158.95,0.40687949999999995,26.655696043022026,1.5229548143036808,87.25888324873092,0.24238578680203035,False,1.5229548143036808,-1.6186378392861123,34
obl,Obliquity,weak_monsoon_start,Weak monsoon starts,35,162.0,0.413573,27.14208475334938,2.009343524631035,115.12690355329947,0.31979695431472077,False,2.009343524631035,-1.1322491289587582,35
obl,Obliquity,weak_monsoon_start,Weak monsoon starts,36,165.15,0.418616,27.64442063450714,2.5116794057887937,143.90862944162436,0.39974619289340096,False,2.5116794057887937,-0.6299132478009994,36
obl,Obliquity,weak_monsoon_start,Weak monsoon starts,37,166.8,0.420189,27.907548953208824,2.774807724490479,158.98477157360418,0.4416243654822338,False,2.774807724490479,-0.3667849290993139,37
obl,Obliquity,weak_monsoon_start,Weak monsoon starts,38,170.25,0.42082349999999996,28.437810423105798,3.3050691943874533,189.36651583710415,0.5260180995475116,False,-2.9781161127921334,0.16347654079766016,38
obl,Obliquity,weak_monsoon_start,Weak monsoon starts,39,171.05,0.4204615,28.551533234095476,3.4187920053771315,195.8823529411767,0.5441176470588241,False,-2.864393301802455,0.27719935178733834,39
obl,Obliquity,weak_monsoon_start,Weak monsoon starts,40,174.85,0.416418,29.09171658629643,3.958975357578087,226.8325791855203,0.6300904977375564,False,-2.3242099496014994,0.8173827039882938,40
obl,Obliquity,weak_monsoon_start,Weak monsoon starts,41,179.65,0.407591,29.77405345223449,4.641312223516145,265.9276018099549,0.7386877828054303,False,-1.6418730836634412,1.4997195699263521,41
obl,Obliquity,weak_monsoon_start,Weak monsoon starts,42,187.75,0.393574,30.925496913504958,5.792755684786613,331.90045248868796,0.9219457013574666,False,-0.49042962239297366,2.6511630311968197,42
obl,Obliquity,weak_monsoon_start,Weak monsoon starts,43,191.75,0.3917315,31.497816391797194,0.0818898558992629,4.691943127962251,0.013033175355450696,False,0.08188985589926291,-3.05970279769053,43
obl,Obliquity,weak_monsoon_start,Weak monsoon starts,44,193.25,0.39236350000000003,31.72115236243154,0.30522582653360786,17.488151658767908,0.04857819905213308,False,0.3052258265336078,-2.8363668270561853,44
obl,Obliquity,weak_monsoon_start,Weak monsoon starts,45,201.15,0.40663950000000004,32.89738847443909,1.481461938541159,84.88151658767775,0.23578199052132712,False,1.481461938541159,-1.6601307150486342,45
obl,Obliquity,weak_monsoon_start,Weak monsoon starts,46,209.25,0.42481349999999996,34.10340271586455,2.687476179966616,153.981042654028,0.42772511848341105,False,2.687476179966616,-0.4541164736231771,46
obl,Obliquity,weak_monsoon_start,Weak monsoon starts,47,221.05,0.41091749999999994,35.952896637148164,4.536970101250233,259.94923857868014,0.7220812182741115,False,-1.7462152059293532,1.3953774476604401,47
obl,Obliquity,weak_monsoon_start,Weak monsoon starts,48,228.65,0.38847349999999997,37.164881620258946,5.748955084361015,329.3908629441623,0.9149746192893397,False,-0.5342302228185718,2.6073624307712215,48
obl,Obliquity,weak_monsoon_start,Weak monsoon starts,49,232.65,0.3854405,37.80383159819718,0.10471975511966036,6.000000000000034,0.01666666666666676,False,0.10471975511966036,-3.0368728984701328,49
obl,Obliquity,weak_monsoon_start,Weak monsoon starts,50,234.15,0.38668650000000004,38.04549257155024,0.34638072847272383,19.84615384615402,0.05512820512820561,False,0.34638072847272383,-2.7952119251170693,50
obl,Obliquity,weak_monsoon_start,Weak monsoon starts,51,246.75,0.421008,40.075444747715956,2.3763329046384385,136.15384615384644,0.378205128205129,False,2.3763329046384385,-0.7652597489513546,51
obl,Obliquity,weak_monsoon_start,Weak monsoon starts,52,250.05,0.4255335,40.60709888909269,2.9079870460151724,166.6153846153849,0.4628205128205136,False,2.9079870460151724,-0.23360560757462068,52
obl,Obliquity,weak_monsoon_start,Weak monsoon starts,53,252.15,0.425906,40.94031597104943,3.241204127971912,185.70731707317094,0.5158536585365859,False,-3.0419811792076747,0.09961147438211881,53
obl,Obliquity,weak_monsoon_start,Weak monsoon starts,54,256.05,0.4217665,41.53798481734212,3.8388729742646035,219.95121951219528,0.610975609756098,False,-2.444312332914983,0.6972803206748104,54
obl,Obliquity,weak_monsoon_start,Weak monsoon starts,55,259.65,0.4139495000000001,42.089679136996914,4.390567293919396,251.56097560975624,0.6987804878048784,False,-1.8926180132601902,1.2489746403296031,55
obl,Obliquity,weak_monsoon_start,Weak monsoon starts,56,276.95,0.396695,44.68915549731481,0.7068583470577039,40.50000000000003,0.11250000000000007,False,0.7068583470577039,-2.434734306532089,56
obl,Obliquity,weak_monsoon_start,Weak monsoon starts,57,281.4,0.40371,45.32461401133638,1.3423168610792757,76.90909090909093,0.2136363636363637,False,1.3423168610792757,-1.7992757925105174,57
obl,Obliquity,weak_monsoon_start,Weak monsoon starts,58,284.7,0.409501,45.795852909374844,1.8135557591177403,103.90909090909068,0.288636363636363,False,1.8135557591177403,-1.3280368944720529,58
obl,Obliquity,weak_monsoon_start,Weak monsoon starts,59,307.25,0.40068950000000003,49.215653756613975,5.233356606356871,299.84924623115603,0.8329145728643224,False,-1.0498287008227154,2.091763952767078,59
obl,Obliquity,weak_monsoon_start,Weak monsoon starts,60,318.05,0.39697699999999997,50.95897232511742,0.6934898676807322,39.73404255319186,0.11037234042553296,False,0.6934898676807322,-2.448102785909061,60
obl,Obliquity,weak_monsoon_start,Weak monsoon starts,61,324.15,0.4104129999999999,51.978318877611976,1.712836420175286,98.13829787234042,0.27260638297872336,False,1.712836420175286,-1.4287562334145072,61
obl,Obliquity,weak_monsoon_start,Weak monsoon starts,62,341.15,0.40962250000000006,54.8042571069651,4.538774649528413,260.05263157894746,0.7223684210526319,False,-1.744410657651173,1.3971819959386202,62
obl,Obliquity,weak_monsoon_start,Weak monsoon starts,63,349.55,0.390378,56.193171753815335,5.927689296378645,339.63157894736895,0.9434210526315804,False,-0.35549601080094134,2.786096642788852,63
obl,Obliquity,weak_monsoon_start,Weak monsoon starts,64,364.35,0.4141045000000001,58.506359738404996,1.9576919737887195,112.16748768472941,0.31157635467980394,False,1.9576919737887195,-1.1839006798010736,64
obl,Obliquity,weak_monsoon_start,Weak monsoon starts,65,367.35,0.42013500000000004,58.970634514797574,2.421966750181298,138.76847290640418,0.38546798029556717,False,2.421966750181298,-0.7196259034084954,65
obl,Obliquity,weak_monsoon_start,Weak monsoon starts,66,368.65,0.4219359999999999,59.17182025123435,2.623152486618075,150.29556650246283,0.41748768472906345,False,2.623152486618075,-0.5184401669717182,66
obl,Obliquity,weak_monsoon_start,Weak monsoon starts,67,369.55,0.422848,59.311102684152125,2.762434919535849,158.27586206896532,0.43965517241379254,False,2.762434919535849,-0.379157734053944,67
obl,Obliquity,weak_monsoon_start,Weak monsoon starts,68,371.55,0.4238545,59.62061920174718,3.071951437130906,176.00985221674875,0.48891625615763545,False,3.071951437130906,-0.0696412164588871,68
obl,Obliquity,weak_monsoon_start,Weak monsoon starts,69,371.95,0.4238855,59.682522505266185,3.133854740649909,179.55665024630497,0.4987684729064027,False,3.133854740649909,-0.0077379129398842394,69
obl,Obliquity,weak_monsoon_start,Weak monsoon starts,70,378.65,0.4171135,60.622920737240534,4.074252972624258,233.43749999999972,0.6484374999999992,False,-2.2089323345553287,0.9326603190344649,70
obl,Obliquity,weak_monsoon_start,Weak monsoon starts,71,398.85,0.39455900000000005,63.4790793360771,0.6472262642812368,37.08333333333369,0.10300925925926024,False,0.6472262642812368,-2.4943663893085564,71
obl,Obliquity,weak_monsoon_start,Weak monsoon starts,72,430.15,0.3980520000000001,68.20729175796333,5.37543868616747,307.9899497487443,0.8555276381909565,False,-0.9077466210121161,2.233846032577677,72
obl,Obliquity,weak_monsoon_start,Weak monsoon starts,73,441.85,0.39849350000000006,70.1040582884389,0.9890199094634582,56.66666666666694,0.15740740740740816,False,0.9890199094634582,-2.152572744126335,73
obl,Obliquity,weak_monsoon_start,Weak monsoon starts,74,453.55,0.419439,72.04885374066116,2.93381536168571,168.0952380952383,0.46693121693121753,False,2.93381536168571,-0.20777729190408323,74
obl,Obliquity,weak_monsoon_start,Weak monsoon starts,75,457.6,0.418383,72.71717864670406,3.6021402677286076,206.38743455497362,0.5732984293193712,False,-2.681045039450979,0.4605476141388145,75
obl,Obliquity,weak_monsoon_start,Weak monsoon starts,76,460.15,0.41524550000000005,73.1366059381519,4.021567559176454,230.41884816753873,0.6400523560209409,False,-2.261617748003133,0.8799749055866606,76
obl,Obliquity,weak_monsoon_start,Weak monsoon starts,77,467.35,0.40256899999999995,74.32087123165174,5.205832852676288,298.27225130890093,0.8285340314136138,False,-1.0773524545032986,2.0642401990864947,77
obl,Obliquity,weak_monsoon_start,Weak monsoon starts,78,475.35,0.397299,75.6193552078883,0.22113152173326966,12.66990291262179,0.03519417475728275,False,0.22113152173326966,-2.9204611318565235,78
obl,Obliquity,weak_monsoon_start,Weak monsoon starts,79,479.05,0.4003025,76.1836218495525,0.7853981633974598,45.00000000000066,0.12500000000000183,False,0.7853981633974598,-2.3561944901923333,79
obl,Obliquity,weak_monsoon_start,Weak monsoon starts,80,500.1,0.413693,79.36191535189917,3.963691665744136,227.10280373831802,0.6308411214953278,False,-2.31949364143545,0.822099012154343,80
obl,Obliquity,weak_monsoon_start,Weak monsoon starts,81,513.95,0.39501299999999995,81.3951423730309,5.996918686875858,343.5981308411223,0.954439252336451,False,-0.28626662030372807,2.8553260332860653,81
obl,Obliquity,weak_monsoon_start,Weak monsoon starts,82,521.95,0.3998555000000001,82.61310681461985,0.9316978212852334,53.382352941177906,0.1482843137254942,False,0.9316978212852334,-2.2098948323045597,82
obl,Obliquity,weak_monsoon_start,Weak monsoon starts,83,535.0,0.422536,84.62280211507802,2.9413931217433955,168.5294117647065,0.4681372549019625,False,2.9413931217433955,-0.2001995318463976,83
obl,Obliquity,weak_monsoon_start,Weak monsoon starts,84,552.7,0.394149,87.37360162310624,5.692192629771618,326.1386138613869,0.905940594059408,False,-0.5909926774079681,2.550599976181825,84
obl,Obliquity,weak_monsoon_start,Weak monsoon starts,85,554.2,0.392474,87.60688820629359,5.925479212958969,339.5049504950496,0.9430693069306935,False,-0.3577060942206176,2.7838865593691757,85
obl,Obliquity,weak_monsoon_start,Weak monsoon starts,86,556.95,0.3915325,88.03127905023663,0.06668474972242677,3.820754716981242,0.010613207547170116,False,0.06668474972242677,-3.0749079038673663,86
obl,Obliquity,weak_monsoon_start,Weak monsoon starts,87,560.45,0.3942555000000001,88.54993821474439,0.5853439142301795,33.537735849056936,0.09316037735849149,False,0.5853439142301795,-2.5562487393596136,87
obl,Obliquity,weak_monsoon_start,Weak monsoon starts,88,569.5,0.411736,89.8910426258287,1.926448325314496,110.37735849056605,0.3066037735849057,False,1.926448325314496,-1.2151443282752972,88
obl,Obliquity,weak_monsoon_start,Weak monsoon starts,89,589.8,0.406565,92.8108179455137,4.8462236449994975,277.6681614349774,0.7713004484304926,False,-1.436961662180089,1.7046309914097044,89
obl,Obliquity,weak_monsoon_start,Weak monsoon starts,90,614.9,0.41316,96.5423742419334,2.2945946342396084,131.47058823529437,0.3651960784313733,False,2.2945946342396084,-0.8469980193501847,90
obl,Obliquity,weak_monsoon_start,Weak monsoon starts,91,629.0,0.409074,98.81888002958371,4.571100421889916,261.9047619047622,0.7275132275132284,False,-1.7120848852896702,1.4295077683001232,91
obl,Obliquity,weak_monsoon_start,Weak monsoon starts,92,632.3,0.404233,99.36741208021049,5.119632472516692,293.33333333333286,0.8148148148148135,False,-1.1635528346628947,1.9780398189268986,92
obl,Obliquity,weak_monsoon_start,Weak monsoon starts,93,635.2,0.400782,99.84945539742799,5.601675789734195,320.9523809523817,0.8915343915343936,False,-0.6815095174453918,2.4600831361444015,93
obl,Obliquity,weak_monsoon_start,Weak monsoon starts,94,639.2,0.398812,100.51434273152107,6.266563123827275,359.04761904761995,0.9973544973544999,False,-0.016622183352311273,3.124970470237482,94
