component_id,component_label,transition_id,age_ka,jump_direction,event_type,detector_change_cut
observed_raw,Observed raw composite,1,3.49957375,1,weak_monsoon_start,0.5534439014047682
observed_raw,Observed raw composite,2,11.18636,-1,strong_monsoon_start,0.5534439014047682
observed_raw,Observed raw composite,3,12.77875,1,weak_monsoon_start,0.5534439014047682
observed_raw,Observed raw composite,4,14.61675,-1,strong_monsoon_start,0.5534439014047682
observed_raw,Observed raw composite,5,23.75625,-1,strong_monsoon_start,0.5534439014047682
observed_raw,Observed raw composite,6,24.5925,1,weak_monsoon_start,0.5534439014047682
observed_raw,Observed raw composite,7,26.65,1,weak_monsoon_start,0.5534439014047682
observed_raw,Observed raw composite,8,27.5565,1,weak_monsoon_start,0.5534439014047682
observed_raw,Observed raw composite,9,27.958750000000002,-1,strong_monsoon_start,0.5534439014047682
observed_raw,Observed raw composite,10,28.62925,1,weak_monsoon_start,0.5534439014047682
observed_raw,Observed raw composite,11,29.43,-1,strong_monsoon_start,0.5534439014047682
observed_raw,Observed raw composite,12,30.45975,1,weak_monsoon_start,0.5534439014047682
observed_raw,Observed raw composite,13,31.972749999999998,1,weak_monsoon_start,0.5534439014047682
observed_raw,Observed raw composite,14,32.67225,-1,strong_monsoon_start,0.5534439014047682
observed_raw,Observed raw composite,15,33.417500000000004,1,weak_monsoon_start,0.5534439014047682
observed_raw,Observed raw composite,16,33.998,-1,strong_monsoon_start,0.5534439014047682
observed_raw,Observed raw composite,17,34.699,1,weak_monsoon_start,0.5534439014047682
observed_raw,Observed raw composite,18,35.53275,-1,strong_monsoon_start,0.5534439014047682
observed_raw,Observed raw composite,19,36.604,1,weak_monsoon_start,0.5534439014047682
observed_raw,Observed raw composite,20,38.308,-1,strong_monsoon_start,0.5534439014047682
observed_raw,Observed raw composite,21,39.9567,1,weak_monsoon_start,0.5534439014047682
observed_raw,Observed raw composite,22,41.6761,-1,strong_monsoon_start,0.5534439014047682
observed_raw,Observed raw composite,23,42.3922,1,weak_monsoon_start,0.5534439014047682
observed_raw,Observed raw composite,24,43.61525,-1,strong_monsoon_start,0.5534439014047682
observed_raw,Observed raw composite,25,44.304249999999996,1,weak_monsoon_start,0.5534439014047682
observed_raw,Observed raw composite,26,45.72975,1,weak_monsoon_start,0.5534439014047682
observed_raw,Observed raw composite,27,47.25275,-1,strong_monsoon_start,0.5534439014047682
observed_raw,Observed raw composite,28,48.4734,1,weak_monsoon_start,0.5534439014047682
observed_raw,Observed raw composite,29,48.9349,1,weak_monsoon_start,0.5534439014047682
observed_raw,Observed raw composite,30,49.64745,-1,strong_monsoon_start,0.5534439014047682
observed_raw,Observed raw composite,31,54.14675,-1,strong_monsoon_start,0.5534439014047682
observed_raw,Observed raw composite,32,55.16625,1,weak_monsoon_start,0.5534439014047682
observed_raw,Observed raw composite,33,55.798,-1,strong_monsoon_start,0.5534439014047682
observed_raw,Observed raw composite,34,56.318749999999994,1,weak_monsoon_start,0.5534439014047682
observed_raw,Observed raw composite,35,58.211200000000005,-1,strong_monsoon_start,0.5534439014047682
observed_raw,Observed raw composite,36,59.7829,-1,strong_monsoon_start,0.5534439014047682
observed_raw,Observed raw composite,37,65.48384999999999,-1,strong_monsoon_start,0.5534439014047682
observed_raw,Observed raw composite,38,68.65435,1,weak_monsoon_start,0.5534439014047682
observed_raw,Observed raw composite,39,69.1803,-1,strong_monsoon_start,0.5534439014047682
observed_raw,Observed raw composite,40,69.576,1,weak_monsoon_start,0.5534439014047682
observed_raw,Observed raw composite,41,70.1533,1,weak_monsoon_start,0.5534439014047682
observed_raw,Observed raw composite,42,72.2859,-1,strong_monsoon_start,0.5534439014047682
observed_raw,Observed raw composite,43,73.34795,1,weak_monsoon_start,0.5534439014047682
observed_raw,Observed raw composite,44,75.3285,-1,strong_monsoon_start,0.5534439014047682
observed_raw,Observed raw composite,45,76.2457,-1,strong_monsoon_start,0.5534439014047682
observed_raw,Observed raw composite,46,77.50971874999999,1,weak_monsoon_start,0.5534439014047682
observed_raw,Observed raw composite,47,84.030275,-1,strong_monsoon_start,0.5534439014047682
observed_raw,Observed raw composite,48,85.0613,-1,strong_monsoon_start,0.5534439014047682
observed_raw,Observed raw composite,49,85.4785,-1,strong_monsoon_start,0.5534439014047682
observed_raw,Observed raw composite,50,88.4242,1,weak_monsoon_start,0.5534439014047682
observed_raw,Observed raw composite,51,89.79012499999999,-1,strong_monsoon_start,0.5534439014047682
observed_raw,Observed raw composite,52,98.65,1,weak_monsoon_start,0.5534439014047682
observed_raw,Observed raw composite,53,105.15378379352578,-1,strong_monsoon_start,0.5534439014047682
observed_raw,Observed raw composite,54,106.10291867522108,1,weak_monsoon_start,0.5534439014047682
observed_raw,Observed raw composite,55,108.51467469932942,-1,strong_monsoon_start,0.5534439014047682
observed_raw,Observed raw composite,56,117.41724390302811,1,weak_monsoon_start,0.5534439014047682
observed_raw,Observed raw composite,57,120.84026548640617,1,weak_monsoon_start,0.5534439014047682
observed_raw,Observed raw composite,58,128.939,-1,strong_monsoon_start,0.5534439014047682
observed_raw,Observed raw composite,59,133.28,1,weak_monsoon_start,0.5534439014047682
observed_raw,Observed raw composite,60,135.5525,1,weak_monsoon_start,0.5534439014047682
observed_raw,Observed raw composite,61,139.3285,1,weak_monsoon_start,0.5534439014047682
observed_raw,Observed raw composite,62,141.2865,-1,strong_monsoon_start,0.5534439014047682
observed_raw,Observed raw composite,63,142.618,1,weak_monsoon_start,0.5534439014047682
observed_raw,Observed raw composite,64,143.9715,1,weak_monsoon_start,0.5534439014047682
observed_raw,Observed raw composite,65,146.575,1,weak_monsoon_start,0.5534439014047682
observed_raw,Observed raw composite,66,147.655,-1,strong_monsoon_start,0.5534439014047682
observed_raw,Observed raw composite,67,149.12,-1,strong_monsoon_start,0.5534439014047682
observed_raw,Observed raw composite,68,157.05,-1,strong_monsoon_start,0.5534439014047682
observed_raw,Observed raw composite,69,158.985,1,weak_monsoon_start,0.5534439014047682
observed_raw,Observed raw composite,70,160.495,-1,strong_monsoon_start,0.5534439014047682
observed_raw,Observed raw composite,71,162.2,1,weak_monsoon_start,0.5534439014047682
observed_raw,Observed raw composite,72,163.82,-1,strong_monsoon_start,0.5534439014047682
observed_raw,Observed raw composite,73,164.43,-1,strong_monsoon_start,0.5534439014047682
observed_raw,Observed raw composite,74,165.42000000000002,1,weak_monsoon_start,0.5534439014047682
observed_raw,Observed raw composite,75,166.8,1,weak_monsoon_start,0.5534439014047682
observed_raw,Observed raw composite,76,168.5,-1,strong_monsoon_start,0.5534439014047682
observed_raw,Observed raw composite,77,169.56,-1,strong_monsoon_start,0.5534439014047682
observed_raw,Observed raw composite,78,170.20999999999998,1,weak_monsoon_start,0.5534439014047682
observed_raw,Observed raw composite,79,171.01999999999998,1,weak_monsoon_start,0.5534439014047682
observed_raw,Observed raw composite,80,173.13,-1,strong_monsoon_start,0.5534439014047682
observed_raw,Observed raw composite,81,174.865,1,weak_monsoon_start,0.5534439014047682
observed_raw,Observed raw composite,82,176.25,-1,strong_monsoon_start,0.5534439014047682
observed_raw,Observed raw composite,83,178.815,-1,strong_monsoon_start,0.5534439014047682
observed_raw,Observed raw composite,84,179.735,1,weak_monsoon_start,0.5534439014047682
observed_raw,Observed raw composite,85,182.5,-1,strong_monsoon_start,0.5534439014047682
observed_raw,Observed raw composite,86,187.765,1,weak_monsoon_start,0.5534439014047682
observed_raw,Observed raw composite,87,190.485,-1,strong_monsoon_start,0.5534439014047682
observed_raw,Observed raw composite,88,191.805,1,weak_monsoon_start,0.5534439014047682
observed_raw,Observed raw composite,89,192.575,-1,strong_monsoon_start,0.5534439014047682
observed_raw,Observed raw composite,90,193.275,1,weak_monsoon_start,0.5534439014047682
observed_raw,Observed raw composite,91,199.13,-1,strong_monsoon_start,0.5534439014047682
observed_raw,Observed raw composite,92,200.445,-1,strong_monsoon_start,0.5534439014047682
observed_raw,Observed raw composite,93,201.125,1,weak_monsoon_start,0.5534439014047682
observed_raw,Observed raw composite,94,209.21,1,weak_monsoon_start,0.5534439014047682
observed_raw,Observed raw composite,95,216.995,-1,strong_monsoon_start,0.5534439014047682
observed_raw,Observed raw composite,96,217.8251763480796,1,weak_monsoon_start,0.5534439014047682
observed_raw,Observed raw composite,97,221.02880523543064,1,weak_monsoon_start,0.5534439014047682
observed_raw,Observed raw composite,98,226.71581099661125,-1,strong_monsoon_start,0.5534439014047682
observed_raw,Observed raw composite,99,228.64578952007938,1,weak_monsoon_start,0.5534439014047682
observed_raw,Observed raw composite,100,230.6724032681964,-1,strong_monsoon_start,0.5534439014047682
observed_raw,Observed raw composite,101,232.6122120849276,1,weak_monsoon_start,0.5534439014047682
observed_raw,Observed raw composite,102,242.174,-1,strong_monsoon_start,0.5534439014047682
observed_raw,Observed raw composite,103,246.858,1,weak_monsoon_start,0.5534439014047682
observed_raw,Observed raw composite,104,248.77550000000002,-1,strong_monsoon_start,0.5534439014047682
observed_raw,Observed raw composite,105,249.8535,1,weak_monsoon_start,0.5534439014047682
observed_raw,Observed raw composite,106,251.23250000000002,-1,strong_monsoon_start,0.5534439014047682
observed_raw,Observed raw composite,107,251.85649999999998,1,weak_monsoon_start,0.5534439014047682
observed_raw,Observed raw composite,108,252.2665,1,weak_monsoon_start,0.5534439014047682
observed_raw,Observed raw composite,109,256.0625,1,weak_monsoon_start,0.5534439014047682
observed_raw,Observed raw composite,110,258.772,-1,strong_monsoon_start,0.5534439014047682
observed_raw,Observed raw composite,111,259.629,1,weak_monsoon_start,0.5534439014047682
observed_raw,Observed raw composite,112,264.0017,-1,strong_monsoon_start,0.5534439014047682
observed_raw,Observed raw composite,113,273.5077,-1,strong_monsoon_start,0.5534439014047682
observed_raw,Observed raw composite,114,276.91610000000003,1,weak_monsoon_start,0.5534439014047682
observed_raw,Observed raw composite,115,281.42185,1,weak_monsoon_start,0.5534439014047682
observed_raw,Observed raw composite,116,293.9178,-1,strong_monsoon_start,0.5534439014047682
observed_raw,Observed raw composite,117,308.48655,1,weak_monsoon_start,0.5534439014047682
observed_raw,Observed raw composite,118,316.44,-1,strong_monsoon_start,0.5534439014047682
observed_raw,Observed raw composite,119,318.0365,1,weak_monsoon_start,0.5534439014047682
observed_raw,Observed raw composite,120,324.273,1,weak_monsoon_start,0.5534439014047682
observed_raw,Observed raw composite,121,326.265,1,weak_monsoon_start,0.5534439014047682
observed_raw,Observed raw composite,122,334.69399999999996,-1,strong_monsoon_start,0.5534439014047682
observed_raw,Observed raw composite,123,337.3835,-1,strong_monsoon_start,0.5534439014047682
observed_raw,Observed raw composite,124,341.126,1,weak_monsoon_start,0.5534439014047682
observed_raw,Observed raw composite,125,342.944,1,weak_monsoon_start,0.5534439014047682
observed_raw,Observed raw composite,126,345.528,1,weak_monsoon_start,0.5534439014047682
observed_raw,Observed raw composite,127,349.5665,1,weak_monsoon_start,0.5534439014047682
observed_raw,Observed raw composite,128,351.4475,-1,strong_monsoon_start,0.5534439014047682
observed_raw,Observed raw composite,129,364.34450000000004,1,weak_monsoon_start,0.5534439014047682
observed_raw,Observed raw composite,130,365.6535,-1,strong_monsoon_start,0.5534439014047682
observed_raw,Observed raw composite,131,367.3805,1,weak_monsoon_start,0.5534439014047682
observed_raw,Observed raw composite,132,368.115,-1,strong_monsoon_start,0.5534439014047682
observed_raw,Observed raw composite,133,369.307,1,weak_monsoon_start,0.5534439014047682
observed_raw,Observed raw composite,134,370.898,-1,strong_monsoon_start,0.5534439014047682
observed_raw,Observed raw composite,135,371.9625,1,weak_monsoon_start,0.5534439014047682
observed_raw,Observed raw composite,136,375.916,-1,strong_monsoon_start,0.5534439014047682
observed_raw,Observed raw composite,137,377.422,-1,strong_monsoon_start,0.5534439014047682
observed_raw,Observed raw composite,138,378.446,1,weak_monsoon_start,0.5534439014047682
observed_raw,Observed raw composite,139,378.8515,1,weak_monsoon_start,0.5534439014047682
observed_raw,Observed raw composite,140,391.09707467481905,-1,strong_monsoon_start,0.5534439014047682
observed_raw,Observed raw composite,141,393.5816900862267,-1,strong_monsoon_start,0.5534439014047682
observed_raw,Observed raw composite,142,398.8242668639125,1,weak_monsoon_start,0.5534439014047682
observed_raw,Observed raw composite,143,400.892521091661,1,weak_monsoon_start,0.5534439014047682
observed_raw,Observed raw composite,144,415.9197628950841,-1,strong_monsoon_start,0.5534439014047682
observed_raw,Observed raw composite,145,426.0392601558315,-1,strong_monsoon_start,0.5534439014047682
observed_raw,Observed raw composite,146,430.43603283111156,1,weak_monsoon_start,0.5534439014047682
observed_raw,Observed raw composite,147,442.9236302395691,1,weak_monsoon_start,0.5534439014047682
observed_raw,Observed raw composite,148,447.3791051375909,-1,strong_monsoon_start,0.5534439014047682
observed_raw,Observed raw composite,149,449.7844123349564,-1,strong_monsoon_start,0.5534439014047682
observed_raw,Observed raw composite,150,453.79803214260227,1,weak_monsoon_start,0.5534439014047682
observed_raw,Observed raw composite,151,457.3499345520379,1,weak_monsoon_start,0.5534439014047682
observed_raw,Observed raw composite,152,458.90002063725,-1,strong_monsoon_start,0.5534439014047682
observed_raw,Observed raw composite,153,460.0043806544999,1,weak_monsoon_start,0.5534439014047682
observed_raw,Observed raw composite,154,463.1322604417651,-1,strong_monsoon_start,0.5534439014047682
observed_raw,Observed raw composite,155,466.00933331939416,-1,strong_monsoon_start,0.5534439014047682
observed_raw,Observed raw composite,156,467.37594293626796,1,weak_monsoon_start,0.5534439014047682
observed_raw,Observed raw composite,157,472.7704545818224,-1,strong_monsoon_start,0.5534439014047682
observed_raw,Observed raw composite,158,475.20481637943385,1,weak_monsoon_start,0.5534439014047682
observed_raw,Observed raw composite,159,479.02443010189745,1,weak_monsoon_start,0.5534439014047682
observed_raw,Observed raw composite,160,479.64401584020396,1,weak_monsoon_start,0.5534439014047682
observed_raw,Observed raw composite,161,483.63690170929044,-1,strong_monsoon_start,0.5534439014047682
observed_raw,Observed raw composite,162,500.3443589192743,1,weak_monsoon_start,0.5534439014047682
observed_raw,Observed raw composite,163,503.94836978568867,-1,strong_monsoon_start,0.5534439014047682
observed_raw,Observed raw composite,164,506.4511,-1,strong_monsoon_start,0.5534439014047682
observed_raw,Observed raw composite,165,508.4791,-1,strong_monsoon_start,0.5534439014047682
observed_raw,Observed raw composite,166,521.93825,1,weak_monsoon_start,0.5534439014047682
observed_raw,Observed raw composite,167,531.73785,-1,strong_monsoon_start,0.5534439014047682
observed_raw,Observed raw composite,168,534.96475,1,weak_monsoon_start,0.5534439014047682
observed_raw,Observed raw composite,169,548.0759499999999,-1,strong_monsoon_start,0.5534439014047682
observed_raw,Observed raw composite,170,551.9566500000001,1,weak_monsoon_start,0.5534439014047682
observed_raw,Observed raw composite,171,552.8218,1,weak_monsoon_start,0.5534439014047682
observed_raw,Observed raw composite,172,553.52405,-1,strong_monsoon_start,0.5534439014047682
observed_raw,Observed raw composite,173,554.3449,1,weak_monsoon_start,0.5534439014047682
observed_raw,Observed raw composite,174,555.66125,-1,strong_monsoon_start,0.5534439014047682
observed_raw,Observed raw composite,175,556.9153,1,weak_monsoon_start,0.5534439014047682
observed_raw,Observed raw composite,176,559.1352,-1,strong_monsoon_start,0.5534439014047682
observed_raw,Observed raw composite,177,560.4336,1,weak_monsoon_start,0.5534439014047682
observed_raw,Observed raw composite,178,561.2570499999999,-1,strong_monsoon_start,0.5534439014047682
observed_raw,Observed raw composite,179,562.24095,-1,strong_monsoon_start,0.5534439014047682
observed_raw,Observed raw composite,180,569.4961000000001,1,weak_monsoon_start,0.5534439014047682
observed_raw,Observed raw composite,181,580.52925,-1,strong_monsoon_start,0.5534439014047682
observed_raw,Observed raw composite,182,583.2346,-1,strong_monsoon_start,0.5534439014047682
observed_raw,Observed raw composite,183,590.56005,1,weak_monsoon_start,0.5534439014047682
observed_raw,Observed raw composite,184,593.47185,-1,strong_monsoon_start,0.5534439014047682
observed_raw,Observed raw composite,185,606.8133,-1,strong_monsoon_start,0.5534439014047682
observed_raw,Observed raw composite,186,612.01915,1,weak_monsoon_start,0.5534439014047682
observed_raw,Observed raw composite,187,615.9044,1,weak_monsoon_start,0.5534439014047682
observed_raw,Observed raw composite,188,626.0952,-1,strong_monsoon_start,0.5534439014047682
observed_raw,Observed raw composite,189,627.62725,-1,strong_monsoon_start,0.5534439014047682
observed_raw,Observed raw composite,190,628.8722,1,weak_monsoon_start,0.5534439014047682
observed_raw,Observed raw composite,191,629.9672499999999,-1,strong_monsoon_start,0.5534439014047682
observed_raw,Observed raw composite,192,631.7891,1,weak_monsoon_start,0.5534439014047682
observed_raw,Observed raw composite,193,633.30795,-1,strong_monsoon_start,0.5534439014047682
observed_raw,Observed raw composite,194,635.16125,1,weak_monsoon_start,0.5534439014047682
observed_raw,Observed raw composite,195,638.0735,-1,strong_monsoon_start,0.5534439014047682
observed_raw,Observed raw composite,196,638.97825,1,weak_monsoon_start,0.5534439014047682
precession_band,17-25 kyr precession band,1,8.2377499,1,weak_monsoon_start,0.2601902274737797
precession_band,17-25 kyr precession band,2,15.342500000000001,-1,strong_monsoon_start,0.2601902274737797
precession_band,17-25 kyr precession band,3,18.865499999999997,-1,strong_monsoon_start,0.2601902274737797
precession_band,17-25 kyr precession band,4,26.92225,1,weak_monsoon_start,0.2601902274737797
precession_band,17-25 kyr precession band,5,29.582749999999997,1,weak_monsoon_start,0.2601902274737797
precession_band,17-25 kyr precession band,6,37.332,-1,strong_monsoon_start,0.2601902274737797
precession_band,17-25 kyr precession band,7,40.4176,-1,strong_monsoon_start,0.2601902274737797
precession_band,17-25 kyr precession band,8,50.3069,1,weak_monsoon_start,0.2601902274737797
precession_band,17-25 kyr precession band,9,68.4518,-1,strong_monsoon_start,0.2601902274737797
precession_band,17-25 kyr precession band,10,78.50820000000002,1,weak_monsoon_start,0.2601902274737797
precession_band,17-25 kyr precession band,11,80.6634,1,weak_monsoon_start,0.2601902274737797
precession_band,17-25 kyr precession band,12,88.03219999999999,-1,strong_monsoon_start,0.2601902274737797
precession_band,17-25 kyr precession band,13,91.20694999999999,-1,strong_monsoon_start,0.2601902274737797
precession_band,17-25 kyr precession band,14,97.258375,1,weak_monsoon_start,0.2601902274737797
precession_band,17-25 kyr precession band,15,99.47137804881595,1,weak_monsoon_start,0.2601902274737797
precession_band,17-25 kyr precession band,16,100.50669919168448,1,weak_monsoon_start,0.2601902274737797
precession_band,17-25 kyr precession band,17,111.05730120536612,-1,strong_monsoon_start,0.2601902274737797
precession_band,17-25 kyr precession band,18,118.53395935018457,1,weak_monsoon_start,0.2601902274737797
precession_band,17-25 kyr precession band,19,120.9245132740165,1,weak_monsoon_start,0.2601902274737797
precession_band,17-25 kyr precession band,20,121.4805486722448,1,weak_monsoon_start,0.2601902274737797
precession_band,17-25 kyr precession band,21,122.69849999935997,1,weak_monsoon_start,0.2601902274737797
precession_band,17-25 kyr precession band,22,129.65949999999998,-1,strong_monsoon_start,0.2601902274737797
precession_band,17-25 kyr precession band,23,131.4335,-1,strong_monsoon_start,0.2601902274737797
precession_band,17-25 kyr precession band,24,132.49099999999999,-1,strong_monsoon_start,0.2601902274737797
precession_band,17-25 kyr precession band,25,133.59050000000002,-1,strong_monsoon_start,0.2601902274737797
precession_band,17-25 kyr precession band,26,141.5875,1,weak_monsoon_start,0.2601902274737797
precession_band,17-25 kyr precession band,27,143.09699999999998,1,weak_monsoon_start,0.2601902274737797
precession_band,17-25 kyr precession band,28,144.18599999999998,1,weak_monsoon_start,0.2601902274737797
precession_band,17-25 kyr precession band,29,145.73000000000002,1,weak_monsoon_start,0.2601902274737797
precession_band,17-25 kyr precession band,30,156.515,-1,strong_monsoon_start,0.2601902274737797
precession_band,17-25 kyr precession band,31,157.805,-1,strong_monsoon_start,0.2601902274737797
precession_band,17-25 kyr precession band,32,159.42000000000002,-1,strong_monsoon_start,0.2601902274737797
precession_band,17-25 kyr precession band,33,167.3,1,weak_monsoon_start,0.2601902274737797
precession_band,17-25 kyr precession band,34,169.88,1,weak_monsoon_start,0.2601902274737797
precession_band,17-25 kyr precession band,35,171.1,1,weak_monsoon_start,0.2601902274737797
precession_band,17-25 kyr precession band,36,179.35500000000002,-1,strong_monsoon_start,0.2601902274737797
precession_band,17-25 kyr precession band,37,182.20999999999998,-1,strong_monsoon_start,0.2601902274737797
precession_band,17-25 kyr precession band,38,192.015,1,weak_monsoon_start,0.2601902274737797
precession_band,17-25 kyr precession band,39,193.275,1,weak_monsoon_start,0.2601902274737797
precession_band,17-25 kyr precession band,40,199.83,-1,strong_monsoon_start,0.2601902274737797
precession_band,17-25 kyr precession band,41,203.115,-1,strong_monsoon_start,0.2601902274737797
precession_band,17-25 kyr precession band,42,204.41,-1,strong_monsoon_start,0.2601902274737797
precession_band,17-25 kyr precession band,43,214.95,1,weak_monsoon_start,0.2601902274737797
precession_band,17-25 kyr precession band,44,223.39638504577698,-1,strong_monsoon_start,0.2601902274737797
precession_band,17-25 kyr precession band,45,225.02235102837625,-1,strong_monsoon_start,0.2601902274737797
precession_band,17-25 kyr precession band,46,226.37085794807354,-1,strong_monsoon_start,0.2601902274737797
precession_band,17-25 kyr precession band,47,233.5821164932932,1,weak_monsoon_start,0.2601902274737797
precession_band,17-25 kyr precession band,48,236.819,1,weak_monsoon_start,0.2601902274737797
precession_band,17-25 kyr precession band,49,244.8345,-1,strong_monsoon_start,0.2601902274737797
precession_band,17-25 kyr precession band,50,246.858,-1,strong_monsoon_start,0.2601902274737797
precession_band,17-25 kyr precession band,51,247.971,-1,strong_monsoon_start,0.2601902274737797
precession_band,17-25 kyr precession band,52,257.524,1,weak_monsoon_start,0.2601902274737797
precession_band,17-25 kyr precession band,53,259.23900000000003,1,weak_monsoon_start,0.2601902274737797
precession_band,17-25 kyr precession band,54,264.48015,-1,strong_monsoon_start,0.2601902274737797
precession_band,17-25 kyr precession band,55,281.42185,1,weak_monsoon_start,0.2601902274737797
precession_band,17-25 kyr precession band,56,298.06399999999996,-1,strong_monsoon_start,0.2601902274737797
precession_band,17-25 kyr precession band,57,308.48655,1,weak_monsoon_start,0.2601902274737797
precession_band,17-25 kyr precession band,58,316.33349999999996,-1,strong_monsoon_start,0.2601902274737797
precession_band,17-25 kyr precession band,59,317.398,-1,strong_monsoon_start,0.2601902274737797
precession_band,17-25 kyr precession band,60,318.42999999999995,-1,strong_monsoon_start,0.2601902274737797
precession_band,17-25 kyr precession band,61,327.102,1,weak_monsoon_start,0.2601902274737797
precession_band,17-25 kyr precession band,62,328.5005,1,weak_monsoon_start,0.2601902274737797
precession_band,17-25 kyr precession band,63,336.317,-1,strong_monsoon_start,0.2601902274737797
precession_band,17-25 kyr precession band,64,338.4335,-1,strong_monsoon_start,0.2601902274737797
precession_band,17-25 kyr precession band,65,345.624,1,weak_monsoon_start,0.2601902274737797
precession_band,17-25 kyr precession band,66,346.581,1,weak_monsoon_start,0.2601902274737797
precession_band,17-25 kyr precession band,67,348.304,1,weak_monsoon_start,0.2601902274737797
precession_band,17-25 kyr precession band,68,355.928,-1,strong_monsoon_start,0.2601902274737797
precession_band,17-25 kyr precession band,69,357.846,-1,strong_monsoon_start,0.2601902274737797
precession_band,17-25 kyr precession band,70,364.77049999999997,1,weak_monsoon_start,0.2601902274737797
precession_band,17-25 kyr precession band,71,366.8045,1,weak_monsoon_start,0.2601902274737797
precession_band,17-25 kyr precession band,72,375.113,-1,strong_monsoon_start,0.2601902274737797
precession_band,17-25 kyr precession band,73,381.284,1,weak_monsoon_start,0.2601902274737797
precession_band,17-25 kyr precession band,74,393.0343235020322,-1,strong_monsoon_start,0.2601902274737797
precession_band,17-25 kyr precession band,75,402.17626509509114,1,weak_monsoon_start,0.2601902274737797
precession_band,17-25 kyr precession band,76,411.084876921526,-1,strong_monsoon_start,0.2601902274737797
precession_band,17-25 kyr precession band,77,418.7760507237833,1,weak_monsoon_start,0.2601902274737797
precession_band,17-25 kyr precession band,78,426.0392601558315,-1,strong_monsoon_start,0.2601902274737797
precession_band,17-25 kyr precession band,79,439.5798343445385,1,weak_monsoon_start,0.2601902274737797
precession_band,17-25 kyr precession band,80,443.976555612576,-1,strong_monsoon_start,0.2601902274737797
precession_band,17-25 kyr precession band,81,446.11402537379377,-1,strong_monsoon_start,0.2601902274737797
precession_band,17-25 kyr precession band,82,458.90002063725,1,weak_monsoon_start,0.2601902274737797
precession_band,17-25 kyr precession band,83,460.1738446064876,1,weak_monsoon_start,0.2601902274737797
precession_band,17-25 kyr precession band,84,468.2390647995567,-1,strong_monsoon_start,0.2601902274737797
precession_band,17-25 kyr precession band,85,469.461820772549,-1,strong_monsoon_start,0.2601902274737797
precession_band,17-25 kyr precession band,86,470.68457674554134,-1,strong_monsoon_start,0.2601902274737797
precession_band,17-25 kyr precession band,87,479.64401584020396,1,weak_monsoon_start,0.2601902274737797
precession_band,17-25 kyr precession band,88,481.0897158962525,1,weak_monsoon_start,0.2601902274737797
precession_band,17-25 kyr precession band,89,491.3343317532384,-1,strong_monsoon_start,0.2601902274737797
precession_band,17-25 kyr precession band,90,501.63150565727943,1,weak_monsoon_start,0.2601902274737797
precession_band,17-25 kyr precession band,91,511.7527,-1,strong_monsoon_start,0.2601902274737797
precession_band,17-25 kyr precession band,92,518.21065,1,weak_monsoon_start,0.2601902274737797
precession_band,17-25 kyr precession band,93,520.24275,1,weak_monsoon_start,0.2601902274737797
precession_band,17-25 kyr precession band,94,521.6586,1,weak_monsoon_start,0.2601902274737797
precession_band,17-25 kyr precession band,95,530.29395,-1,strong_monsoon_start,0.2601902274737797
precession_band,17-25 kyr precession band,96,543.90115,-1,strong_monsoon_start,0.2601902274737797
precession_band,17-25 kyr precession band,97,551.5147,1,weak_monsoon_start,0.2601902274737797
precession_band,17-25 kyr precession band,98,553.52405,1,weak_monsoon_start,0.2601902274737797
precession_band,17-25 kyr precession band,99,561.7552000000001,-1,strong_monsoon_start,0.2601902274737797
precession_band,17-25 kyr precession band,100,562.9932,-1,strong_monsoon_start,0.2601902274737797
precession_band,17-25 kyr precession band,101,573.79115,1,weak_monsoon_start,0.2601902274737797
precession_band,17-25 kyr precession band,102,580.52925,-1,strong_monsoon_start,0.2601902274737797
precession_band,17-25 kyr precession band,103,592.20245,1,weak_monsoon_start,0.2601902274737797
precession_band,17-25 kyr precession band,104,600.94715,-1,strong_monsoon_start,0.2601902274737797
precession_band,17-25 kyr precession band,105,603.5416,-1,strong_monsoon_start,0.2601902274737797
precession_band,17-25 kyr precession band,106,611.40915,1,weak_monsoon_start,0.2601902274737797
highfreq_lt1kyr,<1 kyr high-frequency component,1,3.05748,-1,strong_monsoon_start,0.14846408107689868
highfreq_lt1kyr,<1 kyr high-frequency component,2,15.73325,-1,strong_monsoon_start,0.14846408107689868
highfreq_lt1kyr,<1 kyr high-frequency component,3,16.144750000000002,1,weak_monsoon_start,0.14846408107689868
highfreq_lt1kyr,<1 kyr high-frequency component,4,17.142249999999997,1,weak_monsoon_start,0.14846408107689868
highfreq_lt1kyr,<1 kyr high-frequency component,5,17.5285,-1,strong_monsoon_start,0.14846408107689868
highfreq_lt1kyr,<1 kyr high-frequency component,6,18.240000000000002,-1,strong_monsoon_start,0.14846408107689868
highfreq_lt1kyr,<1 kyr high-frequency component,7,22.54225,1,weak_monsoon_start,0.14846408107689868
highfreq_lt1kyr,<1 kyr high-frequency component,8,24.965,-1,strong_monsoon_start,0.14846408107689868
highfreq_lt1kyr,<1 kyr high-frequency component,9,29.582749999999997,1,weak_monsoon_start,0.14846408107689868
highfreq_lt1kyr,<1 kyr high-frequency component,10,31.26175,1,weak_monsoon_start,0.14846408107689868
highfreq_lt1kyr,<1 kyr high-frequency component,11,48.0322,-1,strong_monsoon_start,0.14846408107689868
highfreq_lt1kyr,<1 kyr high-frequency component,12,48.3719,1,weak_monsoon_start,0.14846408107689868
highfreq_lt1kyr,<1 kyr high-frequency component,13,48.732,-1,strong_monsoon_start,0.14846408107689868
highfreq_lt1kyr,<1 kyr high-frequency component,14,49.24634999999999,1,weak_monsoon_start,0.14846408107689868
highfreq_lt1kyr,<1 kyr high-frequency component,15,49.9786,1,weak_monsoon_start,0.14846408107689868
highfreq_lt1kyr,<1 kyr high-frequency component,16,55.2305,1,weak_monsoon_start,0.14846408107689868
highfreq_lt1kyr,<1 kyr high-frequency component,17,55.68625,-1,strong_monsoon_start,0.14846408107689868
highfreq_lt1kyr,<1 kyr high-frequency component,18,56.20175,1,weak_monsoon_start,0.14846408107689868
highfreq_lt1kyr,<1 kyr high-frequency component,19,56.72475,-1,strong_monsoon_start,0.14846408107689868
highfreq_lt1kyr,<1 kyr high-frequency component,20,60.8628,-1,strong_monsoon_start,0.14846408107689868
highfreq_lt1kyr,<1 kyr high-frequency component,21,68.65435,1,weak_monsoon_start,0.14846408107689868
highfreq_lt1kyr,<1 kyr high-frequency component,22,69.1096,-1,strong_monsoon_start,0.14846408107689868
highfreq_lt1kyr,<1 kyr high-frequency component,23,69.52685,1,weak_monsoon_start,0.14846408107689868
highfreq_lt1kyr,<1 kyr high-frequency component,24,71.81700000000001,1,weak_monsoon_start,0.14846408107689868
highfreq_lt1kyr,<1 kyr high-frequency component,25,73.74965,-1,strong_monsoon_start,0.14846408107689868
highfreq_lt1kyr,<1 kyr high-frequency component,26,77.72046875000001,1,weak_monsoon_start,0.14846408107689868
highfreq_lt1kyr,<1 kyr high-frequency component,27,84.93925,-1,strong_monsoon_start,0.14846408107689868
highfreq_lt1kyr,<1 kyr high-frequency component,28,88.03219999999999,-1,strong_monsoon_start,0.14846408107689868
highfreq_lt1kyr,<1 kyr high-frequency component,29,88.5026,1,weak_monsoon_start,0.14846408107689868
highfreq_lt1kyr,<1 kyr high-frequency component,30,89.54575,1,weak_monsoon_start,0.14846408107689868
highfreq_lt1kyr,<1 kyr high-frequency component,31,90.033875,-1,strong_monsoon_start,0.14846408107689868
highfreq_lt1kyr,<1 kyr high-frequency component,32,104.73427027997344,1,weak_monsoon_start,0.14846408107689868
highfreq_lt1kyr,<1 kyr high-frequency component,33,108.00988855474861,1,weak_monsoon_start,0.14846408107689868
highfreq_lt1kyr,<1 kyr high-frequency component,34,109.09424397644072,-1,strong_monsoon_start,0.14846408107689868
highfreq_lt1kyr,<1 kyr high-frequency component,35,115.90290909022865,1,weak_monsoon_start,0.14846408107689868
highfreq_lt1kyr,<1 kyr high-frequency component,36,116.81733333264756,1,weak_monsoon_start,0.14846408107689868
highfreq_lt1kyr,<1 kyr high-frequency component,37,130.5575,-1,strong_monsoon_start,0.14846408107689868
highfreq_lt1kyr,<1 kyr high-frequency component,38,134.07350000000002,1,weak_monsoon_start,0.14846408107689868
highfreq_lt1kyr,<1 kyr high-frequency component,39,136.27550000000002,1,weak_monsoon_start,0.14846408107689868
highfreq_lt1kyr,<1 kyr high-frequency component,40,142.74599999999998,1,weak_monsoon_start,0.14846408107689868
highfreq_lt1kyr,<1 kyr high-frequency component,41,144.0105,1,weak_monsoon_start,0.14846408107689868
highfreq_lt1kyr,<1 kyr high-frequency component,42,145.265,-1,strong_monsoon_start,0.14846408107689868
highfreq_lt1kyr,<1 kyr high-frequency component,43,160.175,1,weak_monsoon_start,0.14846408107689868
highfreq_lt1kyr,<1 kyr high-frequency component,44,160.715,-1,strong_monsoon_start,0.14846408107689868
highfreq_lt1kyr,<1 kyr high-frequency component,45,170.20999999999998,1,weak_monsoon_start,0.14846408107689868
highfreq_lt1kyr,<1 kyr high-frequency component,46,178.135,-1,strong_monsoon_start,0.14846408107689868
highfreq_lt1kyr,<1 kyr high-frequency component,47,178.52499999999998,1,weak_monsoon_start,0.14846408107689868
highfreq_lt1kyr,<1 kyr high-frequency component,48,191.805,1,weak_monsoon_start,0.14846408107689868
highfreq_lt1kyr,<1 kyr high-frequency component,49,192.575,1,weak_monsoon_start,0.14846408107689868
highfreq_lt1kyr,<1 kyr high-frequency component,50,193.625,-1,strong_monsoon_start,0.14846408107689868
highfreq_lt1kyr,<1 kyr high-frequency component,51,199.325,-1,strong_monsoon_start,0.14846408107689868
highfreq_lt1kyr,<1 kyr high-frequency component,52,218.29847701814617,-1,strong_monsoon_start,0.14846408107689868
highfreq_lt1kyr,<1 kyr high-frequency component,53,231.96560914601721,-1,strong_monsoon_start,0.14846408107689868
highfreq_lt1kyr,<1 kyr high-frequency component,54,249.6395,-1,strong_monsoon_start,0.14846408107689868
highfreq_lt1kyr,<1 kyr high-frequency component,55,250.0685,1,weak_monsoon_start,0.14846408107689868
highfreq_lt1kyr,<1 kyr high-frequency component,56,250.4995,-1,strong_monsoon_start,0.14846408107689868
highfreq_lt1kyr,<1 kyr high-frequency component,57,250.8995,1,weak_monsoon_start,0.14846408107689868
highfreq_lt1kyr,<1 kyr high-frequency component,58,259.629,1,weak_monsoon_start,0.14846408107689868
highfreq_lt1kyr,<1 kyr high-frequency component,59,339.999,1,weak_monsoon_start,0.14846408107689868
highfreq_lt1kyr,<1 kyr high-frequency component,60,340.41700000000003,-1,strong_monsoon_start,0.14846408107689868
highfreq_lt1kyr,<1 kyr high-frequency component,61,349.582,1,weak_monsoon_start,0.14846408107689868
highfreq_lt1kyr,<1 kyr high-frequency component,62,356.35450000000003,1,weak_monsoon_start,0.14846408107689868
highfreq_lt1kyr,<1 kyr high-frequency component,63,371.0315,-1,strong_monsoon_start,0.14846408107689868
highfreq_lt1kyr,<1 kyr high-frequency component,64,375.916,-1,strong_monsoon_start,0.14846408107689868
highfreq_lt1kyr,<1 kyr high-frequency component,65,376.3175,1,weak_monsoon_start,0.14846408107689868
highfreq_lt1kyr,<1 kyr high-frequency component,66,376.719,-1,strong_monsoon_start,0.14846408107689868
highfreq_lt1kyr,<1 kyr high-frequency component,67,377.1205,1,weak_monsoon_start,0.14846408107689868
highfreq_lt1kyr,<1 kyr high-frequency component,68,377.522,-1,strong_monsoon_start,0.14846408107689868
highfreq_lt1kyr,<1 kyr high-frequency component,69,460.3433085584752,-1,strong_monsoon_start,0.14846408107689868
highfreq_lt1kyr,<1 kyr high-frequency component,70,479.02443010189745,1,weak_monsoon_start,0.14846408107689868
highfreq_lt1kyr,<1 kyr high-frequency component,71,560.1161999999999,-1,strong_monsoon_start,0.14846408107689868
highfreq_lt1kyr,<1 kyr high-frequency component,72,626.5092999999999,1,weak_monsoon_start,0.14846408107689868
highfreq_lt1kyr,<1 kyr high-frequency component,73,627.279,1,weak_monsoon_start,0.14846408107689868
highfreq_lt1kyr,<1 kyr high-frequency component,74,630.85025,1,weak_monsoon_start,0.14846408107689868
precession_plus_highfreq,Precession band + <1 kyr component,1,4.13062025,1,weak_monsoon_start,0.307354683080285
precession_plus_highfreq,Precession band + <1 kyr component,2,15.75,-1,strong_monsoon_start,0.307354683080285
precession_plus_highfreq,Precession band + <1 kyr component,3,16.144750000000002,1,weak_monsoon_start,0.307354683080285
precession_plus_highfreq,Precession band + <1 kyr component,4,17.116999999999997,1,weak_monsoon_start,0.307354683080285
precession_plus_highfreq,Precession band + <1 kyr component,5,17.5285,-1,strong_monsoon_start,0.307354683080285
precession_plus_highfreq,Precession band + <1 kyr component,6,18.240000000000002,-1,strong_monsoon_start,0.307354683080285
precession_plus_highfreq,Precession band + <1 kyr component,7,22.54225,1,weak_monsoon_start,0.307354683080285
precession_plus_highfreq,Precession band + <1 kyr component,8,24.54175,1,weak_monsoon_start,0.307354683080285
precession_plus_highfreq,Precession band + <1 kyr component,9,28.83175,1,weak_monsoon_start,0.307354683080285
precession_plus_highfreq,Precession band + <1 kyr component,10,29.54625,1,weak_monsoon_start,0.307354683080285
precession_plus_highfreq,Precession band + <1 kyr component,11,37.066500000000005,-1,strong_monsoon_start,0.307354683080285
precession_plus_highfreq,Precession band + <1 kyr component,12,49.24634999999999,1,weak_monsoon_start,0.307354683080285
precession_plus_highfreq,Precession band + <1 kyr component,13,49.95295,1,weak_monsoon_start,0.307354683080285
precession_plus_highfreq,Precession band + <1 kyr component,14,55.2305,1,weak_monsoon_start,0.307354683080285
precession_plus_highfreq,Precession band + <1 kyr component,15,55.68625,-1,strong_monsoon_start,0.307354683080285
precession_plus_highfreq,Precession band + <1 kyr component,16,69.1096,-1,strong_monsoon_start,0.307354683080285
precession_plus_highfreq,Precession band + <1 kyr component,17,69.52685,1,weak_monsoon_start,0.307354683080285
precession_plus_highfreq,Precession band + <1 kyr component,18,73.30160000000001,1,weak_monsoon_start,0.307354683080285
precession_plus_highfreq,Precession band + <1 kyr component,19,73.7226,-1,strong_monsoon_start,0.307354683080285
precession_plus_highfreq,Precession band + <1 kyr component,20,77.05345,1,weak_monsoon_start,0.307354683080285
precession_plus_highfreq,Precession band + <1 kyr component,21,77.72046875000001,1,weak_monsoon_start,0.307354683080285
precession_plus_highfreq,Precession band + <1 kyr component,22,84.22679166666666,-1,strong_monsoon_start,0.307354683080285
precession_plus_highfreq,Precession band + <1 kyr component,23,85.00075,-1,strong_monsoon_start,0.307354683080285
precession_plus_highfreq,Precession band + <1 kyr component,24,88.977,-1,strong_monsoon_start,0.307354683080285
precession_plus_highfreq,Precession band + <1 kyr component,25,90.033875,-1,strong_monsoon_start,0.307354683080285
precession_plus_highfreq,Precession band + <1 kyr component,26,90.914625,-1,strong_monsoon_start,0.307354683080285
precession_plus_highfreq,Precession band + <1 kyr component,27,97.590475,1,weak_monsoon_start,0.307354683080285
precession_plus_highfreq,Precession band + <1 kyr component,28,99.47137804881595,1,weak_monsoon_start,0.307354683080285
precession_plus_highfreq,Precession band + <1 kyr component,29,107.52379819330041,-1,strong_monsoon_start,0.307354683080285
precession_plus_highfreq,Precession band + <1 kyr component,30,109.13163554270598,-1,strong_monsoon_start,0.307354683080285
precession_plus_highfreq,Precession band + <1 kyr component,31,111.05730120536612,-1,strong_monsoon_start,0.307354683080285
precession_plus_highfreq,Precession band + <1 kyr component,32,116.81733333264756,1,weak_monsoon_start,0.307354683080285
precession_plus_highfreq,Precession band + <1 kyr component,33,117.49007317132092,1,weak_monsoon_start,0.307354683080285
precession_plus_highfreq,Precession band + <1 kyr component,34,118.82016571387524,1,weak_monsoon_start,0.307354683080285
precession_plus_highfreq,Precession band + <1 kyr component,35,127.626,-1,strong_monsoon_start,0.307354683080285
precession_plus_highfreq,Precession band + <1 kyr component,36,128.201,-1,strong_monsoon_start,0.307354683080285
precession_plus_highfreq,Precession band + <1 kyr component,37,128.939,-1,strong_monsoon_start,0.307354683080285
precession_plus_highfreq,Precession band + <1 kyr component,38,130.5765,-1,strong_monsoon_start,0.307354683080285
precession_plus_highfreq,Precession band + <1 kyr component,39,136.298,1,weak_monsoon_start,0.307354683080285
precession_plus_highfreq,Precession band + <1 kyr component,40,140.232,1,weak_monsoon_start,0.307354683080285
precession_plus_highfreq,Precession band + <1 kyr component,41,142.714,1,weak_monsoon_start,0.307354683080285
precession_plus_highfreq,Precession band + <1 kyr component,42,144.0495,1,weak_monsoon_start,0.307354683080285
precession_plus_highfreq,Precession band + <1 kyr component,43,156.185,-1,strong_monsoon_start,0.307354683080285
precession_plus_highfreq,Precession band + <1 kyr component,44,160.715,-1,strong_monsoon_start,0.307354683080285
precession_plus_highfreq,Precession band + <1 kyr component,45,164.92000000000002,1,weak_monsoon_start,0.307354683080285
precession_plus_highfreq,Precession band + <1 kyr component,46,168.91,1,weak_monsoon_start,0.307354683080285
precession_plus_highfreq,Precession band + <1 kyr component,47,176.79000000000002,-1,strong_monsoon_start,0.307354683080285
precession_plus_highfreq,Precession band + <1 kyr component,48,178.135,-1,strong_monsoon_start,0.307354683080285
precession_plus_highfreq,Precession band + <1 kyr component,49,178.91500000000002,-1,strong_monsoon_start,0.307354683080285
precession_plus_highfreq,Precession band + <1 kyr component,50,179.82999999999998,-1,strong_monsoon_start,0.307354683080285
precession_plus_highfreq,Precession band + <1 kyr component,51,181.735,-1,strong_monsoon_start,0.307354683080285
precession_plus_highfreq,Precession band + <1 kyr component,52,188.805,1,weak_monsoon_start,0.307354683080285
precession_plus_highfreq,Precession band + <1 kyr component,53,189.575,1,weak_monsoon_start,0.307354683080285
precession_plus_highfreq,Precession band + <1 kyr component,54,190.345,1,weak_monsoon_start,0.307354683080285
precession_plus_highfreq,Precession band + <1 kyr component,55,191.115,1,weak_monsoon_start,0.307354683080285
precession_plus_highfreq,Precession band + <1 kyr component,56,191.805,1,weak_monsoon_start,0.307354683080285
precession_plus_highfreq,Precession band + <1 kyr component,57,192.575,1,weak_monsoon_start,0.307354683080285
precession_plus_highfreq,Precession band + <1 kyr component,58,193.275,1,weak_monsoon_start,0.307354683080285
precession_plus_highfreq,Precession band + <1 kyr component,59,199.325,-1,strong_monsoon_start,0.307354683080285
precession_plus_highfreq,Precession band + <1 kyr component,60,200.305,-1,strong_monsoon_start,0.307354683080285
precession_plus_highfreq,Precession band + <1 kyr component,61,200.995,-1,strong_monsoon_start,0.307354683080285
precession_plus_highfreq,Precession band + <1 kyr component,62,204.20499999999998,-1,strong_monsoon_start,0.307354683080285
precession_plus_highfreq,Precession band + <1 kyr component,63,209.21,1,weak_monsoon_start,0.307354683080285
precession_plus_highfreq,Precession band + <1 kyr component,64,215.22500000000002,1,weak_monsoon_start,0.307354683080285
precession_plus_highfreq,Precession band + <1 kyr component,65,222.9738022668173,-1,strong_monsoon_start,0.307354683080285
precession_plus_highfreq,Precession band + <1 kyr component,66,225.19866073722363,-1,strong_monsoon_start,0.307354683080285
precession_plus_highfreq,Precession band + <1 kyr component,67,232.39667777195748,1,weak_monsoon_start,0.307354683080285
precession_plus_highfreq,Precession band + <1 kyr component,68,233.36658218032306,1,weak_monsoon_start,0.307354683080285
precession_plus_highfreq,Precession band + <1 kyr component,69,236.819,1,weak_monsoon_start,0.307354683080285
precession_plus_highfreq,Precession band + <1 kyr component,70,245.09199999999998,-1,strong_monsoon_start,0.307354683080285
precession_plus_highfreq,Precession band + <1 kyr component,71,246.1365,-1,strong_monsoon_start,0.307354683080285
precession_plus_highfreq,Precession band + <1 kyr component,72,247.538,-1,strong_monsoon_start,0.307354683080285
precession_plus_highfreq,Precession band + <1 kyr component,73,255.1135,1,weak_monsoon_start,0.307354683080285
precession_plus_highfreq,Precession band + <1 kyr component,74,264.0017,-1,strong_monsoon_start,0.307354683080285
precession_plus_highfreq,Precession band + <1 kyr component,75,269.22475,-1,strong_monsoon_start,0.307354683080285
precession_plus_highfreq,Precession band + <1 kyr component,76,281.42185,1,weak_monsoon_start,0.307354683080285
precession_plus_highfreq,Precession band + <1 kyr component,77,298.06399999999996,-1,strong_monsoon_start,0.307354683080285
precession_plus_highfreq,Precession band + <1 kyr component,78,308.48655,1,weak_monsoon_start,0.307354683080285
precession_plus_highfreq,Precession band + <1 kyr component,79,316.44,-1,strong_monsoon_start,0.307354683080285
precession_plus_highfreq,Precession band + <1 kyr component,80,317.398,-1,strong_monsoon_start,0.307354683080285
precession_plus_highfreq,Precession band + <1 kyr component,81,318.42999999999995,-1,strong_monsoon_start,0.307354683080285
precession_plus_highfreq,Precession band + <1 kyr component,82,326.265,1,weak_monsoon_start,0.307354683080285
precession_plus_highfreq,Precession band + <1 kyr component,83,327.142,1,weak_monsoon_start,0.307354683080285
precession_plus_highfreq,Precession band + <1 kyr component,84,335.946,-1,strong_monsoon_start,0.307354683080285
precession_plus_highfreq,Precession band + <1 kyr component,85,338.12,-1,strong_monsoon_start,0.307354683080285
precession_plus_highfreq,Precession band + <1 kyr component,86,347.72950000000003,1,weak_monsoon_start,0.307354683080285
precession_plus_highfreq,Precession band + <1 kyr component,87,355.8215,-1,strong_monsoon_start,0.307354683080285
precession_plus_highfreq,Precession band + <1 kyr component,88,357.6325,-1,strong_monsoon_start,0.307354683080285
precession_plus_highfreq,Precession band + <1 kyr component,89,364.13149999999996,1,weak_monsoon_start,0.307354683080285
precession_plus_highfreq,Precession band + <1 kyr component,90,373.294,-1,strong_monsoon_start,0.307354683080285
precession_plus_highfreq,Precession band + <1 kyr component,91,381.61199999999997,1,weak_monsoon_start,0.307354683080285
precession_plus_highfreq,Precession band + <1 kyr component,92,390.0790789613882,-1,strong_monsoon_start,0.307354683080285
precession_plus_highfreq,Precession band + <1 kyr component,93,399.8227344221359,1,weak_monsoon_start,0.307354683080285
precession_plus_highfreq,Precession band + <1 kyr component,94,428.7135532400163,-1,strong_monsoon_start,0.307354683080285
precession_plus_highfreq,Precession band + <1 kyr component,95,437.2626577084379,1,weak_monsoon_start,0.307354683080285
precession_plus_highfreq,Precession band + <1 kyr component,96,446.11402537379377,-1,strong_monsoon_start,0.307354683080285
precession_plus_highfreq,Precession band + <1 kyr component,97,453.93595729983406,1,weak_monsoon_start,0.307354683080285
precession_plus_highfreq,Precession band + <1 kyr component,98,456.24273020545775,1,weak_monsoon_start,0.307354683080285
precession_plus_highfreq,Precession band + <1 kyr component,99,468.38291844343814,-1,strong_monsoon_start,0.307354683080285
precession_plus_highfreq,Precession band + <1 kyr component,100,470.4687962797192,-1,strong_monsoon_start,0.307354683080285
precession_plus_highfreq,Precession band + <1 kyr component,101,479.02443010189745,1,weak_monsoon_start,0.307354683080285
precession_plus_highfreq,Precession band + <1 kyr component,102,481.0897158962525,1,weak_monsoon_start,0.307354683080285
precession_plus_highfreq,Precession band + <1 kyr component,103,490.04718501523325,-1,strong_monsoon_start,0.307354683080285
precession_plus_highfreq,Precession band + <1 kyr component,104,491.3343317532384,-1,strong_monsoon_start,0.307354683080285
precession_plus_highfreq,Precession band + <1 kyr component,105,500.3443589192743,1,weak_monsoon_start,0.307354683080285
precession_plus_highfreq,Precession band + <1 kyr component,106,501.3740763096784,1,weak_monsoon_start,0.307354683080285
precession_plus_highfreq,Precession band + <1 kyr component,107,510.459,-1,strong_monsoon_start,0.307354683080285
precession_plus_highfreq,Precession band + <1 kyr component,108,511.7527,-1,strong_monsoon_start,0.307354683080285
precession_plus_highfreq,Precession band + <1 kyr component,109,519.956,1,weak_monsoon_start,0.307354683080285
precession_plus_highfreq,Precession band + <1 kyr component,110,521.93825,1,weak_monsoon_start,0.307354683080285
precession_plus_highfreq,Precession band + <1 kyr component,111,528.81235,-1,strong_monsoon_start,0.307354683080285
precession_plus_highfreq,Precession band + <1 kyr component,112,542.97215,-1,strong_monsoon_start,0.307354683080285
precession_plus_highfreq,Precession band + <1 kyr component,113,551.2166,1,weak_monsoon_start,0.307354683080285
precession_plus_highfreq,Precession band + <1 kyr component,114,552.9636,1,weak_monsoon_start,0.307354683080285
precession_plus_highfreq,Precession band + <1 kyr component,115,560.1161999999999,-1,strong_monsoon_start,0.307354683080285
precession_plus_highfreq,Precession band + <1 kyr component,116,562.1448,-1,strong_monsoon_start,0.307354683080285
precession_plus_highfreq,Precession band + <1 kyr component,117,573.3987500000001,1,weak_monsoon_start,0.307354683080285
precession_plus_highfreq,Precession band + <1 kyr component,118,580.027,-1,strong_monsoon_start,0.307354683080285
precession_plus_highfreq,Precession band + <1 kyr component,119,592.20245,1,weak_monsoon_start,0.307354683080285
precession_plus_highfreq,Precession band + <1 kyr component,120,600.94715,-1,strong_monsoon_start,0.307354683080285
precession_plus_highfreq,Precession band + <1 kyr component,121,603.1157000000001,-1,strong_monsoon_start,0.307354683080285
precession_plus_highfreq,Precession band + <1 kyr component,122,609.76545,1,weak_monsoon_start,0.307354683080285
