dataset_id,dataset_label,model_id,model_label,n_bins,n_events,n_parameters,observed_zero_count,expected_zero_count,observed_zero_fraction,expected_zero_fraction,observed_nonzero_count,observed_multi_event_bin_count,expected_multi_event_bin_count,max_observed_event_count_per_bin,max_fitted_expected_events_per_bin,mean_fitted_expected_events_per_bin,pearson_chi2,pearson_dispersion,deviance,deviance_dispersion
strong_monsoon_start,Strong monsoon starts,stationary,Stationary,3175,95,1,3080,3081.4071899517803,0.9700787401574803,0.9705219495911119,95,0,1.3932248370638147,1,0.02992125984252649,0.029921259842519685,3080.0000000000346,0.9703843730308868,666.7453437479898,0.2100646955727756
strong_monsoon_start,Strong monsoon starts,history_resolution_baseline,Event-process baseline,3175,95,3,3080,3081.6643242232167,0.9700787401574803,0.9706029367632178,95,0,1.6413709619291337,1,0.10032778593391337,0.0299212592437801,2989.749754685089,0.9425440588540634,650.1373860928286,0.2049613449220771
strong_monsoon_start,Strong monsoon starts,baseline_lr04,Event-process baseline + LR04,3175,95,4,3080,3081.923113620398,0.9700787401574803,0.970684445234771,95,0,1.8857652891017773,1,0.19090567746075104,0.02992124461798841,2878.9218597029085,0.9078908419119863,636.781573577389,0.20081411970274016
strong_monsoon_start,Strong monsoon starts,baseline_co2,Event-process baseline + CO$_2$,3175,95,4,3080,3081.876229784699,0.9700787401574803,0.9706696786723461,95,0,1.842584733981099,1,0.18227181955363933,0.02992125146974101,2936.1700755863267,0.9259445208408472,638.6455884412846,0.2014019515740412
strong_monsoon_start,Strong monsoon starts,baseline_climate_lr04_co2,Climate-state model,3175,95,5,3080,3081.932815865107,0.9700787401574803,0.9706875010598762,95,0,1.894854331410542,1,0.19609568400171604,0.02992125729971212,2880.40647575588,0.9086455759482271,636.4044102601832,0.20075848904106727
strong_monsoon_start,Strong monsoon starts,baseline_pre_phase,Event-process baseline + precession phase,3175,95,5,3080,3081.920155888649,0.9700787401574803,0.9706835136657161,95,0,1.8858526388400225,1,0.14037616157595384,0.029921269154396916,2999.9917441539405,0.946369635379792,635.543289774299,0.2004868422000943
strong_monsoon_start,Strong monsoon starts,baseline_lr04_pre_phase,Event-process baseline + LR04 + precession phase,3175,95,6,3080,3082.295485283659,0.9700787401574803,0.9708017276483966,95,0,2.2370035470993246,1,0.2618738889723179,0.029921281174619684,2765.165880546685,0.8725673337162149,617.6014938413479,0.19488844867193053
strong_monsoon_start,Strong monsoon starts,baseline_co2_pre_phase,Event-process baseline + CO$_2$ + precession phase,3175,95,6,3080,3082.2321799626197,0.9700787401574803,0.9707817889646047,95,0,2.1801022917964374,1,0.21148079262960243,0.02992126588302727,2829.5335779283814,0.8928790084974382,619.9063853250427,0.19561577321711668
strong_monsoon_start,Strong monsoon starts,baseline_climate_lr04_co2_pre_phase,Full predictive model,3175,95,7,3080,3082.3148522990423,0.9700787401574803,0.9708078274957613,95,0,2.255475370685856,1,0.24967353864261188,0.029921276340214645,2761.647546794251,0.8717321801749529,616.6606367712282,0.19465297877879675
weak_monsoon_start,Weak monsoon starts,stationary,Stationary,3175,98,1,3077,3078.4969992127885,0.9691338582677166,0.969605354082768,98,0,1.4816760871003218,1,0.030866141732290478,0.030866141732283456,3076.999999999978,0.969439193446748,681.7067048006177,0.21477841991197785
weak_monsoon_start,Weak monsoon starts,history_resolution_baseline,Event-process baseline,3175,98,3,3077,3078.684812913841,0.9691338582677166,0.9696645080043594,98,0,1.6632390510133352,1,0.07241061374957397,0.03086614274552975,3045.0854775789694,0.959989116512916,669.4347702825403,0.2110450095468286
weak_monsoon_start,Weak monsoon starts,baseline_lr04,Event-process baseline + LR04,3175,98,4,3077,3078.953096461133,0.9691338582677166,0.969749006759412,98,0,1.9191723413813233,1,0.16731617184553008,0.03086613796950154,3071.7004964276493,0.9686851139790758,654.2105287088422,0.20631047893687865
weak_monsoon_start,Weak monsoon starts,baseline_co2,Event-process baseline + CO$_2$,3175,98,4,3077,3079.0655664842284,0.9691338582677166,0.9697844303887333,98,0,2.026538452768473,1,0.19738328498671975,0.030866141698979256,3096.4285986297714,0.9764833171333243,647.7971259242031,0.20428796150242923
weak_monsoon_start,Weak monsoon starts,baseline_climate_lr04_co2,Climate-state model,3175,98,5,3077,3079.0688193267565,0.9691338582677166,0.969785454906065,98,0,2.029405481173934,1,0.20134114685808577,0.030866141706160265,3093.890341559516,0.9759906440250838,647.7419131220619,0.20433498836658104
weak_monsoon_start,Weak monsoon starts,baseline_pre_phase,Event-process baseline + precession phase,3175,98,5,3077,3078.843520040329,0.9691338582677166,0.9697144945008911,98,0,1.8156565681526877,1,0.10095820117228516,0.030866137811058278,2991.2935058002586,0.9436257116089144,660.044929449817,0.20821606607249749
weak_monsoon_start,Weak monsoon starts,baseline_lr04_pre_phase,Event-process baseline + LR04 + precession phase,3175,98,6,3077,3079.230726091926,0.9691338582677166,0.9698364491628113,98,0,2.1834617852162417,1,0.20304897243976736,0.030866128030574463,2910.0492741966063,0.918286296685581,639.5637558305493,0.20181879325672114
weak_monsoon_start,Weak monsoon starts,baseline_co2_pre_phase,Event-process baseline + CO$_2$ + precession phase,3175,98,6,3077,3079.3659654608027,0.9691338582677166,0.9698790442396229,98,0,2.309499409507583,1,0.22703508199818476,0.030866130295997697,2917.980489140703,0.9207890467468296,633.4102963938906,0.19987702631552243
weak_monsoon_start,Weak monsoon starts,baseline_climate_lr04_co2_pre_phase,Full predictive model,3175,98,7,3077,3079.37184852141,0.9691338582677166,0.9698808971720976,98,0,2.3151136693346936,1,0.2206339165588809,0.03086614614166271,2902.1511656046173,0.9160830699509525,633.2224097662331,0.1998808111635837
