order,start_time_ka_BP,original_value_in_table,transition_type,ks_window_kyr,relation_to_other_ks_window,paired_other_window_age_ka,difference_0p4_minus_0p6_ka,source_table,source_pdf_page,source_row_index_in_table,published_start_age_ka,event_index,event_type,event_label,event_short_label,color,source,age_error_2sigma_kyr,age_sigma_kyr,sampling_lower_bound_ka,sampling_upper_bound_ka,sampling_bound_width_ka,truncated_gaussian_mass_kept,rank_lower_midpoint_ka,rank_upper_midpoint_ka
1,10.824,10.824,strong_monsoon_start,0.4-4,date_shifted_relative_to_other_window,11.129,-0.305,Rousseau et al. 2023 Scientific Reports Table 1,5,2,10.824,1,strong_monsoon_start,Strong monsoon starts,Strong,#d95f02,data/raw/rousseau_2023_ks_0p4_4kyr_strong_monsoon_start_times.csv,1.034429462683376,0.517214731341688,9.789570537316624,11.169,1.379429462683376,0.7248747766744175,0.0,11.169
2,11.514,11.514,strong_monsoon_start,0.4-4,additional_in_this_window,,,Rousseau et al. 2023 Scientific Reports Table 1,5,3,11.514,2,strong_monsoon_start,Strong monsoon starts,Strong,#d95f02,data/raw/rousseau_2023_ks_0p4_4kyr_strong_monsoon_start_times.csv,1.0366640119581372,0.5183320059790686,11.169,12.550664011958137,1.3816640119581365,0.7244153650919867,11.169,13.0655
3,14.617,14.617,strong_monsoon_start,0.4-4,common_same_date,14.617,0.0,Rousseau et al. 2023 Scientific Reports Table 1,5,5,14.617,3,strong_monsoon_start,Strong monsoon starts,Strong,#d95f02,data/raw/rousseau_2023_ks_0p4_4kyr_strong_monsoon_start_times.csv,1.046772820481784,0.523386410240892,13.570227179518216,15.663772820481785,2.093545640963569,0.9544997361036418,13.0655,19.151
4,23.685,23.685,strong_monsoon_start,0.4-4,common_same_date,23.685,0.0,Rousseau et al. 2023 Scientific Reports Table 1,5,7,23.685,4,strong_monsoon_start,Strong monsoon starts,Strong,#d95f02,data/raw/rousseau_2023_ks_0p4_4kyr_strong_monsoon_start_times.csv,1.0768826123365425,0.5384413061682712,22.608117387663455,24.761882612336542,2.153765224673087,0.9544997361036418,19.151,25.82
5,27.955,27.955,strong_monsoon_start,0.4-4,additional_in_this_window,,,Rousseau et al. 2023 Scientific Reports Table 1,5,11,27.955,5,strong_monsoon_start,Strong monsoon starts,Strong,#d95f02,data/raw/rousseau_2023_ks_0p4_4kyr_strong_monsoon_start_times.csv,1.0913593418518739,0.5456796709259369,26.863640658148125,28.6925,1.8288593418518744,0.8889862924313031,25.82,28.6925
6,29.43,29.43,strong_monsoon_start,0.4-4,common_same_date,29.43,0.0,Rousseau et al. 2023 Scientific Reports Table 1,5,13,29.43,6,strong_monsoon_start,Strong monsoon starts,Strong,#d95f02,data/raw/rousseau_2023_ks_0p4_4kyr_strong_monsoon_start_times.csv,1.0964051789614357,0.5482025894807179,28.6925,30.526405178961436,1.8339051789614373,0.8879865811196976,28.6925,31.0525
7,32.675,32.675,strong_monsoon_start,0.4-4,common_same_date,32.675,0.0,Rousseau et al. 2023 Scientific Reports Table 1,5,16,32.675,7,strong_monsoon_start,Strong monsoon starts,Strong,#d95f02,data/raw/rousseau_2023_ks_0p4_4kyr_strong_monsoon_start_times.csv,1.1075882890906332,0.5537941445453166,31.567411710909365,33.334999999999994,1.7675882890906287,0.8605758299290345,31.0525,33.334999999999994
8,33.995,33.995,strong_monsoon_start,0.4-4,date_shifted_relative_to_other_window,34.065,-0.07,Rousseau et al. 2023 Scientific Reports Table 1,5,18,33.995,8,strong_monsoon_start,Strong monsoon starts,Strong,#d95f02,data/raw/rousseau_2023_ks_0p4_4kyr_strong_monsoon_start_times.csv,1.1121699251795845,0.5560849625897922,33.334999999999994,34.765,1.4300000000000068,0.7992852571176785,33.334999999999994,34.765
9,35.535,35.535,strong_monsoon_start,0.4-4,date_shifted_relative_to_other_window,35.6,-0.065,Rousseau et al. 2023 Scientific Reports Table 1,5,20,35.535,9,strong_monsoon_start,Strong monsoon starts,Strong,#d95f02,data/raw/rousseau_2023_ks_0p4_4kyr_strong_monsoon_start_times.csv,1.117539121291943,0.5587695606459715,34.765,36.65253912129194,1.8875391212919368,0.8931525186951884,34.765,36.92
10,38.305,38.305,strong_monsoon_start,0.4-4,common_same_date,38.305,0.0,Rousseau et al. 2023 Scientific Reports Table 1,5,22,38.305,10,strong_monsoon_start,Strong monsoon starts,Strong,#d95f02,data/raw/rousseau_2023_ks_0p4_4kyr_strong_monsoon_start_times.csv,1.127262027572195,0.5636310137860975,37.177737972427806,39.43226202757219,2.254524055144387,0.9544997361036414,36.92,39.95
11,41.595,41.595,strong_monsoon_start,0.4-4,date_shifted_relative_to_other_window,41.635,-0.04,Rousseau et al. 2023 Scientific Reports Table 1,5,24,41.595,11,strong_monsoon_start,Strong monsoon starts,Strong,#d95f02,data/raw/rousseau_2023_ks_0p4_4kyr_strong_monsoon_start_times.csv,1.1389201365278123,0.5694600682639062,40.45607986347218,42.605000000000004,2.1489201365278205,0.9391860164124971,39.95,42.605000000000004
12,43.615,43.615,strong_monsoon_start,0.4-4,common_same_date,43.615,0.0,Rousseau et al. 2023 Scientific Reports Table 1,5,26,43.615,12,strong_monsoon_start,Strong monsoon starts,Strong,#d95f02,data/raw/rousseau_2023_ks_0p4_4kyr_strong_monsoon_start_times.csv,1.1461376682468436,0.5730688341234218,42.605000000000004,44.761137668246846,2.156137668246842,0.9382524584339308,42.605000000000004,45.432500000000005
13,47.25,47.25,strong_monsoon_start,0.4-4,common_same_date,47.25,0.0,Rousseau et al. 2023 Scientific Reports Table 1,5,29,47.25,13,strong_monsoon_start,Strong monsoon starts,Strong,#d95f02,data/raw/rousseau_2023_ks_0p4_4kyr_strong_monsoon_start_times.csv,1.159241042996251,0.5796205214981255,46.09075895700375,48.40924104299625,2.3184820859924997,0.9544997361036414,45.432500000000005,48.45
14,49.65,49.65,strong_monsoon_start,0.4-4,additional_in_this_window,,,Rousseau et al. 2023 Scientific Reports Table 1,5,32,49.65,14,strong_monsoon_start,Strong monsoon starts,Strong,#d95f02,data/raw/rousseau_2023_ks_0p4_4kyr_strong_monsoon_start_times.csv,1.1679745168089515,0.5839872584044757,48.482025483191045,50.81797451680895,2.335949033617908,0.954499736103642,48.45,51.724999999999994
15,53.8,53.8,strong_monsoon_start,0.4-4,date_shifted_relative_to_other_window,53.745,0.055,Rousseau et al. 2023 Scientific Reports Table 1,5,33,53.8,15,strong_monsoon_start,Strong monsoon starts,Strong,#d95f02,data/raw/rousseau_2023_ks_0p4_4kyr_strong_monsoon_start_times.csv,1.1832316918440746,0.5916158459220373,52.616768308155926,54.084999999999994,1.4682316918440677,0.6622515267286564,51.724999999999994,54.084999999999994
16,54.37,54.37,strong_monsoon_start,0.4-4,additional_in_this_window,,,Rousseau et al. 2023 Scientific Reports Table 1,5,34,54.37,16,strong_monsoon_start,Strong monsoon starts,Strong,#d95f02,data/raw/rousseau_2023_ks_0p4_4kyr_strong_monsoon_start_times.csv,1.185342763745728,0.592671381872864,54.084999999999994,55.0575,0.9725000000000037,0.5616728270513794,54.084999999999994,55.0575
17,55.745,55.745,strong_monsoon_start,0.4-4,additional_in_this_window,,,Rousseau et al. 2023 Scientific Reports Table 1,5,36,55.745,17,strong_monsoon_start,Strong monsoon starts,Strong,#d95f02,data/raw/rousseau_2023_ks_0p4_4kyr_strong_monsoon_start_times.csv,1.1904507755597424,0.5952253877798712,55.0575,56.93545077555974,1.8779507755597393,0.8532097035613412,55.0575,56.9775
18,58.21,58.21,strong_monsoon_start,0.4-4,common_same_date,58.21,0.0,Rousseau et al. 2023 Scientific Reports Table 1,5,38,58.21,18,strong_monsoon_start,Strong monsoon starts,Strong,#d95f02,data/raw/rousseau_2023_ks_0p4_4kyr_strong_monsoon_start_times.csv,1.199663212769045,0.5998316063845225,57.010336787230955,58.9975,1.9871632127690475,0.8826362306044068,56.9775,58.9975
19,59.785,59.785,strong_monsoon_start,0.4-4,common_same_date,59.785,0.0,Rousseau et al. 2023 Scientific Reports Table 1,5,39,59.785,19,strong_monsoon_start,Strong monsoon starts,Strong,#d95f02,data/raw/rousseau_2023_ks_0p4_4kyr_strong_monsoon_start_times.csv,1.2055867508834452,0.6027933754417226,58.9975,60.990586750883445,1.9930867508834424,0.8815446114116099,58.9975,62.6325
20,65.48,65.48,strong_monsoon_start,0.4-4,common_same_date,65.48,0.0,Rousseau et al. 2023 Scientific Reports Table 1,5,40,65.48,20,strong_monsoon_start,Strong monsoon starts,Strong,#d95f02,data/raw/rousseau_2023_ks_0p4_4kyr_strong_monsoon_start_times.csv,1.2272506512021177,0.6136253256010589,64.25274934879789,66.70725065120212,2.454501302404225,0.9544997361036407,62.6325,67.33000000000001
21,69.18,69.18,strong_monsoon_start,0.4-4,additional_in_this_window,,,Rousseau et al. 2023 Scientific Reports Table 1,5,42,69.18,21,strong_monsoon_start,Strong monsoon starts,Strong,#d95f02,data/raw/rousseau_2023_ks_0p4_4kyr_strong_monsoon_start_times.csv,1.2415337136586593,0.6207668568293296,67.93846628634135,70.42153371365866,2.483067427317309,0.9544997361036407,67.33000000000001,70.7325
22,72.285,72.285,strong_monsoon_start,0.4-4,common_same_date,72.285,0.0,Rousseau et al. 2023 Scientific Reports Table 1,5,45,72.285,22,strong_monsoon_start,Strong monsoon starts,Strong,#d95f02,data/raw/rousseau_2023_ks_0p4_4kyr_strong_monsoon_start_times.csv,1.253648105063711,0.6268240525318555,71.03135189493628,73.53864810506371,2.5072962101274356,0.9544997361036427,70.7325,73.7825
23,75.28,75.28,strong_monsoon_start,0.4-4,common_same_date,75.28,0.0,Rousseau et al. 2023 Scientific Reports Table 1,5,47,75.28,23,strong_monsoon_start,Strong monsoon starts,Strong,#d95f02,data/raw/rousseau_2023_ks_0p4_4kyr_strong_monsoon_start_times.csv,1.2654453122236136,0.6327226561118068,74.01455468777638,75.7625,1.7479453122236208,0.7543921354730988,73.7825,75.7625
24,76.245,76.245,strong_monsoon_start,0.4-4,common_same_date,76.245,0.0,Rousseau et al. 2023 Scientific Reports Table 1,5,48,76.245,24,strong_monsoon_start,Strong monsoon starts,Strong,#d95f02,data/raw/rousseau_2023_ks_0p4_4kyr_strong_monsoon_start_times.csv,1.269270014170808,0.634635007085404,75.7625,77.51427001417082,1.7517700141708161,0.7537061082321417,75.7625,80.1875
25,84.13,84.13,strong_monsoon_start,0.4-4,date_shifted_relative_to_other_window,84.03,0.1,Rousseau et al. 2023 Scientific Reports Table 1,5,51,84.13,25,strong_monsoon_start,Strong monsoon starts,Strong,#d95f02,data/raw/rousseau_2023_ks_0p4_4kyr_strong_monsoon_start_times.csv,1.3009578647113191,0.6504789323556596,82.82904213528867,84.565,1.7359578647113239,0.7254185663670746,80.1875,84.565
26,85.0,85.0,strong_monsoon_start,0.4-4,additional_in_this_window,,,Rousseau et al. 2023 Scientific Reports Table 1,5,52,85.0,26,strong_monsoon_start,Strong monsoon starts,Strong,#d95f02,data/raw/rousseau_2023_ks_0p4_4kyr_strong_monsoon_start_times.csv,1.304502271859638,0.652251135929819,84.565,86.30450227185963,1.7395022718596351,0.7248385797716621,84.565,87.39500000000001
27,89.79,89.79,strong_monsoon_start,0.4-4,common_same_date,89.79,0.0,Rousseau et al. 2023 Scientific Reports Table 1,5,54,89.79,27,strong_monsoon_start,Strong monsoon starts,Strong,#d95f02,data/raw/rousseau_2023_ks_0p4_4kyr_strong_monsoon_start_times.csv,1.3241905902235755,0.6620952951117878,88.46580940977643,91.11419059022359,2.64838118044716,0.9544997361036422,87.39500000000001,97.47
28,105.15,105.15,strong_monsoon_start,0.4-4,common_same_date,105.15,0.0,Rousseau et al. 2023 Scientific Reports Table 1,6,57,105.15,28,strong_monsoon_start,Strong monsoon starts,Strong,#d95f02,data/raw/rousseau_2023_ks_0p4_4kyr_strong_monsoon_start_times.csv,1.3893512486655026,0.6946756243327513,103.7606487513345,106.53935124866551,2.778702497331011,0.954499736103642,97.47,106.85
29,108.55,108.55,strong_monsoon_start,0.4-4,common_same_date,108.55,0.0,Rousseau et al. 2023 Scientific Reports Table 1,6,60,108.55,29,strong_monsoon_start,Strong monsoon starts,Strong,#d95f02,data/raw/rousseau_2023_ks_0p4_4kyr_strong_monsoon_start_times.csv,1.4042028463785103,0.7021014231892552,107.14579715362149,109.95420284637851,2.8084056927570202,0.9544997361036416,106.85,118.55000000000001
30,128.55,128.55,strong_monsoon_start,0.4-4,common_same_date,128.55,0.0,Rousseau et al. 2023 Scientific Reports Table 1,6,63,128.55,30,strong_monsoon_start,Strong monsoon starts,Strong,#d95f02,data/raw/rousseau_2023_ks_0p4_4kyr_strong_monsoon_start_times.csv,1.494835282845229,0.7474176414226145,127.05516471715478,129.5,2.4448352828452187,0.8753932015024024,118.55000000000001,129.5
31,130.45,130.45,strong_monsoon_start,0.4-4,additional_in_this_window,,,Rousseau et al. 2023 Scientific Reports Table 1,6,64,130.45,31,strong_monsoon_start,Strong monsoon starts,Strong,#d95f02,data/raw/rousseau_2023_ks_0p4_4kyr_strong_monsoon_start_times.csv,1.5037438761934758,0.7518719380967379,129.5,131.95374387619347,2.453743876193471,0.8740474368344254,129.5,139.05
32,147.65,147.65,strong_monsoon_start,0.4-4,common_same_date,147.65,0.0,Rousseau et al. 2023 Scientific Reports Table 1,6,71,147.65,32,strong_monsoon_start,Strong monsoon starts,Strong,#d95f02,data/raw/rousseau_2023_ks_0p4_4kyr_strong_monsoon_start_times.csv,1.5868448862616598,0.7934224431308299,146.06315511373833,148.35000000000002,2.28684488626169,0.788430092758503,139.05,148.35000000000002
33,149.05,149.05,strong_monsoon_start,0.4-4,common_same_date,149.05,0.0,Rousseau et al. 2023 Scientific Reports Table 1,6,72,149.05,33,strong_monsoon_start,Strong monsoon starts,Strong,#d95f02,data/raw/rousseau_2023_ks_0p4_4kyr_strong_monsoon_start_times.csv,1.5938077036944844,0.7969038518472422,148.35000000000002,150.4,2.049999999999983,0.7650092493841509,148.35000000000002,150.4
34,151.75,151.75,strong_monsoon_start,0.4-4,common_same_date,151.75,0.0,Rousseau et al. 2023 Scientific Reports Table 1,6,74,151.75,34,strong_monsoon_start,Strong monsoon starts,Strong,#d95f02,data/raw/rousseau_2023_ks_0p4_4kyr_strong_monsoon_start_times.csv,1.6073223844873759,0.8036611922436879,150.4,153.3573223844874,2.9573223844873837,0.9307529527834058,150.4,154.4
35,157.05,157.05,strong_monsoon_start,0.4-4,common_same_date,157.05,0.0,Rousseau et al. 2023 Scientific Reports Table 1,6,75,157.05,35,strong_monsoon_start,Strong monsoon starts,Strong,#d95f02,data/raw/rousseau_2023_ks_0p4_4kyr_strong_monsoon_start_times.csv,1.6341853779517461,0.8170926889758731,155.41581462204826,157.60000000000002,2.1841853779517635,0.7268138355623447,154.4,157.60000000000002
36,158.15,158.15,strong_monsoon_start,0.4-4,additional_in_this_window,,,Rousseau et al. 2023 Scientific Reports Table 1,6,76,158.15,36,strong_monsoon_start,Strong monsoon starts,Strong,#d95f02,data/raw/rousseau_2023_ks_0p4_4kyr_strong_monsoon_start_times.csv,1.639816726836468,0.819908363418234,157.60000000000002,159.325,1.724999999999966,0.6729116605252016,157.60000000000002,159.325
37,160.5,160.5,strong_monsoon_start,0.4-4,common_same_date,160.5,0.0,Rousseau et al. 2023 Scientific Reports Table 1,6,78,160.5,37,strong_monsoon_start,Strong monsoon starts,Strong,#d95f02,data/raw/rousseau_2023_ks_0p4_4kyr_strong_monsoon_start_times.csv,1.651912439504206,0.825956219752103,159.325,162.15,2.825000000000017,0.8996975604195803,159.325,162.15
38,163.8,163.8,strong_monsoon_start,0.4-4,common_same_date,163.8,0.0,Rousseau et al. 2023 Scientific Reports Table 1,6,80,163.8,38,strong_monsoon_start,Strong monsoon starts,Strong,#d95f02,data/raw/rousseau_2023_ks_0p4_4kyr_strong_monsoon_start_times.csv,1.6690487185213503,0.8345243592606751,162.15,165.46904871852135,3.319048718521344,0.9532388944327014,162.15,166.275
39,168.75,168.75,strong_monsoon_start,0.4-4,common_same_date,168.75,0.0,Rousseau et al. 2023 Scientific Reports Table 1,6,83,168.75,39,strong_monsoon_start,Strong monsoon starts,Strong,#d95f02,data/raw/rousseau_2023_ks_0p4_4kyr_strong_monsoon_start_times.csv,1.69508687338656,0.84754343669328,167.05491312661343,169.15,2.0950868733865775,0.6587694186750004,166.275,169.15
40,169.55,169.55,strong_monsoon_start,0.4-4,common_same_date,169.55,0.0,Rousseau et al. 2023 Scientific Reports Table 1,6,84,169.55,40,strong_monsoon_start,Strong monsoon starts,Strong,#d95f02,data/raw/rousseau_2023_ks_0p4_4kyr_strong_monsoon_start_times.csv,1.6993330350664886,0.8496665175332443,169.15,171.2493330350665,2.0993330350665076,0.6583484209548963,169.15,171.35000000000002
41,173.15,173.15,strong_monsoon_start,0.4-4,common_same_date,173.15,0.0,Rousseau et al. 2023 Scientific Reports Table 1,6,87,173.15,41,strong_monsoon_start,Strong monsoon starts,Strong,#d95f02,data/raw/rousseau_2023_ks_0p4_4kyr_strong_monsoon_start_times.csv,1.718572776565044,0.859286388282522,171.43142722343495,174.7,3.268572776565037,0.941620288289595,171.35000000000002,174.7
42,176.25,176.25,strong_monsoon_start,0.4-4,common_same_date,176.25,0.0,Rousseau et al. 2023 Scientific Reports Table 1,6,89,176.25,42,strong_monsoon_start,Strong monsoon starts,Strong,#d95f02,data/raw/rousseau_2023_ks_0p4_4kyr_strong_monsoon_start_times.csv,1.7353147967798348,0.8676573983899174,174.7,177.1,2.4000000000000057,0.7993546910073295,174.7,177.1
43,177.95,177.95,strong_monsoon_start,0.4-4,common_same_date,177.95,0.0,Rousseau et al. 2023 Scientific Reports Table 1,6,90,177.95,43,strong_monsoon_start,Strong monsoon starts,Strong,#d95f02,data/raw/rousseau_2023_ks_0p4_4kyr_strong_monsoon_start_times.csv,1.7445650340207481,0.8722825170103741,177.1,179.69456503402074,2.5945650340207465,0.8123345148526029,177.1,180.25
44,182.55,182.55,strong_monsoon_start,0.4-4,common_same_date,182.55,0.0,Rousseau et al. 2023 Scientific Reports Table 1,6,92,182.55,44,strong_monsoon_start,Strong monsoon starts,Strong,#d95f02,data/raw/rousseau_2023_ks_0p4_4kyr_strong_monsoon_start_times.csv,1.7698430970728762,0.8849215485364381,180.78015690292713,184.3198430970729,3.5396861941457587,0.954499736103642,180.25,186.60000000000002
45,190.65,190.65,strong_monsoon_start,0.4-4,common_same_date,190.65,0.0,Rousseau et al. 2023 Scientific Reports Table 1,6,94,190.65,45,strong_monsoon_start,Strong monsoon starts,Strong,#d95f02,data/raw/rousseau_2023_ks_0p4_4kyr_strong_monsoon_start_times.csv,1.8152480610294899,0.9076240305147449,188.83475193897053,191.7,2.8652480610294617,0.8535864514044378,186.60000000000002,191.7
46,192.75,192.75,strong_monsoon_start,0.4-4,date_shifted_relative_to_other_window,192.65,0.1,Rousseau et al. 2023 Scientific Reports Table 1,6,96,192.75,46,strong_monsoon_start,Strong monsoon starts,Strong,#d95f02,data/raw/rousseau_2023_ks_0p4_4kyr_strong_monsoon_start_times.csv,1.8272086681819513,0.9136043340909756,191.7,194.57720866818195,2.8772086681819644,0.852032486998164,191.7,195.85
47,198.95,198.95,strong_monsoon_start,0.4-4,date_shifted_relative_to_other_window,198.85,0.1,Rousseau et al. 2023 Scientific Reports Table 1,6,98,198.95,47,strong_monsoon_start,Strong monsoon starts,Strong,#d95f02,data/raw/rousseau_2023_ks_0p4_4kyr_strong_monsoon_start_times.csv,1.862982733400893,0.9314913667004465,197.0870172665991,200.81298273340087,3.7259654668017674,0.9544997361036405,195.85,209.0
48,219.05,219.05,strong_monsoon_start,0.4-4,common_same_date,219.05,0.0,Rousseau et al. 2023 Scientific Reports Table 1,6,101,219.05,48,strong_monsoon_start,Strong monsoon starts,Strong,#d95f02,data/raw/rousseau_2023_ks_0p4_4kyr_strong_monsoon_start_times.csv,1.9838468409973211,0.9919234204986606,217.06615315900268,221.03384684099734,3.9676936819946604,0.9544997361036427,209.0,222.125
49,225.2,225.2,strong_monsoon_start,0.4-4,common_same_date,225.2,0.0,Rousseau et al. 2023 Scientific Reports Table 1,6,103,225.2,49,strong_monsoon_start,Strong monsoon starts,Strong,#d95f02,data/raw/rousseau_2023_ks_0p4_4kyr_strong_monsoon_start_times.csv,2.022371417999161,1.0111857089995806,223.17762858200084,227.22237141799914,4.044742835998306,0.9544997361036407,222.125,227.975
50,230.75,230.75,strong_monsoon_start,0.4-4,common_same_date,230.75,0.0,Rousseau et al. 2023 Scientific Reports Table 1,6,105,230.75,50,strong_monsoon_start,Strong monsoon starts,Strong,#d95f02,data/raw/rousseau_2023_ks_0p4_4kyr_strong_monsoon_start_times.csv,2.0577792538558883,1.0288896269279442,228.6922207461441,232.8077792538559,4.115558507711796,0.9544997361036427,227.975,236.2
51,241.65,241.65,strong_monsoon_start,0.4-4,common_same_date,241.65,0.0,Rousseau et al. 2023 Scientific Reports Table 1,6,108,241.65,51,strong_monsoon_start,Strong monsoon starts,Strong,#d95f02,data/raw/rousseau_2023_ks_0p4_4kyr_strong_monsoon_start_times.csv,2.1291334523767897,1.0645667261883949,239.52086654762323,243.77913345237678,4.258266904753555,0.9544997361036403,236.2,244.95
52,248.25,248.25,strong_monsoon_start,0.4-4,date_shifted_relative_to_other_window,248.35,-0.1,Rousseau et al. 2023 Scientific Reports Table 1,7,110,248.25,52,strong_monsoon_start,Strong monsoon starts,Strong,#d95f02,data/raw/rousseau_2023_ks_0p4_4kyr_strong_monsoon_start_times.csv,2.173535986415324,1.086767993207662,246.07646401358468,249.7,3.6235359864153054,0.8861858549931005,244.95,249.7
53,251.15,251.15,strong_monsoon_start,0.4-4,common_same_date,251.15,0.0,Rousseau et al. 2023 Scientific Reports Table 1,7,112,251.15,53,strong_monsoon_start,Strong monsoon starts,Strong,#d95f02,data/raw/rousseau_2023_ks_0p4_4kyr_strong_monsoon_start_times.csv,2.193337899555148,1.096668949777574,249.7,253.34333789955517,3.6433378995551777,0.884196706752751,249.7,254.95
54,258.75,258.75,strong_monsoon_start,0.4-4,common_same_date,258.75,0.0,Rousseau et al. 2023 Scientific Reports Table 1,7,115,258.75,54,strong_monsoon_start,Strong monsoon starts,Strong,#d95f02,data/raw/rousseau_2023_ks_0p4_4kyr_strong_monsoon_start_times.csv,2.246092667862323,1.1230463339311616,256.50390733213766,260.99609266786234,4.492185335724685,0.9544997361036434,254.95,261.375
55,264.0,264.0,strong_monsoon_start,0.4-4,common_same_date,264.0,0.0,Rousseau et al. 2023 Scientific Reports Table 1,7,117,264.0,55,strong_monsoon_start,Strong monsoon starts,Strong,#d95f02,data/raw/rousseau_2023_ks_0p4_4kyr_strong_monsoon_start_times.csv,2.2832749056461275,1.1416374528230637,261.7167250943539,266.2832749056461,4.566549811292248,0.9544997361036414,261.375,268.425
56,272.85,272.85,strong_monsoon_start,0.4-4,common_same_date,272.85,0.0,Rousseau et al. 2023 Scientific Reports Table 1,7,118,272.85,56,strong_monsoon_start,Strong monsoon starts,Strong,#d95f02,data/raw/rousseau_2023_ks_0p4_4kyr_strong_monsoon_start_times.csv,2.347351604366262,1.173675802183131,270.50264839563374,275.1973516043663,4.694703208732562,0.9544997361036434,268.425,283.375
57,293.9,293.9,strong_monsoon_start,0.4-4,common_same_date,293.9,0.0,Rousseau et al. 2023 Scientific Reports Table 1,7,122,293.9,57,strong_monsoon_start,Strong monsoon starts,Strong,#d95f02,data/raw/rousseau_2023_ks_0p4_4kyr_strong_monsoon_start_times.csv,2.5070790985301317,1.2535395492650658,291.39292090146984,296.4070790985301,5.014158197060283,0.9544997361036425,283.375,304.67499999999995
58,315.45,315.45,strong_monsoon_start,0.4-4,common_same_date,315.45,0.0,Rousseau et al. 2023 Scientific Reports Table 1,7,124,315.45,58,strong_monsoon_start,Strong monsoon starts,Strong,#d95f02,data/raw/rousseau_2023_ks_0p4_4kyr_strong_monsoon_start_times.csv,2.681860411160562,1.340930205580281,312.7681395888394,315.9,3.1318604111605737,0.6086590567370295,304.67499999999995,315.9
59,316.35,316.35,strong_monsoon_start,0.4-4,date_shifted_relative_to_other_window,316.25,0.1,Rousseau et al. 2023 Scientific Reports Table 1,7,125,316.35,59,strong_monsoon_start,Strong monsoon starts,Strong,#d95f02,data/raw/rousseau_2023_ks_0p4_4kyr_strong_monsoon_start_times.csv,2.6894193684185512,1.3447096842092756,315.9,319.0394193684186,3.1394193684186007,0.6083033161017523,315.9,324.4
60,332.45,332.45,strong_monsoon_start,0.4-4,common_same_date,332.45,0.0,Rousseau et al. 2023 Scientific Reports Table 1,7,128,332.45,60,strong_monsoon_start,Strong monsoon starts,Strong,#d95f02,data/raw/rousseau_2023_ks_0p4_4kyr_strong_monsoon_start_times.csv,2.8282977838193006,1.4141488919096503,329.62170221618067,333.25,3.6282977838193347,0.6914548399626202,324.4,333.25
61,334.05,334.05,strong_monsoon_start,0.4-4,date_shifted_relative_to_other_window,333.85,0.2,Rousseau et al. 2023 Scientific Reports Table 1,7,129,334.05,61,strong_monsoon_start,Strong monsoon starts,Strong,#d95f02,data/raw/rousseau_2023_ks_0p4_4kyr_strong_monsoon_start_times.csv,2.8424852029959453,1.4212426014979727,333.25,335.70000000000005,2.4500000000000455,0.5904144121642969,333.25,335.70000000000005
62,337.35,337.35,strong_monsoon_start,0.4-4,common_same_date,337.35,0.0,Rousseau et al. 2023 Scientific Reports Table 1,7,130,337.35,62,strong_monsoon_start,Strong monsoon starts,Strong,#d95f02,data/raw/rousseau_2023_ks_0p4_4kyr_strong_monsoon_start_times.csv,2.8719719193300244,1.4359859596650122,335.70000000000005,340.22197191933003,4.521971919329985,0.8519793625192855,335.70000000000005,344.4
63,351.45,351.45,strong_monsoon_start,0.4-4,date_shifted_relative_to_other_window,351.15,0.3,Rousseau et al. 2023 Scientific Reports Table 1,7,133,351.45,63,strong_monsoon_start,Strong monsoon starts,Strong,#d95f02,data/raw/rousseau_2023_ks_0p4_4kyr_strong_monsoon_start_times.csv,3.0014457948044644,1.5007228974022322,348.44855420519553,354.45144579480444,6.0028915896089075,0.9544997361036409,344.4,358.54999999999995
64,365.65,365.65,strong_monsoon_start,0.4-4,common_same_date,365.65,0.0,Rousseau et al. 2023 Scientific Reports Table 1,7,135,365.65,64,strong_monsoon_start,Strong monsoon starts,Strong,#d95f02,data/raw/rousseau_2023_ks_0p4_4kyr_strong_monsoon_start_times.csv,3.137736976150992,1.568868488075496,362.51226302384896,366.875,4.362736976151041,0.7597949536051338,358.54999999999995,366.875
65,368.1,368.1,strong_monsoon_start,0.4-4,common_same_date,368.1,0.0,Rousseau et al. 2023 Scientific Reports Table 1,7,137,368.1,65,strong_monsoon_start,Strong monsoon starts,Strong,#d95f02,data/raw/rousseau_2023_ks_0p4_4kyr_strong_monsoon_start_times.csv,3.161870401082037,1.5809352005410184,366.875,369.425,2.5500000000000114,0.5798041225794117,366.875,369.425
66,370.75,370.75,strong_monsoon_start,0.4-4,common_same_date,370.75,0.0,Rousseau et al. 2023 Scientific Reports Table 1,7,140,370.75,66,strong_monsoon_start,Strong monsoon starts,Strong,#d95f02,data/raw/rousseau_2023_ks_0p4_4kyr_strong_monsoon_start_times.csv,3.188182898148261,1.5940914490741305,369.425,373.35,3.9250000000000114,0.7456253901820709,369.425,373.35
67,375.95,375.95,strong_monsoon_start,0.4-4,additional_in_this_window,,,Rousseau et al. 2023 Scientific Reports Table 1,7,143,375.95,67,strong_monsoon_start,Strong monsoon starts,Strong,#d95f02,data/raw/rousseau_2023_ks_0p4_4kyr_strong_monsoon_start_times.csv,3.2404530201695816,1.6202265100847908,373.35,376.7,3.349999999999966,0.62400295457186,373.35,376.7
68,377.45,377.45,strong_monsoon_start,0.4-4,date_shifted_relative_to_other_window,377.25,0.2,Rousseau et al. 2023 Scientific Reports Table 1,7,144,377.45,68,strong_monsoon_start,Strong monsoon starts,Strong,#d95f02,data/raw/rousseau_2023_ks_0p4_4kyr_strong_monsoon_start_times.csv,3.255689599150716,1.627844799575358,376.7,380.70568959915073,4.005689599150742,0.654754379327813,376.7,384.125
69,390.8,390.8,strong_monsoon_start,0.4-4,common_same_date,390.8,0.0,Rousseau et al. 2023 Scientific Reports Table 1,7,146,390.8,69,strong_monsoon_start,Strong monsoon starts,Strong,#d95f02,data/raw/rousseau_2023_ks_0p4_4kyr_strong_monsoon_start_times.csv,3.3944907535140523,1.6972453767570261,387.40550924648596,392.20000000000005,4.794490753514083,0.7725260316568885,384.125,392.20000000000005
70,393.6,393.6,strong_monsoon_start,0.4-4,common_same_date,393.6,0.0,Rousseau et al. 2023 Scientific Reports Table 1,7,147,393.6,70,strong_monsoon_start,Strong monsoon starts,Strong,#d95f02,data/raw/rousseau_2023_ks_0p4_4kyr_strong_monsoon_start_times.csv,3.4243450302434435,1.7121725151217217,392.20000000000005,397.02434503024347,4.824345030243421,0.7704783630998869,392.20000000000005,402.925
71,412.25,412.25,strong_monsoon_start,0.4-4,common_same_date,412.25,0.0,Rousseau et al. 2023 Scientific Reports Table 1,7,149,412.25,71,strong_monsoon_start,Strong monsoon starts,Strong,#d95f02,data/raw/rousseau_2023_ks_0p4_4kyr_strong_monsoon_start_times.csv,3.6300070194873943,1.8150035097436972,408.6199929805126,415.8800070194874,7.260014038974759,0.9544997361036407,402.925,419.15
72,426.05,426.05,strong_monsoon_start,0.4-4,common_same_date,426.05,0.0,Rousseau et al. 2023 Scientific Reports Table 1,7,150,426.05,72,strong_monsoon_start,Strong monsoon starts,Strong,#d95f02,data/raw/rousseau_2023_ks_0p4_4kyr_strong_monsoon_start_times.csv,3.7900968274572677,1.8950484137286339,422.25990317254275,429.8400968274573,7.580193654914524,0.9544997361036414,419.15,436.725
73,447.4,447.4,strong_monsoon_start,0.4-4,common_same_date,447.4,0.0,Rousseau et al. 2023 Scientific Reports Table 1,7,153,447.4,73,strong_monsoon_start,Strong monsoon starts,Strong,#d95f02,data/raw/rousseau_2023_ks_0p4_4kyr_strong_monsoon_start_times.csv,4.051794035846466,2.025897017923233,443.3482059641535,448.42499999999995,5.076794035846433,0.6708035429480448,436.725,448.42499999999995
74,449.45,449.45,strong_monsoon_start,0.4-4,common_same_date,449.45,0.0,Rousseau et al. 2023 Scientific Reports Table 1,7,154,449.45,74,strong_monsoon_start,Strong monsoon starts,Strong,#d95f02,data/raw/rousseau_2023_ks_0p4_4kyr_strong_monsoon_start_times.csv,4.077853500673136,2.038926750336568,448.42499999999995,453.52785350067313,5.102853500673177,0.6696676988875719,448.42499999999995,454.17499999999995
75,458.9,458.9,strong_monsoon_start,0.4-4,common_same_date,458.9,0.0,Rousseau et al. 2023 Scientific Reports Table 1,7,157,458.9,75,strong_monsoon_start,Strong monsoon starts,Strong,#d95f02,data/raw/rousseau_2023_ks_0p4_4kyr_strong_monsoon_start_times.csv,4.200164815679179,2.1000824078395897,454.6998351843208,461.025,6.325164815679159,0.821448578084663,454.17499999999995,461.025
76,463.15,463.15,strong_monsoon_start,0.4-4,common_same_date,463.15,0.0,Rousseau et al. 2023 Scientific Reports Table 1,7,159,463.15,76,strong_monsoon_start,Strong monsoon starts,Strong,#d95f02,data/raw/rousseau_2023_ks_0p4_4kyr_strong_monsoon_start_times.csv,4.2563619340238965,2.1281809670119483,461.025,464.54999999999995,3.5249999999999773,0.5856619431588093,461.025,464.54999999999995
77,465.95,465.95,strong_monsoon_start,0.4-4,common_same_date,465.95,0.0,Rousseau et al. 2023 Scientific Reports Table 1,7,160,465.95,77,strong_monsoon_start,Strong monsoon starts,Strong,#d95f02,data/raw/rousseau_2023_ks_0p4_4kyr_strong_monsoon_start_times.csv,4.293796321604376,2.146898160802188,464.54999999999995,469.35,4.800000000000068,0.6861995639712866,464.54999999999995,469.35
78,472.75,472.75,strong_monsoon_start,0.4-4,common_same_date,472.75,0.0,Rousseau et al. 2023 Scientific Reports Table 1,7,162,472.75,78,strong_monsoon_start,Strong monsoon starts,Strong,#d95f02,data/raw/rousseau_2023_ks_0p4_4kyr_strong_monsoon_start_times.csv,4.3860848208556185,2.1930424104278092,469.35,477.1360848208556,7.786084820855592,0.9167220151192625,469.35,478.2
79,483.65,483.65,strong_monsoon_start,0.4-4,date_shifted_relative_to_other_window,484.15,-0.5,Rousseau et al. 2023 Scientific Reports Table 1,8,165,483.65,79,strong_monsoon_start,Strong monsoon starts,Strong,#d95f02,data/raw/rousseau_2023_ks_0p4_4kyr_strong_monsoon_start_times.csv,4.538173851300738,2.269086925650369,479.11182614869927,488.1881738513007,9.076347702601424,0.9544997361036405,478.2,493.9
80,504.15,504.15,strong_monsoon_start,0.4-4,common_same_date,504.15,0.0,Rousseau et al. 2023 Scientific Reports Table 1,8,167,504.15,80,strong_monsoon_start,Strong monsoon starts,Strong,#d95f02,data/raw/rousseau_2023_ks_0p4_4kyr_strong_monsoon_start_times.csv,4.838644475763907,2.4193222378819534,499.3113555242361,508.98864447576386,9.677288951527771,0.9544997361036407,493.9,517.95
81,531.75,531.75,strong_monsoon_start,0.4-4,common_same_date,531.75,0.0,Rousseau et al. 2023 Scientific Reports Table 1,8,171,531.75,81,strong_monsoon_start,Strong monsoon starts,Strong,#d95f02,data/raw/rousseau_2023_ks_0p4_4kyr_strong_monsoon_start_times.csv,5.2748407550123995,2.6374203775061997,526.4751592449876,537.0248407550124,10.549681510024811,0.9544997361036418,517.95,540.0
82,548.25,548.25,strong_monsoon_start,0.4-4,common_same_date,548.25,0.0,Rousseau et al. 2023 Scientific Reports Table 1,8,173,548.25,82,strong_monsoon_start,Strong monsoon starts,Strong,#d95f02,data/raw/rousseau_2023_ks_0p4_4kyr_strong_monsoon_start_times.csv,5.554170630920899,2.7770853154604493,542.6958293690791,550.9,8.204170630920885,0.8072682455325234,540.0,550.9
83,553.55,553.55,strong_monsoon_start,0.4-4,common_same_date,553.55,0.0,Rousseau et al. 2023 Scientific Reports Table 1,8,176,553.55,83,strong_monsoon_start,Strong monsoon starts,Strong,#d95f02,data/raw/rousseau_2023_ks_0p4_4kyr_strong_monsoon_start_times.csv,5.64699674783862,2.82349837391931,550.9,554.5999999999999,3.699999999999932,0.4710281544601739,550.9,554.5999999999999
84,555.65,555.65,strong_monsoon_start,0.4-4,common_same_date,555.65,0.0,Rousseau et al. 2023 Scientific Reports Table 1,8,178,555.65,84,strong_monsoon_start,Strong monsoon starts,Strong,#d95f02,data/raw/rousseau_2023_ks_0p4_4kyr_strong_monsoon_start_times.csv,5.684204628482119,2.8421023142410595,554.5999999999999,557.4,2.800000000000068,0.3750692940014894,554.5999999999999,557.4
85,559.15,559.15,strong_monsoon_start,0.4-4,common_same_date,559.15,0.0,Rousseau et al. 2023 Scientific Reports Table 1,8,180,559.15,85,strong_monsoon_start,Strong monsoon starts,Strong,#d95f02,data/raw/rousseau_2023_ks_0p4_4kyr_strong_monsoon_start_times.csv,5.746763338428802,2.873381669214401,557.4,560.2,2.800000000000068,0.37135272778392237,557.4,560.2
86,561.25,561.25,strong_monsoon_start,0.4-4,common_same_date,561.25,0.0,Rousseau et al. 2023 Scientific Reports Table 1,8,182,561.25,86,strong_monsoon_start,Strong monsoon starts,Strong,#d95f02,data/raw/rousseau_2023_ks_0p4_4kyr_strong_monsoon_start_times.csv,5.7846285707669844,2.8923142853834922,560.2,561.75,1.5499999999999545,0.21033312746864463,560.2,561.75
87,562.25,562.25,strong_monsoon_start,0.4-4,common_same_date,562.25,0.0,Rousseau et al. 2023 Scientific Reports Table 1,8,183,562.25,87,strong_monsoon_start,Strong monsoon starts,Strong,#d95f02,data/raw/rousseau_2023_ks_0p4_4kyr_strong_monsoon_start_times.csv,5.802747220695482,2.901373610347741,561.75,568.0527472206954,6.302747220695437,0.545661669328675,561.75,571.275
88,580.3,580.3,strong_monsoon_start,0.4-4,common_same_date,580.3,0.0,Rousseau et al. 2023 Scientific Reports Table 1,8,185,580.3,88,strong_monsoon_start,Strong monsoon starts,Strong,#d95f02,data/raw/rousseau_2023_ks_0p4_4kyr_strong_monsoon_start_times.csv,6.139722332794272,3.069861166397136,574.1602776672057,581.625,7.464722332794281,0.6442394624707798,571.275,581.625
89,582.95,582.95,strong_monsoon_start,0.4-4,common_same_date,582.95,0.0,Rousseau et al. 2023 Scientific Reports Table 1,8,186,582.95,89,strong_monsoon_start,Strong monsoon starts,Strong,#d95f02,data/raw/rousseau_2023_ks_0p4_4kyr_strong_monsoon_start_times.csv,6.190816119963109,3.0954080599815543,581.625,588.425,6.7999999999999545,0.6272260019413148,581.625,588.425
90,593.9,593.9,strong_monsoon_start,0.4-4,common_same_date,593.9,0.0,Rousseau et al. 2023 Scientific Reports Table 1,8,188,593.9,90,strong_monsoon_start,Strong monsoon starts,Strong,#d95f02,data/raw/rousseau_2023_ks_0p4_4kyr_strong_monsoon_start_times.csv,6.406487318612809,3.2032436593064046,588.425,598.95,10.525000000000091,0.8988413013312929,588.425,598.95
91,604.0,604.0,strong_monsoon_start,0.4-4,additional_in_this_window,,,Rousseau et al. 2023 Scientific Reports Table 1,8,191,604.0,91,strong_monsoon_start,Strong monsoon starts,Strong,#d95f02,data/raw/rousseau_2023_ks_0p4_4kyr_strong_monsoon_start_times.csv,6.61207128217766,3.30603564108883,598.95,610.6120712821777,11.662071282177635,0.9139326527735937,598.95,614.825
92,625.65,625.65,strong_monsoon_start,0.4-4,common_same_date,625.65,0.0,Rousseau et al. 2023 Scientific Reports Table 1,8,193,625.65,92,strong_monsoon_start,Strong monsoon starts,Strong,#d95f02,data/raw/rousseau_2023_ks_0p4_4kyr_strong_monsoon_start_times.csv,7.075252033917767,3.5376260169588836,618.5747479660822,626.5999999999999,8.025252033917695,0.5831086660664737,614.825,626.5999999999999
93,627.55,627.55,strong_monsoon_start,0.4-4,date_shifted_relative_to_other_window,627.4,0.15,Rousseau et al. 2023 Scientific Reports Table 1,8,194,627.55,93,strong_monsoon_start,Strong monsoon starts,Strong,#d95f02,data/raw/rousseau_2023_ks_0p4_4kyr_strong_monsoon_start_times.csv,7.11741763830279,3.558708819151395,626.5999999999999,628.825,2.2250000000001364,0.24517807637843758,626.5999999999999,628.825
94,630.1,630.1,strong_monsoon_start,0.4-4,common_same_date,630.1,0.0,Rousseau et al. 2023 Scientific Reports Table 1,8,196,630.1,94,strong_monsoon_start,Strong monsoon starts,Strong,#d95f02,data/raw/rousseau_2023_ks_0p4_4kyr_strong_monsoon_start_times.csv,7.17440356447477,3.587201782237385,628.825,631.7,2.875,0.3110786035339171,628.825,631.7
95,633.3,633.3,strong_monsoon_start,0.4-4,common_same_date,633.3,0.0,Rousseau et al. 2023 Scientific Reports Table 1,8,198,633.3,95,strong_monsoon_start,Strong monsoon starts,Strong,#d95f02,data/raw/rousseau_2023_ks_0p4_4kyr_strong_monsoon_start_times.csv,7.246561237191087,3.6232806185955435,631.7,635.7,4.0,0.4167437384353069,631.7,635.7
96,638.1,638.1,strong_monsoon_start,0.4-4,common_same_date,638.1,0.0,Rousseau et al. 2023 Scientific Reports Table 1,8,201,638.1,96,strong_monsoon_start,Strong monsoon starts,Strong,#d95f02,data/raw/rousseau_2023_ks_0p4_4kyr_strong_monsoon_start_times.csv,7.356160778395075,3.6780803891975373,635.7,640.0,4.2999999999999545,0.44023841907086964,635.7,640.0
1,3.5,3.5,weak_monsoon_start,0.4-4,common_same_date,3.5,0.0,Rousseau et al. 2023 Scientific Reports Table 1,5,1,3.5,1,weak_monsoon_start,Weak monsoon starts,Weak,#6a3d9a,data/raw/rousseau_2023_ks_0p4_4kyr_weak_monsoon_start_times.csv,1.0110057316388499,0.5055028658194249,2.48899426836115,4.51100573163885,2.0220114632776998,0.9544997361036416,0.0,8.1395
2,12.779,12.779,weak_monsoon_start,0.4-4,common_same_date,12.779,0.0,Rousseau et al. 2023 Scientific Reports Table 1,5,4,12.779,2,weak_monsoon_start,Weak monsoon starts,Weak,#6a3d9a,data/raw/rousseau_2023_ks_0p4_4kyr_weak_monsoon_start_times.csv,1.0407732294675185,0.5203866147337592,11.738226770532481,13.819773229467518,2.081546458935037,0.9544997361036416,8.1395,15.307
3,17.835,17.835,weak_monsoon_start,0.4-4,additional_in_this_window,,,Rousseau et al. 2023 Scientific Reports Table 1,5,6,17.835,3,weak_monsoon_start,Weak monsoon starts,Weak,#6a3d9a,data/raw/rousseau_2023_ks_0p4_4kyr_weak_monsoon_start_times.csv,1.0573604060241701,0.5286802030120851,16.77763959397583,18.89236040602417,2.11472081204834,0.9544997361036416,15.307,21.2125
4,24.59,24.59,weak_monsoon_start,0.4-4,common_same_date,24.59,0.0,Rousseau et al. 2023 Scientific Reports Table 1,5,8,24.59,4,weak_monsoon_start,Weak monsoon starts,Weak,#6a3d9a,data/raw/rousseau_2023_ks_0p4_4kyr_weak_monsoon_start_times.csv,1.0799347414269558,0.5399673707134779,23.510065258573043,25.619999999999997,2.1099347414269545,0.9490233988404114,21.2125,25.619999999999997
5,26.65,26.65,weak_monsoon_start,0.4-4,common_same_date,26.65,0.0,Rousseau et al. 2023 Scientific Reports Table 1,5,9,26.65,5,weak_monsoon_start,Weak monsoon starts,Weak,#6a3d9a,data/raw/rousseau_2023_ks_0p4_4kyr_weak_monsoon_start_times.csv,1.0869144243326474,0.5434572121663237,25.619999999999997,27.1025,1.4825000000000017,0.7684458219503099,25.619999999999997,27.1025
6,27.555,27.555,weak_monsoon_start,0.4-4,additional_in_this_window,,,Rousseau et al. 2023 Scientific Reports Table 1,5,10,27.555,6,weak_monsoon_start,Weak monsoon starts,Weak,#6a3d9a,data/raw/rousseau_2023_ks_0p4_4kyr_weak_monsoon_start_times.csv,1.08999498712966,0.54499749356483,27.1025,28.134999999999998,1.0324999999999989,0.653196109767159,27.1025,28.134999999999998
7,28.715,28.715,weak_monsoon_start,0.4-4,date_shifted_relative_to_other_window,28.625,0.09,Rousseau et al. 2023 Scientific Reports Table 1,5,12,28.715,7,weak_monsoon_start,Weak monsoon starts,Weak,#6a3d9a,data/raw/rousseau_2023_ks_0p4_4kyr_weak_monsoon_start_times.csv,1.0939563234298006,0.5469781617149003,28.134999999999998,29.567500000000003,1.4325000000000045,0.7959622595867346,28.134999999999998,29.567500000000003
8,30.42,30.42,weak_monsoon_start,0.4-4,common_same_date,30.42,0.0,Rousseau et al. 2023 Scientific Reports Table 1,5,14,30.42,8,weak_monsoon_start,Weak monsoon starts,Weak,#6a3d9a,data/raw/rousseau_2023_ks_0p4_4kyr_weak_monsoon_start_times.csv,1.0998049520378248,0.5499024760189124,29.567500000000003,31.1975,1.629999999999999,0.8607646924912418,29.567500000000003,31.1975
9,31.975,31.975,weak_monsoon_start,0.4-4,common_same_date,31.975,0.0,Rousseau et al. 2023 Scientific Reports Table 1,5,15,31.975,9,weak_monsoon_start,Weak monsoon starts,Weak,#6a3d9a,data/raw/rousseau_2023_ks_0p4_4kyr_weak_monsoon_start_times.csv,1.1051663022538403,0.5525831511269201,31.1975,32.697500000000005,1.5000000000000036,0.8247682300062342,31.1975,32.697500000000005
10,33.42,33.42,weak_monsoon_start,0.4-4,common_same_date,33.42,0.0,Rousseau et al. 2023 Scientific Reports Table 1,5,17,33.42,10,weak_monsoon_start,Weak monsoon starts,Weak,#6a3d9a,data/raw/rousseau_2023_ks_0p4_4kyr_weak_monsoon_start_times.csv,1.1101718149116035,0.5550859074558018,32.697500000000005,34.085,1.3874999999999957,0.7880174516619389,32.697500000000005,34.085
11,34.75,34.75,weak_monsoon_start,0.4-4,common_same_date,34.75,0.0,Rousseau et al. 2023 Scientific Reports Table 1,5,19,34.75,11,weak_monsoon_start,Weak monsoon starts,Weak,#6a3d9a,data/raw/rousseau_2023_ks_0p4_4kyr_weak_monsoon_start_times.csv,1.1147989923661683,0.5573994961830842,34.085,35.75,1.6649999999999991,0.8471702213013954,34.085,35.75
12,36.75,36.75,weak_monsoon_start,0.4-4,date_shifted_relative_to_other_window,36.605,0.145,Rousseau et al. 2023 Scientific Reports Table 1,5,21,36.75,12,weak_monsoon_start,Weak monsoon starts,Weak,#6a3d9a,data/raw/rousseau_2023_ks_0p4_4kyr_weak_monsoon_start_times.csv,1.1217934970256709,0.5608967485128354,35.75,37.87179349702567,2.1217934970256707,0.9399452654130759,35.75,38.3525
13,39.955,39.955,weak_monsoon_start,0.4-4,date_shifted_relative_to_other_window,39.99,-0.035,Rousseau et al. 2023 Scientific Reports Table 1,5,23,39.955,13,weak_monsoon_start,Weak monsoon starts,Weak,#6a3d9a,data/raw/rousseau_2023_ks_0p4_4kyr_weak_monsoon_start_times.csv,1.1330938051501196,0.5665469025750598,38.82190619484988,41.088093805150116,2.2661876103002356,0.9544997361036414,38.3525,41.215
14,42.475,42.475,weak_monsoon_start,0.4-4,common_same_date,42.475,0.0,Rousseau et al. 2023 Scientific Reports Table 1,5,25,42.475,14,weak_monsoon_start,Weak monsoon starts,Weak,#6a3d9a,data/raw/rousseau_2023_ks_0p4_4kyr_weak_monsoon_start_times.csv,1.1420588107268401,0.5710294053634201,41.332941189273164,43.480000000000004,2.14705881072684,0.9380442197895917,41.215,43.480000000000004
15,44.485,44.485,weak_monsoon_start,0.4-4,date_shifted_relative_to_other_window,44.44,0.045,Rousseau et al. 2023 Scientific Reports Table 1,5,27,44.485,15,weak_monsoon_start,Weak monsoon starts,Weak,#6a3d9a,data/raw/rousseau_2023_ks_0p4_4kyr_weak_monsoon_start_times.csv,1.1492602784778165,0.5746301392389083,43.480000000000004,45.1075,1.6274999999999977,0.8205138429588205,43.480000000000004,45.1075
16,45.73,45.73,weak_monsoon_start,0.4-4,common_same_date,45.73,0.0,Rousseau et al. 2023 Scientific Reports Table 1,5,28,45.73,16,weak_monsoon_start,Weak monsoon starts,Weak,#6a3d9a,data/raw/rousseau_2023_ks_0p4_4kyr_weak_monsoon_start_times.csv,1.1537436496739284,0.5768718248369642,45.1075,46.883743649673924,1.7762436496739227,0.836977370536337,45.1075,47.099999999999994
17,48.47,48.47,weak_monsoon_start,0.4-4,date_shifted_relative_to_other_window,48.86,-0.39,Rousseau et al. 2023 Scientific Reports Table 1,5,30,48.47,17,weak_monsoon_start,Weak monsoon starts,Weak,#6a3d9a,data/raw/rousseau_2023_ks_0p4_4kyr_weak_monsoon_start_times.csv,1.163672385138777,0.5818361925693885,47.306327614861225,48.695,1.3886723851387757,0.6277632196114188,47.099999999999994,48.695
18,48.92,48.92,weak_monsoon_start,0.4-4,additional_in_this_window,,,Rousseau et al. 2023 Scientific Reports Table 1,5,31,48.92,18,weak_monsoon_start,Weak monsoon starts,Weak,#6a3d9a,data/raw/rousseau_2023_ks_0p4_4kyr_weak_monsoon_start_times.csv,1.1653111442730066,0.5826555721365033,48.695,50.08531114427301,1.3903111442730065,0.6275618759042987,48.695,52.075
19,55.23,55.23,weak_monsoon_start,0.4-4,common_same_date,55.23,0.0,Rousseau et al. 2023 Scientific Reports Table 1,5,35,55.23,19,weak_monsoon_start,Weak monsoon starts,Weak,#6a3d9a,data/raw/rousseau_2023_ks_0p4_4kyr_weak_monsoon_start_times.csv,1.1885350208270575,0.5942675104135288,54.041464979172936,55.775,1.7335350208270626,0.7977035423160352,52.075,55.775
20,56.32,56.32,weak_monsoon_start,0.4-4,common_same_date,56.32,0.0,Rousseau et al. 2023 Scientific Reports Table 1,5,37,56.32,20,weak_monsoon_start,Weak monsoon starts,Weak,#6a3d9a,data/raw/rousseau_2023_ks_0p4_4kyr_weak_monsoon_start_times.csv,1.192593376240635,0.5962966881203176,55.775,57.51259337624064,1.737593376240639,0.7968847599373307,55.775,62.4875
21,68.655,68.655,weak_monsoon_start,0.4-4,additional_in_this_window,,,Rousseau et al. 2023 Scientific Reports Table 1,5,41,68.655,21,weak_monsoon_start,Weak monsoon starts,Weak,#6a3d9a,data/raw/rousseau_2023_ks_0p4_4kyr_weak_monsoon_start_times.csv,1.2394969984443178,0.6197484992221589,67.41550300155568,69.11500000000001,1.6994969984443316,0.7482778603208408,62.4875,69.11500000000001
22,69.575,69.575,weak_monsoon_start,0.4-4,common_same_date,69.575,0.0,Rousseau et al. 2023 Scientific Reports Table 1,5,43,69.575,22,weak_monsoon_start,Weak monsoon starts,Weak,#6a3d9a,data/raw/rousseau_2023_ks_0p4_4kyr_weak_monsoon_start_times.csv,1.2430683149062778,0.6215341574531389,69.11500000000001,69.86500000000001,0.75,0.44998403958436534,69.11500000000001,69.86500000000001
23,70.155,70.155,weak_monsoon_start,0.4-4,additional_in_this_window,,,Rousseau et al. 2023 Scientific Reports Table 1,5,44,70.155,23,weak_monsoon_start,Weak monsoon starts,Weak,#6a3d9a,data/raw/rousseau_2023_ks_0p4_4kyr_weak_monsoon_start_times.csv,1.2453250900468003,0.6226625450234001,69.86500000000001,71.4003250900468,1.535325090046797,0.6565497184624685,69.86500000000001,71.7775
24,73.4,73.4,weak_monsoon_start,0.4-4,date_shifted_relative_to_other_window,73.35,0.05,Rousseau et al. 2023 Scientific Reports Table 1,5,46,73.4,24,weak_monsoon_start,Weak monsoon starts,Weak,#6a3d9a,data/raw/rousseau_2023_ks_0p4_4kyr_weak_monsoon_start_times.csv,1.2580271477623868,0.6290135738811934,72.14197285223761,74.6580271477624,2.516054295524782,0.9544997361036422,71.7775,75.45500000000001
25,77.51,77.51,weak_monsoon_start,0.4-4,common_same_date,77.51,0.0,Rousseau et al. 2023 Scientific Reports Table 1,5,49,77.51,25,weak_monsoon_start,Weak monsoon starts,Weak,#6a3d9a,data/raw/rousseau_2023_ks_0p4_4kyr_weak_monsoon_start_times.csv,1.2743012578081439,0.6371506289040719,76.23569874219186,78.78430125780815,2.5486025156162952,0.9544997361036422,75.45500000000001,82.9675
26,88.425,88.425,weak_monsoon_start,0.4-4,common_same_date,88.425,0.0,Rousseau et al. 2023 Scientific Reports Table 1,5,53,88.425,26,weak_monsoon_start,Weak monsoon starts,Weak,#6a3d9a,data/raw/rousseau_2023_ks_0p4_4kyr_weak_monsoon_start_times.csv,1.3185499569882535,0.6592749784941268,87.10645004301175,89.74354995698825,2.637099913976499,0.9544997361036409,82.9675,93.5375
27,98.65,98.65,weak_monsoon_start,0.4-4,common_same_date,98.65,0.0,Rousseau et al. 2023 Scientific Reports Table 1,6,55,98.65,27,weak_monsoon_start,Weak monsoon starts,Weak,#6a3d9a,data/raw/rousseau_2023_ks_0p4_4kyr_weak_monsoon_start_times.csv,1.3613944266462097,0.6806972133231048,97.28860557335379,99.5,2.2113944266462084,0.8713660562264416,93.5375,99.5
28,100.35,100.35,weak_monsoon_start,0.4-4,common_same_date,100.35,0.0,Rousseau et al. 2023 Scientific Reports Table 1,6,56,100.35,28,weak_monsoon_start,Weak monsoon starts,Weak,#6a3d9a,data/raw/rousseau_2023_ks_0p4_4kyr_weak_monsoon_start_times.csv,1.3686513111121463,0.6843256555560732,99.5,101.71865131111214,2.21865131111214,0.8701497920472616,99.5,103.05
29,105.75,105.75,weak_monsoon_start,0.4-4,additional_in_this_window,,,Rousseau et al. 2023 Scientific Reports Table 1,6,58,105.75,29,weak_monsoon_start,Weak monsoon starts,Weak,#6a3d9a,data/raw/rousseau_2023_ks_0p4_4kyr_weak_monsoon_start_times.csv,1.391960656222209,0.6959803281111046,104.35803934377779,106.05,1.6919606562222071,0.6440326483741473,103.05,106.05
30,106.35,106.35,weak_monsoon_start,0.4-4,common_same_date,106.35,0.0,Rousseau et al. 2023 Scientific Reports Table 1,6,59,106.35,30,weak_monsoon_start,Weak monsoon starts,Weak,#6a3d9a,data/raw/rousseau_2023_ks_0p4_4kyr_weak_monsoon_start_times.csv,1.3945749661275613,0.6972874830637806,106.05,107.74457496612756,1.6945749661275613,0.6437388300180363,106.05,111.9
31,117.45,117.45,weak_monsoon_start,0.4-4,common_same_date,117.45,0.0,Rousseau et al. 2023 Scientific Reports Table 1,6,61,117.45,31,weak_monsoon_start,Weak monsoon starts,Weak,#6a3d9a,data/raw/rousseau_2023_ks_0p4_4kyr_weak_monsoon_start_times.csv,1.4438351234747655,0.7219175617373828,116.00616487652523,118.89383512347477,2.88767024694954,0.9544997361036422,111.9,119.0
32,120.55,120.55,weak_monsoon_start,0.4-4,common_same_date,120.55,0.0,Rousseau et al. 2023 Scientific Reports Table 1,6,62,120.55,32,weak_monsoon_start,Weak monsoon starts,Weak,#6a3d9a,data/raw/rousseau_2023_ks_0p4_4kyr_weak_monsoon_start_times.csv,1.4579006969661032,0.7289503484830516,119.09209930303389,122.0079006969661,2.915801393932213,0.954499736103642,119.0,126.9
33,133.25,133.25,weak_monsoon_start,0.4-4,additional_in_this_window,,,Rousseau et al. 2023 Scientific Reports Table 1,6,65,133.25,33,weak_monsoon_start,Weak monsoon starts,Weak,#6a3d9a,data/raw/rousseau_2023_ks_0p4_4kyr_weak_monsoon_start_times.csv,1.516969192623077,0.7584845963115385,131.73303080737693,134.4,2.666969192623071,0.9125130835830653,126.9,134.4
34,135.55,135.55,weak_monsoon_start,0.4-4,common_same_date,135.55,0.0,Rousseau et al. 2023 Scientific Reports Table 1,6,66,135.55,34,weak_monsoon_start,Weak monsoon starts,Weak,#6a3d9a,data/raw/rousseau_2023_ks_0p4_4kyr_weak_monsoon_start_times.csv,1.5279198304098423,0.7639599152049211,134.4,137.07791983040985,2.6779198304098486,0.9111282590027059,134.4,137.45
35,139.35,139.35,weak_monsoon_start,0.4-4,additional_in_this_window,,,Rousseau et al. 2023 Scientific Reports Table 1,6,67,139.35,35,weak_monsoon_start,Weak monsoon starts,Weak,#6a3d9a,data/raw/rousseau_2023_ks_0p4_4kyr_weak_monsoon_start_times.csv,1.5461856430266399,0.7730928215133199,137.80381435697336,140.89618564302663,3.0923712860532646,0.9544997361036405,137.45,140.95
36,142.55,142.55,weak_monsoon_start,0.4-4,common_same_date,142.55,0.0,Rousseau et al. 2023 Scientific Reports Table 1,6,68,142.55,36,weak_monsoon_start,Weak monsoon starts,Weak,#6a3d9a,data/raw/rousseau_2023_ks_0p4_4kyr_weak_monsoon_start_times.csv,1.561736585655664,0.780868292827832,140.98826341434435,143.2,2.2117365856556432,0.7746601577443465,140.95,143.2
37,143.85,143.85,weak_monsoon_start,0.4-4,date_shifted_relative_to_other_window,143.95,-0.1,Rousseau et al. 2023 Scientific Reports Table 1,6,69,143.85,37,weak_monsoon_start,Weak monsoon starts,Weak,#6a3d9a,data/raw/rousseau_2023_ks_0p4_4kyr_weak_monsoon_start_times.csv,1.5680987605223904,0.7840493802611952,143.2,145.41809876052238,2.2180987605223947,0.7737059870385703,143.2,145.45
38,147.05,147.05,weak_monsoon_start,0.4-4,additional_in_this_window,,,Rousseau et al. 2023 Scientific Reports Table 1,6,70,147.05,38,weak_monsoon_start,Weak monsoon starts,Weak,#6a3d9a,data/raw/rousseau_2023_ks_0p4_4kyr_weak_monsoon_start_times.csv,1.5838701444347123,0.7919350722173562,145.4661298555653,148.63387014443472,3.1677402888694246,0.9544997361036416,145.45,149.05
39,151.05,151.05,weak_monsoon_start,0.4-4,additional_in_this_window,,,Rousseau et al. 2023 Scientific Reports Table 1,6,73,151.05,39,weak_monsoon_start,Weak monsoon starts,Weak,#6a3d9a,data/raw/rousseau_2023_ks_0p4_4kyr_weak_monsoon_start_times.csv,1.603807611094401,0.8019038055472005,149.44619238890562,152.6538076110944,3.2076152221887924,0.9544997361036409,149.05,155.0
40,158.95,158.95,weak_monsoon_start,0.4-4,common_same_date,158.95,0.0,Rousseau et al. 2023 Scientific Reports Table 1,6,77,158.95,40,weak_monsoon_start,Weak monsoon starts,Weak,#6a3d9a,data/raw/rousseau_2023_ks_0p4_4kyr_weak_monsoon_start_times.csv,1.643924433790433,0.8219622168952165,157.30607556620956,160.475,3.168924433790437,0.9454743408719088,155.0,160.475
41,162.0,162.0,weak_monsoon_start,0.4-4,date_shifted_relative_to_other_window,162.2,-0.2,Rousseau et al. 2023 Scientific Reports Table 1,6,79,162.0,41,weak_monsoon_start,Weak monsoon starts,Weak,#6a3d9a,data/raw/rousseau_2023_ks_0p4_4kyr_weak_monsoon_start_times.csv,1.659679769723106,0.829839884861553,160.475,163.575,3.0999999999999943,0.9380960696463309,160.475,163.575
42,165.15,165.15,weak_monsoon_start,0.4-4,common_same_date,165.15,0.0,Rousseau et al. 2023 Scientific Reports Table 1,6,81,165.15,42,weak_monsoon_start,Weak monsoon starts,Weak,#6a3d9a,data/raw/rousseau_2023_ks_0p4_4kyr_weak_monsoon_start_times.csv,1.6761100715926909,0.8380550357963454,163.575,165.97500000000002,2.400000000000034,0.8074477656271476,163.575,165.97500000000002
43,166.8,166.8,weak_monsoon_start,0.4-4,common_same_date,166.8,0.0,Rousseau et al. 2023 Scientific Reports Table 1,6,82,166.8,43,weak_monsoon_start,Weak monsoon starts,Weak,#6a3d9a,data/raw/rousseau_2023_ks_0p4_4kyr_weak_monsoon_start_times.csv,1.6847812655684664,0.8423906327842332,165.97500000000002,168.48478126556847,2.5097812655684493,0.813547719276353,165.97500000000002,168.525
44,170.25,170.25,weak_monsoon_start,0.4-4,additional_in_this_window,,,Rousseau et al. 2023 Scientific Reports Table 1,6,85,170.25,44,weak_monsoon_start,Weak monsoon starts,Weak,#6a3d9a,data/raw/rousseau_2023_ks_0p4_4kyr_weak_monsoon_start_times.csv,1.7030571391636347,0.8515285695818173,168.54694286083637,170.65,2.1030571391636386,0.6579807209930174,168.525,170.65
45,171.05,171.05,weak_monsoon_start,0.4-4,common_same_date,171.05,0.0,Rousseau et al. 2023 Scientific Reports Table 1,6,86,171.05,45,weak_monsoon_start,Weak monsoon starts,Weak,#6a3d9a,data/raw/rousseau_2023_ks_0p4_4kyr_weak_monsoon_start_times.csv,1.7073232728923444,0.8536616364461722,170.65,172.75732327289236,2.1073232728923585,0.6575612579619077,170.65,172.95
46,174.85,174.85,weak_monsoon_start,0.4-4,common_same_date,174.85,0.0,Rousseau et al. 2023 Scientific Reports Table 1,6,88,174.85,46,weak_monsoon_start,Weak monsoon starts,Weak,#6a3d9a,data/raw/rousseau_2023_ks_0p4_4kyr_weak_monsoon_start_times.csv,1.7277337792390772,0.8638668896195386,173.1222662207609,176.57773377923908,3.455467558478176,0.9544997361036429,172.95,177.25
47,179.65,179.65,weak_monsoon_start,0.4-4,common_same_date,179.65,0.0,Rousseau et al. 2023 Scientific Reports Table 1,6,91,179.65,47,weak_monsoon_start,Weak monsoon starts,Weak,#6a3d9a,data/raw/rousseau_2023_ks_0p4_4kyr_weak_monsoon_start_times.csv,1.7538646112816096,0.8769323056408048,177.8961353887184,181.40386461128162,3.5077292225632277,0.9544997361036422,177.25,183.7
48,187.75,187.75,weak_monsoon_start,0.4-4,common_same_date,187.75,0.0,Rousseau et al. 2023 Scientific Reports Table 1,6,93,187.75,48,weak_monsoon_start,Weak monsoon starts,Weak,#6a3d9a,data/raw/rousseau_2023_ks_0p4_4kyr_weak_monsoon_start_times.csv,1.7988596328496997,0.8994298164248499,185.9511403671503,189.5488596328497,3.597719265699425,0.9544997361036431,183.7,189.75
49,191.75,191.75,weak_monsoon_start,0.4-4,common_same_date,191.75,0.0,Rousseau et al. 2023 Scientific Reports Table 1,6,95,191.75,49,weak_monsoon_start,Weak monsoon starts,Weak,#6a3d9a,data/raw/rousseau_2023_ks_0p4_4kyr_weak_monsoon_start_times.csv,1.821503350399803,0.9107516751999015,189.9284966496002,192.5,2.5715033503998086,0.7721367597690773,189.75,192.5
50,193.25,193.25,weak_monsoon_start,0.4-4,common_same_date,193.25,0.0,Rousseau et al. 2023 Scientific Reports Table 1,6,97,193.25,50,weak_monsoon_start,Weak monsoon starts,Weak,#6a3d9a,data/raw/rousseau_2023_ks_0p4_4kyr_weak_monsoon_start_times.csv,1.8300680347524603,0.9150340173762301,192.5,195.08006803475246,2.5800680347524576,0.771039659232953,192.5,197.2
51,201.15,201.15,weak_monsoon_start,0.4-4,common_same_date,201.15,0.0,Rousseau et al. 2023 Scientific Reports Table 1,6,99,201.15,51,weak_monsoon_start,Weak monsoon starts,Weak,#6a3d9a,data/raw/rousseau_2023_ks_0p4_4kyr_weak_monsoon_start_times.csv,1.8758444143717778,0.9379222071858889,199.27415558562822,203.0258444143718,3.7516888287435677,0.9544997361036422,197.2,205.2
52,209.25,209.25,weak_monsoon_start,0.4-4,common_same_date,209.25,0.0,Rousseau et al. 2023 Scientific Reports Table 1,6,100,209.25,52,weak_monsoon_start,Weak monsoon starts,Weak,#6a3d9a,data/raw/rousseau_2023_ks_0p4_4kyr_weak_monsoon_start_times.csv,1.9239690350110656,0.9619845175055328,207.32603096498895,211.17396903501105,3.84793807002211,0.9544997361036405,205.2,215.15
53,221.05,221.05,weak_monsoon_start,0.4-4,date_shifted_relative_to_other_window,220.95,0.1,Rousseau et al. 2023 Scientific Reports Table 1,6,102,221.05,53,weak_monsoon_start,Weak monsoon starts,Weak,#6a3d9a,data/raw/rousseau_2023_ks_0p4_4kyr_weak_monsoon_start_times.csv,1.9962939487491944,0.9981469743745972,219.05370605125083,223.0462939487492,3.9925878974983675,0.9544997361036405,215.15,224.85000000000002
54,228.65,228.65,weak_monsoon_start,0.4-4,common_same_date,228.65,0.0,Rousseau et al. 2023 Scientific Reports Table 1,6,104,228.65,54,weak_monsoon_start,Weak monsoon starts,Weak,#6a3d9a,data/raw/rousseau_2023_ks_0p4_4kyr_weak_monsoon_start_times.csv,2.0443093543383593,1.0221546771691796,226.60569064566164,230.65,4.044309354338367,0.9520556124434235,224.85000000000002,230.65
55,232.65,232.65,weak_monsoon_start,0.4-4,additional_in_this_window,,,Rousseau et al. 2023 Scientific Reports Table 1,6,106,232.65,55,weak_monsoon_start,Weak monsoon starts,Weak,#6a3d9a,data/raw/rousseau_2023_ks_0p4_4kyr_weak_monsoon_start_times.csv,2.070042752438924,1.035021376219462,230.65,233.4,2.75,0.7389986760971765,230.65,233.4
56,234.15,234.15,weak_monsoon_start,0.4-4,date_shifted_relative_to_other_window,234.0,0.15,Rousseau et al. 2023 Scientific Reports Table 1,6,107,234.15,56,weak_monsoon_start,Weak monsoon starts,Weak,#6a3d9a,data/raw/rousseau_2023_ks_0p4_4kyr_weak_monsoon_start_times.csv,2.079776119778407,1.0398880598892035,233.4,236.22977611977842,2.8297761197784155,0.7418663135020258,233.4,240.45
57,246.75,246.75,weak_monsoon_start,0.4-4,date_shifted_relative_to_other_window,246.45,0.3,Rousseau et al. 2023 Scientific Reports Table 1,7,109,246.75,57,weak_monsoon_start,Weak monsoon starts,Weak,#6a3d9a,data/raw/rousseau_2023_ks_0p4_4kyr_weak_monsoon_start_times.csv,2.16336388166639,1.081681940833195,244.58663611833362,248.4,3.8133638816663904,0.9136704614550567,240.45,248.4
58,250.05,250.05,weak_monsoon_start,0.4-4,common_same_date,250.05,0.0,Rousseau et al. 2023 Scientific Reports Table 1,7,111,250.05,58,weak_monsoon_start,Weak monsoon starts,Weak,#6a3d9a,data/raw/rousseau_2023_ks_0p4_4kyr_weak_monsoon_start_times.csv,2.185805676603169,1.0929028383015844,248.4,251.10000000000002,2.700000000000017,0.7661047961488117,248.4,251.10000000000002
59,252.15,252.15,weak_monsoon_start,0.4-4,common_same_date,252.15,0.0,Rousseau et al. 2023 Scientific Reports Table 1,7,113,252.15,59,weak_monsoon_start,Weak monsoon starts,Weak,#6a3d9a,data/raw/rousseau_2023_ks_0p4_4kyr_weak_monsoon_start_times.csv,2.200207882908925,1.1001039414544624,251.10000000000002,254.10000000000002,3.0,0.7919225379290213,251.10000000000002,254.10000000000002
60,256.05,256.05,weak_monsoon_start,0.4-4,common_same_date,256.05,0.0,Rousseau et al. 2023 Scientific Reports Table 1,7,114,256.05,60,weak_monsoon_start,Weak monsoon starts,Weak,#6a3d9a,data/raw/rousseau_2023_ks_0p4_4kyr_weak_monsoon_start_times.csv,2.227207083179748,1.113603541589874,254.10000000000002,257.85,3.75,0.9070265274130558,254.10000000000002,257.85
61,259.65,259.65,weak_monsoon_start,0.4-4,common_same_date,259.65,0.0,Rousseau et al. 2023 Scientific Reports Table 1,7,116,259.65,61,weak_monsoon_start,Weak monsoon starts,Weak,#6a3d9a,data/raw/rousseau_2023_ks_0p4_4kyr_weak_monsoon_start_times.csv,2.252423383621307,1.1262116918106535,257.85,261.9024233836213,4.05242338362126,0.9222593695822728,257.85,268.29999999999995
62,276.95,276.95,weak_monsoon_start,0.4-4,common_same_date,276.95,0.0,Rousseau et al. 2023 Scientific Reports Table 1,7,119,276.95,62,weak_monsoon_start,Weak monsoon starts,Weak,#6a3d9a,data/raw/rousseau_2023_ks_0p4_4kyr_weak_monsoon_start_times.csv,2.3776433587897703,1.1888216793948851,274.5723566412102,279.17499999999995,4.602643358789749,0.9466189646545927,268.29999999999995,279.17499999999995
63,281.4,281.4,weak_monsoon_start,0.4-4,common_same_date,281.4,0.0,Rousseau et al. 2023 Scientific Reports Table 1,7,120,281.4,63,weak_monsoon_start,Weak monsoon starts,Weak,#6a3d9a,data/raw/rousseau_2023_ks_0p4_4kyr_weak_monsoon_start_times.csv,2.4109635951747306,1.2054817975873653,279.17499999999995,283.04999999999995,3.875,0.8819955230448597,279.17499999999995,283.04999999999995
64,284.7,284.7,weak_monsoon_start,0.4-4,common_same_date,284.7,0.0,Rousseau et al. 2023 Scientific Reports Table 1,7,121,284.7,64,weak_monsoon_start,Weak monsoon starts,Weak,#6a3d9a,data/raw/rousseau_2023_ks_0p4_4kyr_weak_monsoon_start_times.csv,2.4359741665663375,1.2179870832831687,283.04999999999995,287.1359741665663,4.085974166566359,0.8894923598784512,283.04999999999995,295.975
65,307.25,307.25,weak_monsoon_start,0.4-4,common_same_date,307.25,0.0,Rousseau et al. 2023 Scientific Reports Table 1,7,123,307.25,65,weak_monsoon_start,Weak monsoon starts,Weak,#6a3d9a,data/raw/rousseau_2023_ks_0p4_4kyr_weak_monsoon_start_times.csv,2.613966003362428,1.306983001681214,304.6360339966376,309.8639660033624,5.227932006724814,0.9544997361036398,295.975,312.65
66,318.05,318.05,weak_monsoon_start,0.4-4,common_same_date,318.05,0.0,Rousseau et al. 2023 Scientific Reports Table 1,7,126,318.05,66,weak_monsoon_start,Weak monsoon starts,Weak,#6a3d9a,data/raw/rousseau_2023_ks_0p4_4kyr_weak_monsoon_start_times.csv,2.703755557696952,1.351877778848476,315.34624444230303,320.753755557697,5.407511115393959,0.9544997361036438,312.65,321.1
67,324.15,324.15,weak_monsoon_start,0.4-4,common_same_date,324.15,0.0,Rousseau et al. 2023 Scientific Reports Table 1,7,127,324.15,67,weak_monsoon_start,Weak monsoon starts,Weak,#6a3d9a,data/raw/rousseau_2023_ks_0p4_4kyr_weak_monsoon_start_times.csv,2.755829121562687,1.3779145607813434,321.3941708784373,326.90582912156265,5.511658243125339,0.9544997361036403,321.1,332.65
68,341.15,341.15,weak_monsoon_start,0.4-4,common_same_date,341.15,0.0,Rousseau et al. 2023 Scientific Reports Table 1,7,131,341.15,68,weak_monsoon_start,Weak monsoon starts,Weak,#6a3d9a,data/raw/rousseau_2023_ks_0p4_4kyr_weak_monsoon_start_times.csv,2.9063054447546017,1.4531527223773009,338.2436945552454,344.05630544475457,5.8126108895091875,0.9544997361036409,332.65,345.35
69,349.55,349.55,weak_monsoon_start,0.4-4,common_same_date,349.55,0.0,Rousseau et al. 2023 Scientific Reports Table 1,7,132,349.55,69,weak_monsoon_start,Weak monsoon starts,Weak,#6a3d9a,data/raw/rousseau_2023_ks_0p4_4kyr_weak_monsoon_start_times.csv,2.9836640278448416,1.4918320139224208,346.5663359721552,352.53366402784485,5.967328055689677,0.9544997361036414,345.35,356.95000000000005
70,364.35,364.35,weak_monsoon_start,0.4-4,common_same_date,364.35,0.0,Rousseau et al. 2023 Scientific Reports Table 1,7,134,364.35,70,weak_monsoon_start,Weak monsoon starts,Weak,#6a3d9a,data/raw/rousseau_2023_ks_0p4_4kyr_weak_monsoon_start_times.csv,3.125006375489934,1.562503187744967,361.2249936245101,365.85,4.6250063754899315,0.808721767727373,356.95000000000005,365.85
71,367.35,367.35,weak_monsoon_start,0.4-4,common_same_date,367.35,0.0,Rousseau et al. 2023 Scientific Reports Table 1,7,136,367.35,71,weak_monsoon_start,Weak monsoon starts,Weak,#6a3d9a,data/raw/rousseau_2023_ks_0p4_4kyr_weak_monsoon_start_times.csv,3.1544629467866874,1.5772314733933437,365.85,368.0,2.1499999999999773,0.489078578572496,365.85,368.0
72,368.65,368.65,weak_monsoon_start,0.4-4,additional_in_this_window,,,Rousseau et al. 2023 Scientific Reports Table 1,7,138,368.65,72,weak_monsoon_start,Weak monsoon starts,Weak,#6a3d9a,data/raw/rousseau_2023_ks_0p4_4kyr_weak_monsoon_start_times.csv,3.1673135712184695,1.5836567856092347,368.0,369.1,1.1000000000000227,0.2711125347641903,368.0,369.1
73,369.55,369.55,weak_monsoon_start,0.4-4,common_same_date,369.55,0.0,Rousseau et al. 2023 Scientific Reports Table 1,7,139,369.55,73,weak_monsoon_start,Weak monsoon starts,Weak,#6a3d9a,data/raw/rousseau_2023_ks_0p4_4kyr_weak_monsoon_start_times.csv,3.1762407818345717,1.5881203909172859,369.1,370.55,1.4499999999999886,0.3470936318047838,369.1,370.55
74,371.55,371.55,weak_monsoon_start,0.4-4,additional_in_this_window,,,Rousseau et al. 2023 Scientific Reports Table 1,7,141,371.55,74,weak_monsoon_start,Weak monsoon starts,Weak,#6a3d9a,data/raw/rousseau_2023_ks_0p4_4kyr_weak_monsoon_start_times.csv,3.1961692401189015,1.5980846200594507,370.55,371.75,1.1999999999999886,0.2840577642070429,370.55,371.75
75,371.95,371.95,weak_monsoon_start,0.4-4,common_same_date,371.95,0.0,Rousseau et al. 2023 Scientific Reports Table 1,7,142,371.95,75,weak_monsoon_start,Weak monsoon starts,Weak,#6a3d9a,data/raw/rousseau_2023_ks_0p4_4kyr_weak_monsoon_start_times.csv,3.2001699102799765,1.6000849551399883,371.75,375.15016991027994,3.400169910279942,0.5269854657979784,371.75,375.29999999999995
76,378.65,378.65,weak_monsoon_start,0.4-4,common_same_date,378.65,0.0,Rousseau et al. 2023 Scientific Reports Table 1,7,145,378.65,76,weak_monsoon_start,Weak monsoon starts,Weak,#6a3d9a,data/raw/rousseau_2023_ks_0p4_4kyr_weak_monsoon_start_times.csv,3.2679304143292383,1.6339652071646191,375.38206958567076,381.9179304143292,6.5358608286584285,0.95449973610364,375.29999999999995,388.75
77,398.85,398.85,weak_monsoon_start,0.4-4,common_same_date,398.85,0.0,Rousseau et al. 2023 Scientific Reports Table 1,7,148,398.85,77,weak_monsoon_start,Weak monsoon starts,Weak,#6a3d9a,data/raw/rousseau_2023_ks_0p4_4kyr_weak_monsoon_start_times.csv,3.481031276600129,1.7405156383000644,395.3689687233999,402.33103127660013,6.962062553200212,0.9544997361036403,388.75,414.5
78,430.15,430.15,weak_monsoon_start,0.4-4,common_same_date,430.15,0.0,Rousseau et al. 2023 Scientific Reports Table 1,7,151,430.15,78,weak_monsoon_start,Weak monsoon starts,Weak,#6a3d9a,data/raw/rousseau_2023_ks_0p4_4kyr_weak_monsoon_start_times.csv,3.8390063690899776,1.9195031845449888,426.31099363091,433.98900636908996,7.678012738179973,0.954499736103642,414.5,436.0
79,441.85,441.85,weak_monsoon_start,0.4-4,date_shifted_relative_to_other_window,442.95,-1.1,Rousseau et al. 2023 Scientific Reports Table 1,7,152,441.85,79,weak_monsoon_start,Weak monsoon starts,Weak,#6a3d9a,data/raw/rousseau_2023_ks_0p4_4kyr_weak_monsoon_start_times.csv,3.9820753139982004,1.9910376569991002,437.8679246860018,445.83207531399825,7.964150627996446,0.9544997361036429,436.0,447.70000000000005
80,453.55,453.55,weak_monsoon_start,0.4-4,common_same_date,453.55,0.0,Rousseau et al. 2023 Scientific Reports Table 1,7,155,453.55,80,weak_monsoon_start,Weak monsoon starts,Weak,#6a3d9a,data/raw/rousseau_2023_ks_0p4_4kyr_weak_monsoon_start_times.csv,4.130475778671383,2.0652378893356915,449.41952422132863,455.57500000000005,6.155475778671416,0.8138342742371121,447.70000000000005,455.57500000000005
81,457.6,457.6,weak_monsoon_start,0.4-4,date_shifted_relative_to_other_window,457.35,0.25,Rousseau et al. 2023 Scientific Reports Table 1,7,156,457.6,81,weak_monsoon_start,Weak monsoon starts,Weak,#6a3d9a,data/raw/rousseau_2023_ks_0p4_4kyr_weak_monsoon_start_times.csv,4.183123666480563,2.0915618332402817,455.57500000000005,458.875,3.2999999999999545,0.5624558092310272,455.57500000000005,458.875
82,460.15,460.15,weak_monsoon_start,0.4-4,common_same_date,460.15,0.0,Rousseau et al. 2023 Scientific Reports Table 1,7,158,460.15,82,weak_monsoon_start,Weak monsoon starts,Weak,#6a3d9a,data/raw/rousseau_2023_ks_0p4_4kyr_weak_monsoon_start_times.csv,4.216615757123503,2.1083078785617513,458.875,463.75,4.875,0.683465820365296,458.875,463.75
83,467.35,467.35,weak_monsoon_start,0.4-4,common_same_date,467.35,0.0,Rousseau et al. 2023 Scientific Reports Table 1,7,161,467.35,83,weak_monsoon_start,Weak monsoon starts,Weak,#6a3d9a,data/raw/rousseau_2023_ks_0p4_4kyr_weak_monsoon_start_times.csv,4.312636784770198,2.156318392385099,463.75,471.35,7.600000000000023,0.920694908582228,463.75,471.35
84,475.35,475.35,weak_monsoon_start,0.4-4,common_same_date,475.35,0.0,Rousseau et al. 2023 Scientific Reports Table 1,8,163,475.35,84,weak_monsoon_start,Weak monsoon starts,Weak,#6a3d9a,data/raw/rousseau_2023_ks_0p4_4kyr_weak_monsoon_start_times.csv,4.421893554863325,2.2109467774316625,471.35,477.20000000000005,5.850000000000023,0.763420664700675,471.35,477.20000000000005
85,479.05,479.05,weak_monsoon_start,0.4-4,common_same_date,479.05,0.0,Rousseau et al. 2023 Scientific Reports Table 1,8,164,479.05,85,weak_monsoon_start,Weak monsoon starts,Weak,#6a3d9a,data/raw/rousseau_2023_ks_0p4_4kyr_weak_monsoon_start_times.csv,4.473356652896006,2.236678326448003,477.20000000000005,483.52335665289604,6.3233566528959955,0.7731651688805696,477.20000000000005,489.57500000000005
86,500.1,500.1,weak_monsoon_start,0.4-4,common_same_date,500.1,0.0,Rousseau et al. 2023 Scientific Reports Table 1,8,166,500.1,86,weak_monsoon_start,Weak monsoon starts,Weak,#6a3d9a,data/raw/rousseau_2023_ks_0p4_4kyr_weak_monsoon_start_times.csv,4.7777468333334925,2.3888734166667462,495.32225316666654,504.8777468333335,9.555493666666962,0.9544997361036411,489.57500000000005,507.02500000000003
87,513.95,513.95,weak_monsoon_start,0.4-4,common_same_date,513.95,0.0,Rousseau et al. 2023 Scientific Reports Table 1,8,168,513.95,87,weak_monsoon_start,Weak monsoon starts,Weak,#6a3d9a,data/raw/rousseau_2023_ks_0p4_4kyr_weak_monsoon_start_times.csv,4.98923393067339,2.494616965336695,508.96076606932667,517.95,8.989233930673379,0.9228324824205923,507.02500000000003,517.95
88,521.95,521.95,weak_monsoon_start,0.4-4,common_same_date,521.95,0.0,Rousseau et al. 2023 Scientific Reports Table 1,8,170,521.95,88,weak_monsoon_start,Weak monsoon starts,Weak,#6a3d9a,data/raw/rousseau_2023_ks_0p4_4kyr_weak_monsoon_start_times.csv,5.115631509745488,2.557815754872744,517.95,527.0656315097456,9.115631509745526,0.9183216241187652,517.95,528.475
89,535.0,535.0,weak_monsoon_start,0.4-4,common_same_date,535.0,0.0,Rousseau et al. 2023 Scientific Reports Table 1,8,172,535.0,89,weak_monsoon_start,Weak monsoon starts,Weak,#6a3d9a,data/raw/rousseau_2023_ks_0p4_4kyr_weak_monsoon_start_times.csv,5.328726306113715,2.6643631530568577,529.6712736938863,540.3287263061137,10.657452612227416,0.9544997361036414,528.475,543.85
90,552.7,552.7,weak_monsoon_start,0.4-4,common_same_date,552.7,0.0,Rousseau et al. 2023 Scientific Reports Table 1,8,175,552.7,90,weak_monsoon_start,Weak monsoon starts,Weak,#6a3d9a,data/raw/rousseau_2023_ks_0p4_4kyr_weak_monsoon_start_times.csv,5.6320057610243985,2.8160028805121993,547.0679942389756,553.45,6.382005761024402,0.5822592406064326,543.85,553.45
91,554.2,554.2,weak_monsoon_start,0.4-4,common_same_date,554.2,0.0,Rousseau et al. 2023 Scientific Reports Table 1,8,177,554.2,91,weak_monsoon_start,Weak monsoon starts,Weak,#6a3d9a,data/raw/rousseau_2023_ks_0p4_4kyr_weak_monsoon_start_times.csv,5.65848738291303,2.829243691456515,553.45,555.575,2.125,0.2910442205319421,553.45,555.575
92,556.95,556.95,weak_monsoon_start,0.4-4,common_same_date,556.95,0.0,Rousseau et al. 2023 Scientific Reports Table 1,8,179,556.95,92,weak_monsoon_start,Weak monsoon starts,Weak,#6a3d9a,data/raw/rousseau_2023_ks_0p4_4kyr_weak_monsoon_start_times.csv,5.7073607961290405,2.8536803980645202,555.575,558.7,3.125,0.4151802493075728,555.575,558.7
93,560.45,560.45,weak_monsoon_start,0.4-4,common_same_date,560.45,0.0,Rousseau et al. 2023 Scientific Reports Table 1,8,181,560.45,93,weak_monsoon_start,Weak monsoon starts,Weak,#6a3d9a,data/raw/rousseau_2023_ks_0p4_4kyr_weak_monsoon_start_times.csv,5.770174386180529,2.8850871930902646,558.7,564.975,6.274999999999977,0.6695382750727445,558.7,564.975
94,569.5,569.5,weak_monsoon_start,0.4-4,common_same_date,569.5,0.0,Rousseau et al. 2023 Scientific Reports Table 1,8,184,569.5,94,weak_monsoon_start,Weak monsoon starts,Weak,#6a3d9a,data/raw/rousseau_2023_ks_0p4_4kyr_weak_monsoon_start_times.csv,5.935818294926109,2.9679091474630543,564.975,575.4358182949261,10.46081829492607,0.913575704897113,564.975,579.65
95,589.8,589.8,weak_monsoon_start,0.4-4,common_same_date,589.8,0.0,Rousseau et al. 2023 Scientific Reports Table 1,8,187,589.8,95,weak_monsoon_start,Weak monsoon starts,Weak,#6a3d9a,data/raw/rousseau_2023_ks_0p4_4kyr_weak_monsoon_start_times.csv,6.324867562258709,3.1624337811293546,583.4751324377412,596.1248675622587,12.64973512451752,0.9544997361036434,579.65,602.3499999999999
96,614.9,614.9,weak_monsoon_start,0.4-4,common_same_date,614.9,0.0,Rousseau et al. 2023 Scientific Reports Table 1,8,192,614.9,96,weak_monsoon_start,Weak monsoon starts,Weak,#6a3d9a,data/raw/rousseau_2023_ks_0p4_4kyr_weak_monsoon_start_times.csv,6.841346119791741,3.4206730598958703,608.0586538802082,621.7413461197917,13.682692239583503,0.954499736103642,602.3499999999999,621.95
97,629.0,629.0,weak_monsoon_start,0.4-4,date_shifted_relative_to_other_window,628.85,0.15,Rousseau et al. 2023 Scientific Reports Table 1,8,195,629.0,97,weak_monsoon_start,Weak monsoon starts,Weak,#6a3d9a,data/raw/rousseau_2023_ks_0p4_4kyr_weak_monsoon_start_times.csv,7.14976567984751,3.574882839923755,621.95,630.65,8.699999999999932,0.6534997396450505,621.95,630.65
98,632.3,632.3,weak_monsoon_start,0.4-4,common_same_date,632.3,0.0,Rousseau et al. 2023 Scientific Reports Table 1,8,197,632.3,98,weak_monsoon_start,Weak monsoon starts,Weak,#6a3d9a,data/raw/rousseau_2023_ks_0p4_4kyr_weak_monsoon_start_times.csv,7.223934332061913,3.6119671660309565,630.65,633.75,3.1000000000000227,0.3320510210573029,630.65,633.75
99,635.2,635.2,weak_monsoon_start,0.4-4,common_same_date,635.2,0.0,Rousseau et al. 2023 Scientific Reports Table 1,8,199,635.2,99,weak_monsoon_start,Weak monsoon starts,Weak,#6a3d9a,data/raw/rousseau_2023_ks_0p4_4kyr_weak_monsoon_start_times.csv,7.289747719991516,3.644873859995758,633.75,637.2,3.4500000000000455,0.36301794806223975,633.75,637.2
100,639.2,639.2,weak_monsoon_start,0.4-4,common_same_date,639.2,0.0,Rousseau et al. 2023 Scientific Reports Table 1,8,202,639.2,100,weak_monsoon_start,Weak monsoon starts,Weak,#6a3d9a,data/raw/rousseau_2023_ks_0p4_4kyr_weak_monsoon_start_times.csv,7.381509934769512,3.690754967384756,637.2,640.0,2.7999999999999545,0.29185588139537366,637.2,640.0
