transition_id,age_ka,window_ka,ks_D,delta_ch4_young_minus_old,abs_delta_ch4,sigma_change,direction,event_type,n_old,n_young,score
1,1.0,0.8,1.0,47.66238658727423,47.66238658727423,2.776526677651522,rise,GI,8,8,2.776526677651522
2,8.5,2.4,1.0,-62.615118607683144,62.615118607683144,2.9018541028664897,fall,GS,24,24,2.9018541028664897
3,11.6,1.0,1.0,213.0950000000003,213.0950000000003,14.51025745808593,rise,GI,10,10,14.51025745808593
4,12.8,1.0,1.0,-183.69499999999994,183.69499999999994,6.339407937410578,fall,GS,10,10,6.339407937410578
5,24.0,0.8,1.0,27.556249999999864,27.556249999999864,3.318629316674485,rise,GI,8,8,3.318629316674485
6,27.7,0.8,0.5,16.76250000000016,16.76250000000016,0.6831736020793826,rise,GI,8,8,0.3415868010396913
7,29.2,0.8,0.625,36.33750000000009,36.33750000000009,0.9784191849235053,rise,GI,8,8,0.6115119905771909
8,32.7,0.8,0.75,50.73124999999965,50.73124999999965,1.406786154217248,rise,GI,8,8,1.055089615662936
9,34.0,0.8,0.625,28.362499999999955,28.362499999999955,0.7554656935626831,rise,GI,8,8,0.4721660584766769
10,34.8,0.8,1.0,-95.98124999999902,95.98124999999902,5.158432424503557,fall,GS,8,8,5.158432424503557
11,35.7,0.8,1.0,93.72500000000002,93.72500000000002,4.884599784102329,rise,GI,8,8,4.884599784102329
12,38.4,1.0,1.0,120.98500000000035,120.98500000000035,13.496012908211359,rise,GI,10,10,13.496012908211359
13,43.6,0.8,1.0,72.09999999999934,72.09999999999934,5.278763847996056,rise,GI,8,8,5.278763847996056
14,44.5,0.8,1.0,-48.71249999999969,48.71249999999969,3.4762495445680153,fall,GS,8,8,3.4762495445680153
15,47.0,1.0,1.0,58.10500000000064,58.10500000000064,7.0745152252862376,rise,GI,10,10,7.0745152252862376
16,54.4,1.2,0.9166666666666666,83.12916666666581,83.12916666666581,2.660788387185356,rise,GI,12,12,2.439056021586576
17,56.9,0.8,1.0,-85.60624999999993,85.60624999999993,5.4820242531299685,fall,GS,8,8,5.4820242531299685
18,58.9,0.8,0.375,-30.6000000000015,30.6000000000015,0.3974295904561976,fall,GS,8,8,0.1490360964210741
19,59.8,2.8,1.0,114.97321428571405,114.97321428571405,2.722201295560982,rise,GI,28,28,2.722201295560982
20,64.5,0.8,0.75,37.10624999999965,37.10624999999965,1.052071682460166,rise,GI,8,8,0.7890537618451244
21,67.1,0.8,0.875,8.002010899534412,8.002010899534412,2.0136092220484194,rise,GI,8,8,1.761908069292367
22,70.9,0.8,1.0,-17.998145802016552,17.998145802016552,2.2339149112700345,fall,GS,8,8,2.2339149112700345
23,73.4,0.8,1.0,-19.763402879185946,19.763402879185946,5.806849567285333,fall,GS,8,8,5.806849567285333
24,75.8,0.8,1.0,48.004762926408375,48.004762926408375,6.188025744335846,rise,GI,8,8,6.188025744335846
25,84.7,1.4,1.0,144.53120723213948,144.53120723213948,5.088547447956908,rise,GI,14,14,5.088547447956908
26,88.8,1.0,1.0,-54.78233800268538,54.78233800268538,4.3695143713315385,fall,GS,10,10,4.3695143713315385
27,93.1,0.8,0.625,-1.932225698828688,1.932225698828688,0.2583983146291561,fall,GS,8,8,0.16149894664322256
28,100.2,0.8,1.0,-16.051161754073462,16.051161754073462,6.135478916910784,fall,GS,8,8,6.135478916910784
29,103.1,0.8,1.0,38.485594678467805,38.485594678467805,4.66441115390742,rise,GI,8,8,4.66441115390742
30,108.3,1.0,1.0,141.30074846883264,141.30074846883264,10.043558725691122,rise,GI,10,10,10.043558725691122
31,110.2,1.2,1.0,-31.689034084058335,31.689034084058335,3.306640930011552,fall,GS,12,12,3.306640930011552
32,116.6,0.8,1.0,-24.909752257169657,24.909752257169657,14.089414358336997,fall,GS,8,8,14.089414358336997
33,120.7,0.8,0.75,7.209009071985179,7.209009071985179,0.9252501866447577,rise,GI,8,8,0.6939376399835683
34,123.3,0.8,0.625,2.870488206428945,2.870488206428945,0.768468457163241,rise,GI,8,8,0.4802927857270256
35,129.6,0.8,1.0,165.45147600380574,165.45147600380574,10.112489099140625,rise,GI,8,8,10.112489099140625
36,133.6,0.8,0.625,-11.48545166242053,11.48545166242053,0.601532958023398,fall,GS,8,8,0.37595809876462377
37,136.7,0.8,0.625,-11.942295256457669,11.942295256457669,0.845464819492441,fall,GS,8,8,0.5284155121827756
38,138.2,0.8,1.0,-13.56003920137698,13.56003920137698,2.1230958974860576,fall,GS,8,8,2.1230958974860576
39,140.0,0.8,0.375,-12.950759189667451,12.950759189667451,0.45306503268982523,fall,GS,8,8,0.16989938725868448
40,145.5,0.8,1.0,19.513667645008695,19.513667645008695,2.789146957802051,rise,GI,8,8,2.789146957802051
41,148.6,0.8,1.0,-36.47584631688824,36.47584631688824,3.2953070939384004,fall,GS,8,8,3.2953070939384004
42,151.9,0.8,1.0,-23.476310586041905,23.476310586041905,5.275405280193057,fall,GS,8,8,5.275405280193057
43,153.7,1.0,1.0,20.15729829376147,20.15729829376147,5.358611986040985,rise,GI,10,10,5.358611986040985
44,160.7,0.8,0.875,11.875018062972572,11.875018062972572,1.3391701868507169,rise,GI,8,8,1.1717739134943772
45,165.1,1.2,1.0,26.312672450679656,26.312672450679656,3.692379414576766,rise,GI,12,12,3.692379414576766
46,169.6,0.8,1.0,38.00008022303757,38.00008022303757,2.715824412912562,rise,GI,8,8,2.715824412912562
47,172.0,1.0,1.0,-31.271326636801405,31.271326636801405,5.225681053809837,fall,GS,10,10,5.225681053809837
48,173.9,1.0,1.0,43.75536902367128,43.75536902367128,3.771214255488879,rise,GI,10,10,3.771214255488879
49,180.3,1.0,1.0,64.54326641673129,64.54326641673129,5.534496498332888,rise,GI,10,10,5.534496498332888
50,184.3,1.6,1.0,-33.65695068006971,33.65695068006971,4.6750143823562755,fall,GS,16,16,4.6750143823562755
51,187.2,2.4,1.0,82.72383124892752,82.72383124892752,5.903668966501711,rise,GI,24,24,5.903668966501711
52,189.3,0.8,0.75,-15.138056649218981,15.138056649218981,1.356632516332676,fall,GS,8,8,1.0174743872495071
53,193.5,1.2,1.0,-32.775469393141066,32.775469393141066,5.062225219400656,fall,GS,12,12,5.062225219400656
54,195.3,0.8,1.0,19.643213969521128,19.643213969521128,3.3059353654691344,rise,GI,8,8,3.3059353654691344
55,202.8,0.8,0.75,-2.5352430857739137,2.5352430857739137,0.3278486323333238,fall,GS,8,8,0.24588647424999283
56,203.7,1.0,1.0,57.242898473533785,57.242898473533785,5.6070873987478205,rise,GI,10,10,5.6070873987478205
57,207.9,0.8,0.375,3.10153459329689,3.10153459329689,0.4044952550111383,rise,GI,8,8,0.15168572062917687
58,211.1,4.4,1.0,-70.47788663978474,70.47788663978474,4.218362807336087,fall,GS,44,44,4.218362807336087
59,215.3,0.8,0.75,-7.521346277750354,7.521346277750354,1.3055508617137312,fall,GS,8,8,0.9791631462852984
60,217.0,3.8,1.0,109.78588895694293,109.78588895694293,5.979834407279777,rise,GI,38,38,5.979834407279777
61,221.7,0.8,0.75,17.81522907025493,17.81522907025493,0.9642454330163065,rise,GI,8,8,0.7231840747622299
62,223.7,0.8,1.0,-24.235568095307144,24.235568095307144,4.892762943354556,fall,GS,8,8,4.892762943354556
63,225.0,1.2,1.0,41.311351875210505,41.311351875210505,3.2880623614392603,rise,GI,12,12,3.2880623614392603
64,228.4,0.8,1.0,37.38401978766274,37.38401978766274,4.634273265657081,rise,GI,8,8,4.634273265657081
65,231.0,0.8,0.625,-9.504605597862053,9.504605597862053,0.566702476521658,fall,GS,8,8,0.3541890478260362
66,234.8,0.8,0.375,4.448831403526242,4.448831403526242,0.3070872090579543,rise,GI,8,8,0.11515770339673286
67,240.7,0.8,1.0,-31.903303905022312,31.903303905022312,4.9111119480885845,fall,GS,8,8,4.9111119480885845
68,243.0,0.8,1.0,130.8087885137876,130.8087885137876,7.299467561926648,rise,GI,8,8,7.299467561926648
69,243.9,0.8,0.75,-16.905849421202333,16.905849421202333,1.4869648284215449,fall,GS,8,8,1.1152236213161586
70,247.9,0.8,1.0,-27.8016560024206,27.8016560024206,2.401147525175706,fall,GS,8,8,2.401147525175706
71,251.5,0.8,1.0,-14.194935447089279,14.194935447089279,3.1931120641264847,fall,GS,8,8,3.1931120641264847
72,254.9,0.8,1.0,-24.10673618152856,24.10673618152856,7.001808763771897,fall,GS,8,8,7.001808763771897
73,255.8,0.8,0.875,9.657393785226986,9.657393785226986,1.4441263945685288,rise,GI,8,8,1.2636105952474628
74,258.7,0.8,0.625,7.977969373602775,7.977969373602775,0.7219769009727074,rise,GI,8,8,0.4512355631079421
75,264.1,0.8,1.0,-44.346849928130496,44.346849928130496,4.222353561304567,fall,GS,8,8,4.222353561304567
76,265.7,1.4,1.0,71.7836241463603,71.7836241463603,4.47524946279506,rise,GI,14,14,4.47524946279506
77,267.7,0.8,1.0,-7.98720319193086,7.98720319193086,1.6922433141722024,fall,GS,8,8,1.6922433141722024
78,273.1,0.8,0.375,2.5066307826746197,2.5066307826746197,0.33585618765142783,rise,GI,8,8,0.12594607036928543
79,278.1,0.8,1.0,-25.427562714435567,25.427562714435567,2.4060736469111657,fall,GS,8,8,2.4060736469111657
80,280.4,0.8,1.0,32.22879363766776,32.22879363766776,3.4921578658737995,rise,GI,8,8,3.4921578658737995
81,282.9,0.8,0.75,9.960338174741423,9.960338174741423,1.4421316413135605,rise,GI,8,8,1.0815987309851705
82,285.9,0.8,1.0,30.134182237639948,30.134182237639948,2.8831978812753714,rise,GI,8,8,2.8831978812753714
83,289.0,0.8,0.5,3.622643079601289,3.622643079601289,0.5385446920176635,rise,GI,8,8,0.26927234600883176
84,289.8,0.8,1.0,-14.97725940944531,14.97725940944531,4.385460977602893,fall,GS,8,8,4.385460977602893
85,291.5,2.4,1.0,68.59699607756278,68.59699607756278,4.763319921466088,rise,GI,24,24,4.763319921466088
86,295.9,1.0,1.0,-63.16819121680061,63.16819121680061,3.5560174842366035,fall,GS,10,10,3.5560174842366035
87,299.1,0.8,1.0,-32.06794197640488,32.06794197640488,3.0016651842955384,fall,GS,8,8,3.0016651842955384
88,304.2,0.8,1.0,-22.706325221106226,22.706325221106226,4.018069867805842,fall,GS,8,8,4.018069867805842
89,305.9,1.0,1.0,40.677766410188894,40.677766410188894,5.105829180824842,rise,GI,10,10,5.105829180824842
90,307.7,0.8,0.625,5.401222936341696,5.401222936341696,0.47608641086365266,rise,GI,8,8,0.29755400678978294
91,309.7,0.8,1.0,30.561638424691694,30.561638424691694,2.8138840562197953,rise,GI,8,8,2.8138840562197953
92,314.9,0.8,1.0,-61.399510843038,61.399510843038,6.688796114731127,fall,GS,8,8,6.688796114731127
93,316.2,0.8,0.5,-6.007059843628326,6.007059843628326,0.3315310184327174,fall,GS,8,8,0.1657655092163587
94,317.1,2.2,1.0,143.82994538237392,143.82994538237392,6.4191205842890895,rise,GI,22,22,6.4191205842890895
95,318.8,0.8,1.0,-28.06656748827976,28.06656748827976,5.71382816805739,fall,GS,8,8,5.71382816805739
96,327.4,0.8,0.5,7.091881139225507,7.091881139225507,0.599574510728746,rise,GI,8,8,0.299787255364373
97,334.5,0.8,1.0,165.57217574293895,165.57217574293895,5.7425960571766685,rise,GI,8,8,5.7425960571766685
98,340.2,0.8,1.0,-10.788179582151713,10.788179582151713,2.5328099342274366,fall,GS,8,8,2.5328099342274366
99,347.2,1.2,1.0,-18.051028383660707,18.051028383660707,5.83776533366497,fall,GS,12,12,5.83776533366497
100,351.2,0.8,1.0,50.05288650535624,50.05288650535624,2.7241448772533903,rise,GI,8,8,2.7241448772533903
101,353.2,0.8,0.875,-9.305417230917215,9.305417230917215,1.7078311341457841,fall,GS,8,8,1.494352242377561
102,356.7,0.8,1.0,-6.792955179569276,6.792955179569276,3.4344774433204455,fall,GS,8,8,3.4344774433204455
103,360.3,0.8,0.75,13.645610789922557,13.645610789922557,1.1564825771297418,rise,GI,8,8,0.8673619328473063
104,363.9,0.8,1.0,24.210257739951203,24.210257739951203,3.057748933121234,rise,GI,8,8,3.057748933121234
105,367.3,0.8,1.0,60.59542247697863,60.59542247697863,3.6461058297071642,rise,GI,8,8,3.6461058297071642
106,368.8,0.8,0.625,-16.522286715610562,16.522286715610562,1.2306285301658142,fall,GS,8,8,0.7691428313536339
107,370.9,0.8,1.0,-30.202566992749155,30.202566992749155,3.92351224072254,fall,GS,8,8,3.92351224072254
108,371.8,0.8,1.0,32.83653646199065,32.83653646199065,4.409790871409437,rise,GI,8,8,4.409790871409437
109,377.1,1.2,1.0,78.28314522263969,78.28314522263969,8.59061672079703,rise,GI,12,12,8.59061672079703
110,383.6,0.8,1.0,-33.190384165535306,33.190384165535306,3.3556129896162696,fall,GS,8,8,3.3556129896162696
111,385.8,0.8,1.0,92.34948813567382,92.34948813567382,4.7236728865854,rise,GI,8,8,4.7236728865854
112,389.9,1.4,1.0,126.71933386310303,126.71933386310303,5.427724734929573,rise,GI,14,14,5.427724734929573
113,393.7,1.0,1.0,43.63929647535451,43.63929647535451,6.68307758776971,rise,GI,10,10,6.68307758776971
114,395.9,1.0,1.0,-69.07566857788055,69.07566857788055,9.155140131104755,fall,GS,10,10,9.155140131104755
115,398.9,0.8,0.375,3.977163891612463,3.977163891612463,0.6339310755468159,rise,GI,8,8,0.23772415333005598
116,401.4,0.8,0.875,18.917805950917,18.917805950917,1.5784351855563667,rise,GI,8,8,1.3811307873618208
117,403.5,0.8,0.5,4.9844431098848645,4.9844431098848645,0.29411204375480765,rise,GI,8,8,0.14705602187740383
118,407.0,0.8,0.625,4.769307136842372,4.769307136842372,0.6189208523287005,rise,GI,8,8,0.38682553270543785
119,408.7,0.8,0.375,4.3316495069169605,4.3316495069169605,0.2236300553784066,rise,GI,8,8,0.08386127076690247
120,410.3,0.8,1.0,26.76129287460526,26.76129287460526,2.1568335431236454,rise,GI,8,8,2.1568335431236454
121,413.1,0.8,1.0,13.976968084622627,13.976968084622627,4.383213391366119,rise,GI,8,8,4.383213391366119
122,413.8,0.8,0.75,-4.885106107096135,4.885106107096135,0.6890884447287224,fall,GS,8,8,0.5168163335465419
123,415.6,0.8,0.625,-15.455118356676394,15.455118356676394,1.1399768006017703,fall,GS,8,8,0.7124855003761065
124,422.3,0.8,1.0,-20.05915374249605,20.05915374249605,3.0825293311452464,fall,GS,8,8,3.0825293311452464
125,429.2,0.8,1.0,40.09654811430045,40.09654811430045,9.492415533944747,rise,GI,8,8,9.492415533944747
126,430.2,0.8,1.0,-29.645538563824744,29.645538563824744,2.208473036983201,fall,GS,8,8,2.208473036983201
127,432.6,0.8,0.75,-9.14299322910017,9.14299322910017,1.486384615931731,fall,GS,8,8,1.1147884619487982
128,435.0,0.8,0.875,-1.9388540321039613,1.9388540321039613,2.0852658302988076,fall,GS,8,8,1.8246076015114567
129,439.1,0.8,0.875,3.690595938474985,3.690595938474985,1.7308342689014808,rise,GI,8,8,1.5144799852887958
130,443.3,0.8,0.875,2.2133854652574882,2.2133854652574882,1.4841276281928355,rise,GI,8,8,1.298611674668731
131,444.7,2.4,1.0,-31.604225598262815,31.604225598262815,5.138158514611448,fall,GS,24,24,5.138158514611448
132,449.4,0.8,1.0,-41.86729471721384,41.86729471721384,4.300975885020394,fall,GS,8,8,4.300975885020394
133,451.2,0.8,1.0,63.4051417599747,63.4051417599747,3.868977367135601,rise,GI,8,8,3.868977367135601
134,458.0,0.8,1.0,-52.9447592976054,52.9447592976054,5.068193016407753,fall,GS,8,8,5.068193016407753
135,459.3,1.2,1.0,49.7712042412586,49.7712042412586,3.653378867122424,rise,GI,12,12,3.653378867122424
136,465.1,2.4,1.0,-75.97413146188495,75.97413146188495,4.373077536402675,fall,GS,24,24,4.373077536402675
137,467.7,1.2,1.0,30.518648842260518,30.518648842260518,3.4517964973265522,rise,GI,12,12,3.4517964973265522
138,471.6,1.2,1.0,47.96251954980971,47.96251954980971,4.958607897041093,rise,GI,12,12,4.958607897041093
139,475.5,1.4,1.0,31.410913094134457,31.410913094134457,4.6294442217341985,rise,GI,14,14,4.6294442217341985
140,483.1,0.8,1.0,24.885790167444725,24.885790167444725,3.6526843362384502,rise,GI,8,8,3.6526843362384502
141,490.1,1.2,1.0,-31.70585929277297,31.70585929277297,4.474457471068809,fall,GS,12,12,4.474457471068809
142,492.9,0.8,0.5,-3.4454572926081255,3.4454572926081255,0.2577078749964197,fall,GS,8,8,0.12885393749820984
143,495.6,0.8,1.0,-11.152586624940625,11.152586624940625,3.3828897406602096,fall,GS,8,8,3.3828897406602096
144,501.0,1.2,1.0,8.85251989714584,8.85251989714584,4.2698319366737,rise,GI,12,12,4.2698319366737
145,502.7,1.6,1.0,-18.096175198398612,18.096175198398612,4.117460113804017,fall,GS,16,16,4.117460113804017
146,504.2,0.8,1.0,4.136553116653204,4.136553116653204,3.062054692752981,rise,GI,8,8,3.062054692752981
147,506.6,0.8,1.0,22.06303811993439,22.06303811993439,2.384053927077822,rise,GI,8,8,2.384053927077822
148,509.0,0.8,1.0,17.53270054415816,17.53270054415816,3.504480678383964,rise,GI,8,8,3.504480678383964
149,518.3,0.8,1.0,30.22687155505588,30.22687155505588,4.608575184708466,rise,GI,8,8,4.608575184708466
150,519.2,0.8,1.0,-22.796042919355216,22.796042919355216,3.8124670114077603,fall,GS,8,8,3.8124670114077603
151,521.5,0.8,1.0,8.16052934037782,8.16052934037782,3.724939536410645,rise,GI,8,8,3.724939536410645
152,526.1,0.8,1.0,11.053459264041521,11.053459264041521,3.077515471304987,rise,GI,8,8,3.077515471304987
153,533.4,2.2,1.0,73.7478104496725,73.7478104496725,5.770171068621523,rise,GI,22,22,5.770171068621523
154,535.1,0.8,0.75,-3.0481260316083763,3.0481260316083763,0.9193541556965298,fall,GS,8,8,0.6895156167723974
155,538.3,1.8,1.0,-28.73728584631317,28.73728584631317,4.8114014098409115,fall,GS,18,18,4.8114014098409115
156,539.4,0.8,0.5,1.681554099230084,1.681554099230084,0.36938756201221246,rise,GI,8,8,0.18469378100610623
157,543.1,2.6,1.0,77.03595900481872,77.03595900481872,4.069941952957605,rise,GI,26,26,4.069941952957605
158,547.3,1.2,1.0,-15.466736240114699,15.466736240114699,4.362823706518522,fall,GS,12,12,4.362823706518522
159,549.9,0.8,1.0,14.947639515982132,14.947639515982132,3.133369860755023,rise,GI,8,8,3.133369860755023
160,554.5,0.8,1.0,44.913125296873716,44.913125296873716,6.494095309400513,rise,GI,8,8,6.494095309400513
161,559.4,2.0,1.0,98.26736515054796,98.26736515054796,3.72292851098738,rise,GI,20,20,3.72292851098738
162,563.3,0.8,1.0,33.35234212303885,33.35234212303885,3.8442829107298766,rise,GI,8,8,3.8442829107298766
163,568.3,1.0,1.0,-38.77338016580188,38.77338016580188,8.759389120437064,fall,GS,10,10,8.759389120437064
164,570.7,0.8,1.0,21.642422445904344,21.642422445904344,6.099134539741634,rise,GI,8,8,6.099134539741634
165,575.6,0.8,0.375,-4.58700192075446,4.58700192075446,0.5832402253729966,fall,GS,8,8,0.2187150845148737
166,580.7,0.8,1.0,-11.448054004992628,11.448054004992628,4.090141118800724,fall,GS,8,8,4.090141118800724
167,581.8,1.0,1.0,106.11933653318118,106.11933653318118,8.02771764459638,rise,GI,10,10,8.02771764459638
168,583.7,0.8,0.375,-0.6963111230751906,0.6963111230751906,0.3819748087794867,fall,GS,8,8,0.1432405532923075
169,597.1,1.4,1.0,69.54769606580936,69.54769606580936,5.749349932679127,rise,GI,14,14,5.749349932679127
170,600.4,3.2,1.0,-71.43179200957695,71.43179200957695,4.559333480420362,fall,GS,32,32,4.559333480420362
171,602.3,1.0,1.0,5.701882123768428,5.701882123768428,2.8938125770870484,rise,GI,10,10,2.8938125770870484
172,606.0,2.2,1.0,23.23455368420366,23.23455368420366,2.984174936133794,rise,GI,22,22,2.984174936133794
173,611.1,2.2,1.0,-38.05484614997192,38.05484614997192,4.233549890024846,fall,GS,22,22,4.233549890024846
174,616.3,1.0,1.0,10.88368715325339,10.88368715325339,3.052857357962072,rise,GI,10,10,3.052857357962072
175,625.5,1.0,1.0,-33.21342662791835,33.21342662791835,3.090641315484082,fall,GS,10,10,3.090641315484082
176,628.7,1.0,1.0,81.03368164731285,81.03368164731285,4.305755886614064,rise,GI,10,10,4.305755886614064
177,633.5,1.6,1.0,-11.74656143887887,11.74656143887887,3.0651632028179585,fall,GS,16,16,3.0651632028179585
178,642.1,1.6,1.0,2.4578119428217065,2.4578119428217065,2.872828707217565,rise,GI,16,16,2.872828707217565
179,644.9,5.8,1.0,-51.38405633559688,51.38405633559688,6.542915971184476,fall,GS,58,58,6.542915971184476
180,655.8,1.2,1.0,-10.102985030089826,10.102985030089826,3.038611437654391,fall,GS,12,12,3.038611437654391
181,657.8,2.4,1.0,50.7812029929637,50.7812029929637,5.02818301764186,rise,GI,24,24,5.02818301764186
182,660.8,2.6,1.0,-37.24075055989499,37.24075055989499,3.667835853858283,fall,GS,26,26,3.667835853858283
183,662.9,1.2,1.0,9.929823041019858,9.929823041019858,2.8017636347740233,rise,GI,12,12,2.8017636347740233
184,667.1,2.4,1.0,26.801889230057952,26.801889230057952,3.245751686183837,rise,GI,24,24,3.245751686183837
185,674.2,0.8,1.0,26.833255427707513,26.833255427707513,2.3977633019188582,rise,GI,8,8,2.3977633019188582
186,677.8,1.2,1.0,-37.141938536497264,37.141938536497264,4.461293845658376,fall,GS,12,12,4.461293845658376
187,680.9,1.6,1.0,81.55510387975983,81.55510387975983,6.801997610423948,rise,GI,16,16,6.801997610423948
188,682.9,1.4,1.0,-26.534277750751073,26.534277750751073,4.713110311078254,fall,GS,14,14,4.713110311078254
189,689.7,0.8,1.0,24.600924983001278,24.600924983001278,2.172912226855499,rise,GI,8,8,2.172912226855499
190,692.2,0.8,0.625,4.2026182911387195,4.2026182911387195,1.1279270164239255,rise,GI,8,8,0.7049543852649534
191,694.8,0.8,0.625,3.3553927792233935,3.3553927792233935,0.7829380790642002,rise,GI,8,8,0.48933629941512513
192,698.7,0.8,0.75,8.009332200152699,8.009332200152699,1.005958182721824,rise,GI,8,8,0.754468637041368
193,699.6,0.8,1.0,-29.342029847503454,29.342029847503454,4.656608046657927,fall,GS,8,8,4.656608046657927
194,707.8,1.8,0.7777777777777778,-13.74574628478888,13.74574628478888,1.5416743505910777,fall,GS,18,18,1.1990800504597272
195,710.8,1.2,1.0,83.2208258458088,83.2208258458088,5.863237747073486,rise,GI,12,12,5.863237747073486
196,712.2,1.2,1.0,-62.07651827948416,62.07651827948416,4.0522072153238575,fall,GS,12,12,4.0522072153238575
197,719.5,2.6,1.0,-138.54632916288108,138.54632916288108,4.4436505335140115,fall,GS,26,26,4.4436505335140115
198,722.0,0.8,1.0,57.26931740199643,57.26931740199643,2.575730917470142,rise,GI,8,8,2.575730917470142
199,728.1,0.8,0.5,-5.870385265351729,5.870385265351729,0.6849155199832919,fall,GS,8,8,0.34245775999164596
200,729.3,0.8,0.75,-3.2878265565154834,3.2878265565154834,1.0955612528304182,fall,GS,8,8,0.8216709396228137
201,732.1,0.8,1.0,-21.078952698334547,21.078952698334547,3.4206695946683965,fall,GS,8,8,3.4206695946683965
202,734.4,6.0,1.0,123.25452642438762,123.25452642438762,7.788585501934813,rise,GI,60,60,7.788585501934813
203,737.0,0.8,1.0,-6.838013911977214,6.838013911977214,4.2228303486181975,fall,GS,8,8,4.2228303486181975
204,740.9,1.6,1.0,-23.272432209080648,23.272432209080648,3.410492690057628,fall,GS,16,16,3.410492690057628
205,745.3,0.8,0.5,-3.231261738602768,3.231261738602768,0.6150974188822765,fall,GS,8,8,0.30754870944113827
206,746.2,0.8,1.0,19.349167461001855,19.349167461001855,4.7944077336493525,rise,GI,8,8,4.7944077336493525
207,748.4,0.8,0.75,-7.049156810166608,7.049156810166608,1.4962187740332202,fall,GS,8,8,1.1221640805249151
208,752.6,0.8,1.0,14.543776519403707,14.543776519403707,2.646529428888926,rise,GI,8,8,2.646529428888926
209,755.1,1.4,1.0,14.286658056771273,14.286658056771273,2.935175341090516,rise,GI,14,14,2.935175341090516
210,758.3,0.8,1.0,13.499389750964838,13.499389750964838,2.377526890464088,rise,GI,8,8,2.377526890464088
211,761.2,1.0,1.0,62.113656494125905,62.113656494125905,5.409696331315962,rise,GI,10,10,5.409696331315962
212,768.8,1.4,1.0,70.78445153129638,70.78445153129638,4.044102159155757,rise,GI,14,14,4.044102159155757
213,771.0,0.8,0.375,4.5533788356443665,4.5533788356443665,0.3021693206041156,rise,GI,8,8,0.11331349522654335
214,773.6,1.0,1.0,-51.801501232162195,51.801501232162195,6.174172393192695,fall,GS,10,10,6.174172393192695
215,775.5,1.2,1.0,90.51563634542367,90.51563634542367,6.681399963328261,rise,GI,12,12,6.681399963328261
216,782.7,1.2,1.0,57.410890780366344,57.410890780366344,4.3119680751186005,rise,GI,12,12,4.3119680751186005
217,785.7,0.8,0.875,3.974805364309759,3.974805364309759,1.4018612244717576,rise,GI,8,8,1.226628571412788
218,787.1,0.8,0.625,6.40632033111217,6.40632033111217,0.8438637445098968,rise,GI,8,8,0.5274148403186855
219,794.7,1.0,1.0,45.24735049185119,45.24735049185119,4.973371245081519,rise,GI,10,10,4.973371245081519
