dataset_id,dataset_label,event_index,event_age_ka,analysis_start_ka,analysis_end_ka,source_event_id,cheng_event_age_ka,ch4_event_age_ka,event_label,source
rousseau2023_strong_monsoon_starts,Rousseau 2023 strong monsoon starts,1,10.824,0.0,640.0,1,,,,data/raw/rousseau_2023_ks_0p4_4kyr_strong_monsoon_start_times.csv
rousseau2023_strong_monsoon_starts,Rousseau 2023 strong monsoon starts,2,11.514,0.0,640.0,2,,,,data/raw/rousseau_2023_ks_0p4_4kyr_strong_monsoon_start_times.csv
rousseau2023_strong_monsoon_starts,Rousseau 2023 strong monsoon starts,3,14.617,0.0,640.0,3,,,,data/raw/rousseau_2023_ks_0p4_4kyr_strong_monsoon_start_times.csv
rousseau2023_strong_monsoon_starts,Rousseau 2023 strong monsoon starts,4,23.685,0.0,640.0,4,,,,data/raw/rousseau_2023_ks_0p4_4kyr_strong_monsoon_start_times.csv
rousseau2023_strong_monsoon_starts,Rousseau 2023 strong monsoon starts,5,27.955,0.0,640.0,5,,,,data/raw/rousseau_2023_ks_0p4_4kyr_strong_monsoon_start_times.csv
rousseau2023_strong_monsoon_starts,Rousseau 2023 strong monsoon starts,6,29.43,0.0,640.0,6,,,,data/raw/rousseau_2023_ks_0p4_4kyr_strong_monsoon_start_times.csv
rousseau2023_strong_monsoon_starts,Rousseau 2023 strong monsoon starts,7,32.675,0.0,640.0,7,,,,data/raw/rousseau_2023_ks_0p4_4kyr_strong_monsoon_start_times.csv
rousseau2023_strong_monsoon_starts,Rousseau 2023 strong monsoon starts,8,33.995,0.0,640.0,8,,,,data/raw/rousseau_2023_ks_0p4_4kyr_strong_monsoon_start_times.csv
rousseau2023_strong_monsoon_starts,Rousseau 2023 strong monsoon starts,9,35.535,0.0,640.0,9,,,,data/raw/rousseau_2023_ks_0p4_4kyr_strong_monsoon_start_times.csv
rousseau2023_strong_monsoon_starts,Rousseau 2023 strong monsoon starts,10,38.305,0.0,640.0,10,,,,data/raw/rousseau_2023_ks_0p4_4kyr_strong_monsoon_start_times.csv
rousseau2023_strong_monsoon_starts,Rousseau 2023 strong monsoon starts,11,41.595,0.0,640.0,11,,,,data/raw/rousseau_2023_ks_0p4_4kyr_strong_monsoon_start_times.csv
rousseau2023_strong_monsoon_starts,Rousseau 2023 strong monsoon starts,12,43.615,0.0,640.0,12,,,,data/raw/rousseau_2023_ks_0p4_4kyr_strong_monsoon_start_times.csv
rousseau2023_strong_monsoon_starts,Rousseau 2023 strong monsoon starts,13,47.25,0.0,640.0,13,,,,data/raw/rousseau_2023_ks_0p4_4kyr_strong_monsoon_start_times.csv
rousseau2023_strong_monsoon_starts,Rousseau 2023 strong monsoon starts,14,49.65,0.0,640.0,14,,,,data/raw/rousseau_2023_ks_0p4_4kyr_strong_monsoon_start_times.csv
rousseau2023_strong_monsoon_starts,Rousseau 2023 strong monsoon starts,15,53.8,0.0,640.0,15,,,,data/raw/rousseau_2023_ks_0p4_4kyr_strong_monsoon_start_times.csv
rousseau2023_strong_monsoon_starts,Rousseau 2023 strong monsoon starts,16,54.37,0.0,640.0,16,,,,data/raw/rousseau_2023_ks_0p4_4kyr_strong_monsoon_start_times.csv
rousseau2023_strong_monsoon_starts,Rousseau 2023 strong monsoon starts,17,55.745,0.0,640.0,17,,,,data/raw/rousseau_2023_ks_0p4_4kyr_strong_monsoon_start_times.csv
rousseau2023_strong_monsoon_starts,Rousseau 2023 strong monsoon starts,18,58.21,0.0,640.0,18,,,,data/raw/rousseau_2023_ks_0p4_4kyr_strong_monsoon_start_times.csv
rousseau2023_strong_monsoon_starts,Rousseau 2023 strong monsoon starts,19,59.785,0.0,640.0,19,,,,data/raw/rousseau_2023_ks_0p4_4kyr_strong_monsoon_start_times.csv
rousseau2023_strong_monsoon_starts,Rousseau 2023 strong monsoon starts,20,65.48,0.0,640.0,20,,,,data/raw/rousseau_2023_ks_0p4_4kyr_strong_monsoon_start_times.csv
rousseau2023_strong_monsoon_starts,Rousseau 2023 strong monsoon starts,21,69.18,0.0,640.0,21,,,,data/raw/rousseau_2023_ks_0p4_4kyr_strong_monsoon_start_times.csv
rousseau2023_strong_monsoon_starts,Rousseau 2023 strong monsoon starts,22,72.285,0.0,640.0,22,,,,data/raw/rousseau_2023_ks_0p4_4kyr_strong_monsoon_start_times.csv
rousseau2023_strong_monsoon_starts,Rousseau 2023 strong monsoon starts,23,75.28,0.0,640.0,23,,,,data/raw/rousseau_2023_ks_0p4_4kyr_strong_monsoon_start_times.csv
rousseau2023_strong_monsoon_starts,Rousseau 2023 strong monsoon starts,24,76.245,0.0,640.0,24,,,,data/raw/rousseau_2023_ks_0p4_4kyr_strong_monsoon_start_times.csv
rousseau2023_strong_monsoon_starts,Rousseau 2023 strong monsoon starts,25,84.13,0.0,640.0,25,,,,data/raw/rousseau_2023_ks_0p4_4kyr_strong_monsoon_start_times.csv
rousseau2023_strong_monsoon_starts,Rousseau 2023 strong monsoon starts,26,85.0,0.0,640.0,26,,,,data/raw/rousseau_2023_ks_0p4_4kyr_strong_monsoon_start_times.csv
rousseau2023_strong_monsoon_starts,Rousseau 2023 strong monsoon starts,27,89.79,0.0,640.0,27,,,,data/raw/rousseau_2023_ks_0p4_4kyr_strong_monsoon_start_times.csv
rousseau2023_strong_monsoon_starts,Rousseau 2023 strong monsoon starts,28,105.15,0.0,640.0,28,,,,data/raw/rousseau_2023_ks_0p4_4kyr_strong_monsoon_start_times.csv
rousseau2023_strong_monsoon_starts,Rousseau 2023 strong monsoon starts,29,108.55,0.0,640.0,29,,,,data/raw/rousseau_2023_ks_0p4_4kyr_strong_monsoon_start_times.csv
rousseau2023_strong_monsoon_starts,Rousseau 2023 strong monsoon starts,30,128.55,0.0,640.0,30,,,,data/raw/rousseau_2023_ks_0p4_4kyr_strong_monsoon_start_times.csv
rousseau2023_strong_monsoon_starts,Rousseau 2023 strong monsoon starts,31,130.45,0.0,640.0,31,,,,data/raw/rousseau_2023_ks_0p4_4kyr_strong_monsoon_start_times.csv
rousseau2023_strong_monsoon_starts,Rousseau 2023 strong monsoon starts,32,147.65,0.0,640.0,32,,,,data/raw/rousseau_2023_ks_0p4_4kyr_strong_monsoon_start_times.csv
rousseau2023_strong_monsoon_starts,Rousseau 2023 strong monsoon starts,33,149.05,0.0,640.0,33,,,,data/raw/rousseau_2023_ks_0p4_4kyr_strong_monsoon_start_times.csv
rousseau2023_strong_monsoon_starts,Rousseau 2023 strong monsoon starts,34,151.75,0.0,640.0,34,,,,data/raw/rousseau_2023_ks_0p4_4kyr_strong_monsoon_start_times.csv
rousseau2023_strong_monsoon_starts,Rousseau 2023 strong monsoon starts,35,157.05,0.0,640.0,35,,,,data/raw/rousseau_2023_ks_0p4_4kyr_strong_monsoon_start_times.csv
rousseau2023_strong_monsoon_starts,Rousseau 2023 strong monsoon starts,36,158.15,0.0,640.0,36,,,,data/raw/rousseau_2023_ks_0p4_4kyr_strong_monsoon_start_times.csv
rousseau2023_strong_monsoon_starts,Rousseau 2023 strong monsoon starts,37,160.5,0.0,640.0,37,,,,data/raw/rousseau_2023_ks_0p4_4kyr_strong_monsoon_start_times.csv
rousseau2023_strong_monsoon_starts,Rousseau 2023 strong monsoon starts,38,163.8,0.0,640.0,38,,,,data/raw/rousseau_2023_ks_0p4_4kyr_strong_monsoon_start_times.csv
rousseau2023_strong_monsoon_starts,Rousseau 2023 strong monsoon starts,39,168.75,0.0,640.0,39,,,,data/raw/rousseau_2023_ks_0p4_4kyr_strong_monsoon_start_times.csv
rousseau2023_strong_monsoon_starts,Rousseau 2023 strong monsoon starts,40,169.55,0.0,640.0,40,,,,data/raw/rousseau_2023_ks_0p4_4kyr_strong_monsoon_start_times.csv
rousseau2023_strong_monsoon_starts,Rousseau 2023 strong monsoon starts,41,173.15,0.0,640.0,41,,,,data/raw/rousseau_2023_ks_0p4_4kyr_strong_monsoon_start_times.csv
rousseau2023_strong_monsoon_starts,Rousseau 2023 strong monsoon starts,42,176.25,0.0,640.0,42,,,,data/raw/rousseau_2023_ks_0p4_4kyr_strong_monsoon_start_times.csv
rousseau2023_strong_monsoon_starts,Rousseau 2023 strong monsoon starts,43,177.95,0.0,640.0,43,,,,data/raw/rousseau_2023_ks_0p4_4kyr_strong_monsoon_start_times.csv
rousseau2023_strong_monsoon_starts,Rousseau 2023 strong monsoon starts,44,182.55,0.0,640.0,44,,,,data/raw/rousseau_2023_ks_0p4_4kyr_strong_monsoon_start_times.csv
rousseau2023_strong_monsoon_starts,Rousseau 2023 strong monsoon starts,45,190.65,0.0,640.0,45,,,,data/raw/rousseau_2023_ks_0p4_4kyr_strong_monsoon_start_times.csv
rousseau2023_strong_monsoon_starts,Rousseau 2023 strong monsoon starts,46,192.75,0.0,640.0,46,,,,data/raw/rousseau_2023_ks_0p4_4kyr_strong_monsoon_start_times.csv
rousseau2023_strong_monsoon_starts,Rousseau 2023 strong monsoon starts,47,198.95,0.0,640.0,47,,,,data/raw/rousseau_2023_ks_0p4_4kyr_strong_monsoon_start_times.csv
rousseau2023_strong_monsoon_starts,Rousseau 2023 strong monsoon starts,48,219.05,0.0,640.0,48,,,,data/raw/rousseau_2023_ks_0p4_4kyr_strong_monsoon_start_times.csv
rousseau2023_strong_monsoon_starts,Rousseau 2023 strong monsoon starts,49,225.2,0.0,640.0,49,,,,data/raw/rousseau_2023_ks_0p4_4kyr_strong_monsoon_start_times.csv
rousseau2023_strong_monsoon_starts,Rousseau 2023 strong monsoon starts,50,230.75,0.0,640.0,50,,,,data/raw/rousseau_2023_ks_0p4_4kyr_strong_monsoon_start_times.csv
rousseau2023_strong_monsoon_starts,Rousseau 2023 strong monsoon starts,51,241.65,0.0,640.0,51,,,,data/raw/rousseau_2023_ks_0p4_4kyr_strong_monsoon_start_times.csv
rousseau2023_strong_monsoon_starts,Rousseau 2023 strong monsoon starts,52,248.25,0.0,640.0,52,,,,data/raw/rousseau_2023_ks_0p4_4kyr_strong_monsoon_start_times.csv
rousseau2023_strong_monsoon_starts,Rousseau 2023 strong monsoon starts,53,251.15,0.0,640.0,53,,,,data/raw/rousseau_2023_ks_0p4_4kyr_strong_monsoon_start_times.csv
rousseau2023_strong_monsoon_starts,Rousseau 2023 strong monsoon starts,54,258.75,0.0,640.0,54,,,,data/raw/rousseau_2023_ks_0p4_4kyr_strong_monsoon_start_times.csv
rousseau2023_strong_monsoon_starts,Rousseau 2023 strong monsoon starts,55,264.0,0.0,640.0,55,,,,data/raw/rousseau_2023_ks_0p4_4kyr_strong_monsoon_start_times.csv
rousseau2023_strong_monsoon_starts,Rousseau 2023 strong monsoon starts,56,272.85,0.0,640.0,56,,,,data/raw/rousseau_2023_ks_0p4_4kyr_strong_monsoon_start_times.csv
rousseau2023_strong_monsoon_starts,Rousseau 2023 strong monsoon starts,57,293.9,0.0,640.0,57,,,,data/raw/rousseau_2023_ks_0p4_4kyr_strong_monsoon_start_times.csv
rousseau2023_strong_monsoon_starts,Rousseau 2023 strong monsoon starts,58,315.45,0.0,640.0,58,,,,data/raw/rousseau_2023_ks_0p4_4kyr_strong_monsoon_start_times.csv
rousseau2023_strong_monsoon_starts,Rousseau 2023 strong monsoon starts,59,316.35,0.0,640.0,59,,,,data/raw/rousseau_2023_ks_0p4_4kyr_strong_monsoon_start_times.csv
rousseau2023_strong_monsoon_starts,Rousseau 2023 strong monsoon starts,60,332.45,0.0,640.0,60,,,,data/raw/rousseau_2023_ks_0p4_4kyr_strong_monsoon_start_times.csv
rousseau2023_strong_monsoon_starts,Rousseau 2023 strong monsoon starts,61,334.05,0.0,640.0,61,,,,data/raw/rousseau_2023_ks_0p4_4kyr_strong_monsoon_start_times.csv
rousseau2023_strong_monsoon_starts,Rousseau 2023 strong monsoon starts,62,337.35,0.0,640.0,62,,,,data/raw/rousseau_2023_ks_0p4_4kyr_strong_monsoon_start_times.csv
rousseau2023_strong_monsoon_starts,Rousseau 2023 strong monsoon starts,63,351.45,0.0,640.0,63,,,,data/raw/rousseau_2023_ks_0p4_4kyr_strong_monsoon_start_times.csv
rousseau2023_strong_monsoon_starts,Rousseau 2023 strong monsoon starts,64,365.65,0.0,640.0,64,,,,data/raw/rousseau_2023_ks_0p4_4kyr_strong_monsoon_start_times.csv
rousseau2023_strong_monsoon_starts,Rousseau 2023 strong monsoon starts,65,368.1,0.0,640.0,65,,,,data/raw/rousseau_2023_ks_0p4_4kyr_strong_monsoon_start_times.csv
rousseau2023_strong_monsoon_starts,Rousseau 2023 strong monsoon starts,66,370.75,0.0,640.0,66,,,,data/raw/rousseau_2023_ks_0p4_4kyr_strong_monsoon_start_times.csv
rousseau2023_strong_monsoon_starts,Rousseau 2023 strong monsoon starts,67,375.95,0.0,640.0,67,,,,data/raw/rousseau_2023_ks_0p4_4kyr_strong_monsoon_start_times.csv
rousseau2023_strong_monsoon_starts,Rousseau 2023 strong monsoon starts,68,377.45,0.0,640.0,68,,,,data/raw/rousseau_2023_ks_0p4_4kyr_strong_monsoon_start_times.csv
rousseau2023_strong_monsoon_starts,Rousseau 2023 strong monsoon starts,69,390.8,0.0,640.0,69,,,,data/raw/rousseau_2023_ks_0p4_4kyr_strong_monsoon_start_times.csv
rousseau2023_strong_monsoon_starts,Rousseau 2023 strong monsoon starts,70,393.6,0.0,640.0,70,,,,data/raw/rousseau_2023_ks_0p4_4kyr_strong_monsoon_start_times.csv
rousseau2023_strong_monsoon_starts,Rousseau 2023 strong monsoon starts,71,412.25,0.0,640.0,71,,,,data/raw/rousseau_2023_ks_0p4_4kyr_strong_monsoon_start_times.csv
rousseau2023_strong_monsoon_starts,Rousseau 2023 strong monsoon starts,72,426.05,0.0,640.0,72,,,,data/raw/rousseau_2023_ks_0p4_4kyr_strong_monsoon_start_times.csv
rousseau2023_strong_monsoon_starts,Rousseau 2023 strong monsoon starts,73,447.4,0.0,640.0,73,,,,data/raw/rousseau_2023_ks_0p4_4kyr_strong_monsoon_start_times.csv
rousseau2023_strong_monsoon_starts,Rousseau 2023 strong monsoon starts,74,449.45,0.0,640.0,74,,,,data/raw/rousseau_2023_ks_0p4_4kyr_strong_monsoon_start_times.csv
rousseau2023_strong_monsoon_starts,Rousseau 2023 strong monsoon starts,75,458.9,0.0,640.0,75,,,,data/raw/rousseau_2023_ks_0p4_4kyr_strong_monsoon_start_times.csv
rousseau2023_strong_monsoon_starts,Rousseau 2023 strong monsoon starts,76,463.15,0.0,640.0,76,,,,data/raw/rousseau_2023_ks_0p4_4kyr_strong_monsoon_start_times.csv
rousseau2023_strong_monsoon_starts,Rousseau 2023 strong monsoon starts,77,465.95,0.0,640.0,77,,,,data/raw/rousseau_2023_ks_0p4_4kyr_strong_monsoon_start_times.csv
rousseau2023_strong_monsoon_starts,Rousseau 2023 strong monsoon starts,78,472.75,0.0,640.0,78,,,,data/raw/rousseau_2023_ks_0p4_4kyr_strong_monsoon_start_times.csv
rousseau2023_strong_monsoon_starts,Rousseau 2023 strong monsoon starts,79,483.65,0.0,640.0,79,,,,data/raw/rousseau_2023_ks_0p4_4kyr_strong_monsoon_start_times.csv
rousseau2023_strong_monsoon_starts,Rousseau 2023 strong monsoon starts,80,504.15,0.0,640.0,80,,,,data/raw/rousseau_2023_ks_0p4_4kyr_strong_monsoon_start_times.csv
rousseau2023_strong_monsoon_starts,Rousseau 2023 strong monsoon starts,81,531.75,0.0,640.0,81,,,,data/raw/rousseau_2023_ks_0p4_4kyr_strong_monsoon_start_times.csv
rousseau2023_strong_monsoon_starts,Rousseau 2023 strong monsoon starts,82,548.25,0.0,640.0,82,,,,data/raw/rousseau_2023_ks_0p4_4kyr_strong_monsoon_start_times.csv
rousseau2023_strong_monsoon_starts,Rousseau 2023 strong monsoon starts,83,553.55,0.0,640.0,83,,,,data/raw/rousseau_2023_ks_0p4_4kyr_strong_monsoon_start_times.csv
rousseau2023_strong_monsoon_starts,Rousseau 2023 strong monsoon starts,84,555.65,0.0,640.0,84,,,,data/raw/rousseau_2023_ks_0p4_4kyr_strong_monsoon_start_times.csv
rousseau2023_strong_monsoon_starts,Rousseau 2023 strong monsoon starts,85,559.15,0.0,640.0,85,,,,data/raw/rousseau_2023_ks_0p4_4kyr_strong_monsoon_start_times.csv
rousseau2023_strong_monsoon_starts,Rousseau 2023 strong monsoon starts,86,561.25,0.0,640.0,86,,,,data/raw/rousseau_2023_ks_0p4_4kyr_strong_monsoon_start_times.csv
rousseau2023_strong_monsoon_starts,Rousseau 2023 strong monsoon starts,87,562.25,0.0,640.0,87,,,,data/raw/rousseau_2023_ks_0p4_4kyr_strong_monsoon_start_times.csv
rousseau2023_strong_monsoon_starts,Rousseau 2023 strong monsoon starts,88,580.3,0.0,640.0,88,,,,data/raw/rousseau_2023_ks_0p4_4kyr_strong_monsoon_start_times.csv
rousseau2023_strong_monsoon_starts,Rousseau 2023 strong monsoon starts,89,582.95,0.0,640.0,89,,,,data/raw/rousseau_2023_ks_0p4_4kyr_strong_monsoon_start_times.csv
rousseau2023_strong_monsoon_starts,Rousseau 2023 strong monsoon starts,90,593.9,0.0,640.0,90,,,,data/raw/rousseau_2023_ks_0p4_4kyr_strong_monsoon_start_times.csv
rousseau2023_strong_monsoon_starts,Rousseau 2023 strong monsoon starts,91,604.0,0.0,640.0,91,,,,data/raw/rousseau_2023_ks_0p4_4kyr_strong_monsoon_start_times.csv
rousseau2023_strong_monsoon_starts,Rousseau 2023 strong monsoon starts,92,625.65,0.0,640.0,92,,,,data/raw/rousseau_2023_ks_0p4_4kyr_strong_monsoon_start_times.csv
rousseau2023_strong_monsoon_starts,Rousseau 2023 strong monsoon starts,93,627.55,0.0,640.0,93,,,,data/raw/rousseau_2023_ks_0p4_4kyr_strong_monsoon_start_times.csv
rousseau2023_strong_monsoon_starts,Rousseau 2023 strong monsoon starts,94,630.1,0.0,640.0,94,,,,data/raw/rousseau_2023_ks_0p4_4kyr_strong_monsoon_start_times.csv
rousseau2023_strong_monsoon_starts,Rousseau 2023 strong monsoon starts,95,633.3,0.0,640.0,95,,,,data/raw/rousseau_2023_ks_0p4_4kyr_strong_monsoon_start_times.csv
rousseau2023_strong_monsoon_starts,Rousseau 2023 strong monsoon starts,96,638.1,0.0,640.0,96,,,,data/raw/rousseau_2023_ks_0p4_4kyr_strong_monsoon_start_times.csv
rousseau2023_weak_monsoon_starts,Rousseau 2023 weak monsoon starts,1,3.5,0.0,640.0,1,,,,data/raw/rousseau_2023_ks_0p4_4kyr_weak_monsoon_start_times.csv
rousseau2023_weak_monsoon_starts,Rousseau 2023 weak monsoon starts,2,12.779,0.0,640.0,2,,,,data/raw/rousseau_2023_ks_0p4_4kyr_weak_monsoon_start_times.csv
rousseau2023_weak_monsoon_starts,Rousseau 2023 weak monsoon starts,3,17.835,0.0,640.0,3,,,,data/raw/rousseau_2023_ks_0p4_4kyr_weak_monsoon_start_times.csv
rousseau2023_weak_monsoon_starts,Rousseau 2023 weak monsoon starts,4,24.59,0.0,640.0,4,,,,data/raw/rousseau_2023_ks_0p4_4kyr_weak_monsoon_start_times.csv
rousseau2023_weak_monsoon_starts,Rousseau 2023 weak monsoon starts,5,26.65,0.0,640.0,5,,,,data/raw/rousseau_2023_ks_0p4_4kyr_weak_monsoon_start_times.csv
rousseau2023_weak_monsoon_starts,Rousseau 2023 weak monsoon starts,6,27.555,0.0,640.0,6,,,,data/raw/rousseau_2023_ks_0p4_4kyr_weak_monsoon_start_times.csv
rousseau2023_weak_monsoon_starts,Rousseau 2023 weak monsoon starts,7,28.715,0.0,640.0,7,,,,data/raw/rousseau_2023_ks_0p4_4kyr_weak_monsoon_start_times.csv
rousseau2023_weak_monsoon_starts,Rousseau 2023 weak monsoon starts,8,30.42,0.0,640.0,8,,,,data/raw/rousseau_2023_ks_0p4_4kyr_weak_monsoon_start_times.csv
rousseau2023_weak_monsoon_starts,Rousseau 2023 weak monsoon starts,9,31.975,0.0,640.0,9,,,,data/raw/rousseau_2023_ks_0p4_4kyr_weak_monsoon_start_times.csv
rousseau2023_weak_monsoon_starts,Rousseau 2023 weak monsoon starts,10,33.42,0.0,640.0,10,,,,data/raw/rousseau_2023_ks_0p4_4kyr_weak_monsoon_start_times.csv
rousseau2023_weak_monsoon_starts,Rousseau 2023 weak monsoon starts,11,34.75,0.0,640.0,11,,,,data/raw/rousseau_2023_ks_0p4_4kyr_weak_monsoon_start_times.csv
rousseau2023_weak_monsoon_starts,Rousseau 2023 weak monsoon starts,12,36.75,0.0,640.0,12,,,,data/raw/rousseau_2023_ks_0p4_4kyr_weak_monsoon_start_times.csv
rousseau2023_weak_monsoon_starts,Rousseau 2023 weak monsoon starts,13,39.955,0.0,640.0,13,,,,data/raw/rousseau_2023_ks_0p4_4kyr_weak_monsoon_start_times.csv
rousseau2023_weak_monsoon_starts,Rousseau 2023 weak monsoon starts,14,42.475,0.0,640.0,14,,,,data/raw/rousseau_2023_ks_0p4_4kyr_weak_monsoon_start_times.csv
rousseau2023_weak_monsoon_starts,Rousseau 2023 weak monsoon starts,15,44.485,0.0,640.0,15,,,,data/raw/rousseau_2023_ks_0p4_4kyr_weak_monsoon_start_times.csv
rousseau2023_weak_monsoon_starts,Rousseau 2023 weak monsoon starts,16,45.73,0.0,640.0,16,,,,data/raw/rousseau_2023_ks_0p4_4kyr_weak_monsoon_start_times.csv
rousseau2023_weak_monsoon_starts,Rousseau 2023 weak monsoon starts,17,48.47,0.0,640.0,17,,,,data/raw/rousseau_2023_ks_0p4_4kyr_weak_monsoon_start_times.csv
rousseau2023_weak_monsoon_starts,Rousseau 2023 weak monsoon starts,18,48.92,0.0,640.0,18,,,,data/raw/rousseau_2023_ks_0p4_4kyr_weak_monsoon_start_times.csv
rousseau2023_weak_monsoon_starts,Rousseau 2023 weak monsoon starts,19,55.23,0.0,640.0,19,,,,data/raw/rousseau_2023_ks_0p4_4kyr_weak_monsoon_start_times.csv
rousseau2023_weak_monsoon_starts,Rousseau 2023 weak monsoon starts,20,56.32,0.0,640.0,20,,,,data/raw/rousseau_2023_ks_0p4_4kyr_weak_monsoon_start_times.csv
rousseau2023_weak_monsoon_starts,Rousseau 2023 weak monsoon starts,21,68.655,0.0,640.0,21,,,,data/raw/rousseau_2023_ks_0p4_4kyr_weak_monsoon_start_times.csv
rousseau2023_weak_monsoon_starts,Rousseau 2023 weak monsoon starts,22,69.575,0.0,640.0,22,,,,data/raw/rousseau_2023_ks_0p4_4kyr_weak_monsoon_start_times.csv
rousseau2023_weak_monsoon_starts,Rousseau 2023 weak monsoon starts,23,70.155,0.0,640.0,23,,,,data/raw/rousseau_2023_ks_0p4_4kyr_weak_monsoon_start_times.csv
rousseau2023_weak_monsoon_starts,Rousseau 2023 weak monsoon starts,24,73.4,0.0,640.0,24,,,,data/raw/rousseau_2023_ks_0p4_4kyr_weak_monsoon_start_times.csv
rousseau2023_weak_monsoon_starts,Rousseau 2023 weak monsoon starts,25,77.51,0.0,640.0,25,,,,data/raw/rousseau_2023_ks_0p4_4kyr_weak_monsoon_start_times.csv
rousseau2023_weak_monsoon_starts,Rousseau 2023 weak monsoon starts,26,88.425,0.0,640.0,26,,,,data/raw/rousseau_2023_ks_0p4_4kyr_weak_monsoon_start_times.csv
rousseau2023_weak_monsoon_starts,Rousseau 2023 weak monsoon starts,27,98.65,0.0,640.0,27,,,,data/raw/rousseau_2023_ks_0p4_4kyr_weak_monsoon_start_times.csv
rousseau2023_weak_monsoon_starts,Rousseau 2023 weak monsoon starts,28,100.35,0.0,640.0,28,,,,data/raw/rousseau_2023_ks_0p4_4kyr_weak_monsoon_start_times.csv
rousseau2023_weak_monsoon_starts,Rousseau 2023 weak monsoon starts,29,105.75,0.0,640.0,29,,,,data/raw/rousseau_2023_ks_0p4_4kyr_weak_monsoon_start_times.csv
rousseau2023_weak_monsoon_starts,Rousseau 2023 weak monsoon starts,30,106.35,0.0,640.0,30,,,,data/raw/rousseau_2023_ks_0p4_4kyr_weak_monsoon_start_times.csv
rousseau2023_weak_monsoon_starts,Rousseau 2023 weak monsoon starts,31,117.45,0.0,640.0,31,,,,data/raw/rousseau_2023_ks_0p4_4kyr_weak_monsoon_start_times.csv
rousseau2023_weak_monsoon_starts,Rousseau 2023 weak monsoon starts,32,120.55,0.0,640.0,32,,,,data/raw/rousseau_2023_ks_0p4_4kyr_weak_monsoon_start_times.csv
rousseau2023_weak_monsoon_starts,Rousseau 2023 weak monsoon starts,33,133.25,0.0,640.0,33,,,,data/raw/rousseau_2023_ks_0p4_4kyr_weak_monsoon_start_times.csv
rousseau2023_weak_monsoon_starts,Rousseau 2023 weak monsoon starts,34,135.55,0.0,640.0,34,,,,data/raw/rousseau_2023_ks_0p4_4kyr_weak_monsoon_start_times.csv
rousseau2023_weak_monsoon_starts,Rousseau 2023 weak monsoon starts,35,139.35,0.0,640.0,35,,,,data/raw/rousseau_2023_ks_0p4_4kyr_weak_monsoon_start_times.csv
rousseau2023_weak_monsoon_starts,Rousseau 2023 weak monsoon starts,36,142.55,0.0,640.0,36,,,,data/raw/rousseau_2023_ks_0p4_4kyr_weak_monsoon_start_times.csv
rousseau2023_weak_monsoon_starts,Rousseau 2023 weak monsoon starts,37,143.85,0.0,640.0,37,,,,data/raw/rousseau_2023_ks_0p4_4kyr_weak_monsoon_start_times.csv
rousseau2023_weak_monsoon_starts,Rousseau 2023 weak monsoon starts,38,147.05,0.0,640.0,38,,,,data/raw/rousseau_2023_ks_0p4_4kyr_weak_monsoon_start_times.csv
rousseau2023_weak_monsoon_starts,Rousseau 2023 weak monsoon starts,39,151.05,0.0,640.0,39,,,,data/raw/rousseau_2023_ks_0p4_4kyr_weak_monsoon_start_times.csv
rousseau2023_weak_monsoon_starts,Rousseau 2023 weak monsoon starts,40,158.95,0.0,640.0,40,,,,data/raw/rousseau_2023_ks_0p4_4kyr_weak_monsoon_start_times.csv
rousseau2023_weak_monsoon_starts,Rousseau 2023 weak monsoon starts,41,162.0,0.0,640.0,41,,,,data/raw/rousseau_2023_ks_0p4_4kyr_weak_monsoon_start_times.csv
rousseau2023_weak_monsoon_starts,Rousseau 2023 weak monsoon starts,42,165.15,0.0,640.0,42,,,,data/raw/rousseau_2023_ks_0p4_4kyr_weak_monsoon_start_times.csv
rousseau2023_weak_monsoon_starts,Rousseau 2023 weak monsoon starts,43,166.8,0.0,640.0,43,,,,data/raw/rousseau_2023_ks_0p4_4kyr_weak_monsoon_start_times.csv
rousseau2023_weak_monsoon_starts,Rousseau 2023 weak monsoon starts,44,170.25,0.0,640.0,44,,,,data/raw/rousseau_2023_ks_0p4_4kyr_weak_monsoon_start_times.csv
rousseau2023_weak_monsoon_starts,Rousseau 2023 weak monsoon starts,45,171.05,0.0,640.0,45,,,,data/raw/rousseau_2023_ks_0p4_4kyr_weak_monsoon_start_times.csv
rousseau2023_weak_monsoon_starts,Rousseau 2023 weak monsoon starts,46,174.85,0.0,640.0,46,,,,data/raw/rousseau_2023_ks_0p4_4kyr_weak_monsoon_start_times.csv
rousseau2023_weak_monsoon_starts,Rousseau 2023 weak monsoon starts,47,179.65,0.0,640.0,47,,,,data/raw/rousseau_2023_ks_0p4_4kyr_weak_monsoon_start_times.csv
rousseau2023_weak_monsoon_starts,Rousseau 2023 weak monsoon starts,48,187.75,0.0,640.0,48,,,,data/raw/rousseau_2023_ks_0p4_4kyr_weak_monsoon_start_times.csv
rousseau2023_weak_monsoon_starts,Rousseau 2023 weak monsoon starts,49,191.75,0.0,640.0,49,,,,data/raw/rousseau_2023_ks_0p4_4kyr_weak_monsoon_start_times.csv
rousseau2023_weak_monsoon_starts,Rousseau 2023 weak monsoon starts,50,193.25,0.0,640.0,50,,,,data/raw/rousseau_2023_ks_0p4_4kyr_weak_monsoon_start_times.csv
rousseau2023_weak_monsoon_starts,Rousseau 2023 weak monsoon starts,51,201.15,0.0,640.0,51,,,,data/raw/rousseau_2023_ks_0p4_4kyr_weak_monsoon_start_times.csv
rousseau2023_weak_monsoon_starts,Rousseau 2023 weak monsoon starts,52,209.25,0.0,640.0,52,,,,data/raw/rousseau_2023_ks_0p4_4kyr_weak_monsoon_start_times.csv
rousseau2023_weak_monsoon_starts,Rousseau 2023 weak monsoon starts,53,221.05,0.0,640.0,53,,,,data/raw/rousseau_2023_ks_0p4_4kyr_weak_monsoon_start_times.csv
rousseau2023_weak_monsoon_starts,Rousseau 2023 weak monsoon starts,54,228.65,0.0,640.0,54,,,,data/raw/rousseau_2023_ks_0p4_4kyr_weak_monsoon_start_times.csv
rousseau2023_weak_monsoon_starts,Rousseau 2023 weak monsoon starts,55,232.65,0.0,640.0,55,,,,data/raw/rousseau_2023_ks_0p4_4kyr_weak_monsoon_start_times.csv
rousseau2023_weak_monsoon_starts,Rousseau 2023 weak monsoon starts,56,234.15,0.0,640.0,56,,,,data/raw/rousseau_2023_ks_0p4_4kyr_weak_monsoon_start_times.csv
rousseau2023_weak_monsoon_starts,Rousseau 2023 weak monsoon starts,57,246.75,0.0,640.0,57,,,,data/raw/rousseau_2023_ks_0p4_4kyr_weak_monsoon_start_times.csv
rousseau2023_weak_monsoon_starts,Rousseau 2023 weak monsoon starts,58,250.05,0.0,640.0,58,,,,data/raw/rousseau_2023_ks_0p4_4kyr_weak_monsoon_start_times.csv
rousseau2023_weak_monsoon_starts,Rousseau 2023 weak monsoon starts,59,252.15,0.0,640.0,59,,,,data/raw/rousseau_2023_ks_0p4_4kyr_weak_monsoon_start_times.csv
rousseau2023_weak_monsoon_starts,Rousseau 2023 weak monsoon starts,60,256.05,0.0,640.0,60,,,,data/raw/rousseau_2023_ks_0p4_4kyr_weak_monsoon_start_times.csv
rousseau2023_weak_monsoon_starts,Rousseau 2023 weak monsoon starts,61,259.65,0.0,640.0,61,,,,data/raw/rousseau_2023_ks_0p4_4kyr_weak_monsoon_start_times.csv
rousseau2023_weak_monsoon_starts,Rousseau 2023 weak monsoon starts,62,276.95,0.0,640.0,62,,,,data/raw/rousseau_2023_ks_0p4_4kyr_weak_monsoon_start_times.csv
rousseau2023_weak_monsoon_starts,Rousseau 2023 weak monsoon starts,63,281.4,0.0,640.0,63,,,,data/raw/rousseau_2023_ks_0p4_4kyr_weak_monsoon_start_times.csv
rousseau2023_weak_monsoon_starts,Rousseau 2023 weak monsoon starts,64,284.7,0.0,640.0,64,,,,data/raw/rousseau_2023_ks_0p4_4kyr_weak_monsoon_start_times.csv
rousseau2023_weak_monsoon_starts,Rousseau 2023 weak monsoon starts,65,307.25,0.0,640.0,65,,,,data/raw/rousseau_2023_ks_0p4_4kyr_weak_monsoon_start_times.csv
rousseau2023_weak_monsoon_starts,Rousseau 2023 weak monsoon starts,66,318.05,0.0,640.0,66,,,,data/raw/rousseau_2023_ks_0p4_4kyr_weak_monsoon_start_times.csv
rousseau2023_weak_monsoon_starts,Rousseau 2023 weak monsoon starts,67,324.15,0.0,640.0,67,,,,data/raw/rousseau_2023_ks_0p4_4kyr_weak_monsoon_start_times.csv
rousseau2023_weak_monsoon_starts,Rousseau 2023 weak monsoon starts,68,341.15,0.0,640.0,68,,,,data/raw/rousseau_2023_ks_0p4_4kyr_weak_monsoon_start_times.csv
rousseau2023_weak_monsoon_starts,Rousseau 2023 weak monsoon starts,69,349.55,0.0,640.0,69,,,,data/raw/rousseau_2023_ks_0p4_4kyr_weak_monsoon_start_times.csv
rousseau2023_weak_monsoon_starts,Rousseau 2023 weak monsoon starts,70,364.35,0.0,640.0,70,,,,data/raw/rousseau_2023_ks_0p4_4kyr_weak_monsoon_start_times.csv
rousseau2023_weak_monsoon_starts,Rousseau 2023 weak monsoon starts,71,367.35,0.0,640.0,71,,,,data/raw/rousseau_2023_ks_0p4_4kyr_weak_monsoon_start_times.csv
rousseau2023_weak_monsoon_starts,Rousseau 2023 weak monsoon starts,72,368.65,0.0,640.0,72,,,,data/raw/rousseau_2023_ks_0p4_4kyr_weak_monsoon_start_times.csv
rousseau2023_weak_monsoon_starts,Rousseau 2023 weak monsoon starts,73,369.55,0.0,640.0,73,,,,data/raw/rousseau_2023_ks_0p4_4kyr_weak_monsoon_start_times.csv
rousseau2023_weak_monsoon_starts,Rousseau 2023 weak monsoon starts,74,371.55,0.0,640.0,74,,,,data/raw/rousseau_2023_ks_0p4_4kyr_weak_monsoon_start_times.csv
rousseau2023_weak_monsoon_starts,Rousseau 2023 weak monsoon starts,75,371.95,0.0,640.0,75,,,,data/raw/rousseau_2023_ks_0p4_4kyr_weak_monsoon_start_times.csv
rousseau2023_weak_monsoon_starts,Rousseau 2023 weak monsoon starts,76,378.65,0.0,640.0,76,,,,data/raw/rousseau_2023_ks_0p4_4kyr_weak_monsoon_start_times.csv
rousseau2023_weak_monsoon_starts,Rousseau 2023 weak monsoon starts,77,398.85,0.0,640.0,77,,,,data/raw/rousseau_2023_ks_0p4_4kyr_weak_monsoon_start_times.csv
rousseau2023_weak_monsoon_starts,Rousseau 2023 weak monsoon starts,78,430.15,0.0,640.0,78,,,,data/raw/rousseau_2023_ks_0p4_4kyr_weak_monsoon_start_times.csv
rousseau2023_weak_monsoon_starts,Rousseau 2023 weak monsoon starts,79,441.85,0.0,640.0,79,,,,data/raw/rousseau_2023_ks_0p4_4kyr_weak_monsoon_start_times.csv
rousseau2023_weak_monsoon_starts,Rousseau 2023 weak monsoon starts,80,453.55,0.0,640.0,80,,,,data/raw/rousseau_2023_ks_0p4_4kyr_weak_monsoon_start_times.csv
rousseau2023_weak_monsoon_starts,Rousseau 2023 weak monsoon starts,81,457.6,0.0,640.0,81,,,,data/raw/rousseau_2023_ks_0p4_4kyr_weak_monsoon_start_times.csv
rousseau2023_weak_monsoon_starts,Rousseau 2023 weak monsoon starts,82,460.15,0.0,640.0,82,,,,data/raw/rousseau_2023_ks_0p4_4kyr_weak_monsoon_start_times.csv
rousseau2023_weak_monsoon_starts,Rousseau 2023 weak monsoon starts,83,467.35,0.0,640.0,83,,,,data/raw/rousseau_2023_ks_0p4_4kyr_weak_monsoon_start_times.csv
rousseau2023_weak_monsoon_starts,Rousseau 2023 weak monsoon starts,84,475.35,0.0,640.0,84,,,,data/raw/rousseau_2023_ks_0p4_4kyr_weak_monsoon_start_times.csv
rousseau2023_weak_monsoon_starts,Rousseau 2023 weak monsoon starts,85,479.05,0.0,640.0,85,,,,data/raw/rousseau_2023_ks_0p4_4kyr_weak_monsoon_start_times.csv
rousseau2023_weak_monsoon_starts,Rousseau 2023 weak monsoon starts,86,500.1,0.0,640.0,86,,,,data/raw/rousseau_2023_ks_0p4_4kyr_weak_monsoon_start_times.csv
rousseau2023_weak_monsoon_starts,Rousseau 2023 weak monsoon starts,87,513.95,0.0,640.0,87,,,,data/raw/rousseau_2023_ks_0p4_4kyr_weak_monsoon_start_times.csv
rousseau2023_weak_monsoon_starts,Rousseau 2023 weak monsoon starts,88,521.95,0.0,640.0,88,,,,data/raw/rousseau_2023_ks_0p4_4kyr_weak_monsoon_start_times.csv
rousseau2023_weak_monsoon_starts,Rousseau 2023 weak monsoon starts,89,535.0,0.0,640.0,89,,,,data/raw/rousseau_2023_ks_0p4_4kyr_weak_monsoon_start_times.csv
rousseau2023_weak_monsoon_starts,Rousseau 2023 weak monsoon starts,90,552.7,0.0,640.0,90,,,,data/raw/rousseau_2023_ks_0p4_4kyr_weak_monsoon_start_times.csv
rousseau2023_weak_monsoon_starts,Rousseau 2023 weak monsoon starts,91,554.2,0.0,640.0,91,,,,data/raw/rousseau_2023_ks_0p4_4kyr_weak_monsoon_start_times.csv
rousseau2023_weak_monsoon_starts,Rousseau 2023 weak monsoon starts,92,556.95,0.0,640.0,92,,,,data/raw/rousseau_2023_ks_0p4_4kyr_weak_monsoon_start_times.csv
rousseau2023_weak_monsoon_starts,Rousseau 2023 weak monsoon starts,93,560.45,0.0,640.0,93,,,,data/raw/rousseau_2023_ks_0p4_4kyr_weak_monsoon_start_times.csv
rousseau2023_weak_monsoon_starts,Rousseau 2023 weak monsoon starts,94,569.5,0.0,640.0,94,,,,data/raw/rousseau_2023_ks_0p4_4kyr_weak_monsoon_start_times.csv
rousseau2023_weak_monsoon_starts,Rousseau 2023 weak monsoon starts,95,589.8,0.0,640.0,95,,,,data/raw/rousseau_2023_ks_0p4_4kyr_weak_monsoon_start_times.csv
rousseau2023_weak_monsoon_starts,Rousseau 2023 weak monsoon starts,96,614.9,0.0,640.0,96,,,,data/raw/rousseau_2023_ks_0p4_4kyr_weak_monsoon_start_times.csv
rousseau2023_weak_monsoon_starts,Rousseau 2023 weak monsoon starts,97,629.0,0.0,640.0,97,,,,data/raw/rousseau_2023_ks_0p4_4kyr_weak_monsoon_start_times.csv
rousseau2023_weak_monsoon_starts,Rousseau 2023 weak monsoon starts,98,632.3,0.0,640.0,98,,,,data/raw/rousseau_2023_ks_0p4_4kyr_weak_monsoon_start_times.csv
rousseau2023_weak_monsoon_starts,Rousseau 2023 weak monsoon starts,99,635.2,0.0,640.0,99,,,,data/raw/rousseau_2023_ks_0p4_4kyr_weak_monsoon_start_times.csv
rousseau2023_weak_monsoon_starts,Rousseau 2023 weak monsoon starts,100,639.2,0.0,640.0,100,,,,data/raw/rousseau_2023_ks_0p4_4kyr_weak_monsoon_start_times.csv
