ks_window_id,ks_window_label,ks_window_kyr,dataset_id,dataset_label,model_id,model_label,terms,bin_width_ka,n_bins,n_events,n_parameters,converged,optimizer_message,log_likelihood,AIC,AICc,BIC,expected_events,max_fitted_rate_per_kyr,mean_fitted_rate_per_kyr,beta_intercept,beta_lr04_scaled,beta_co2_scaled,beta_pre_phase_sin,beta_pre_phase_cos,pre_phase_amplitude,pre_phase_preferred_rad,pre_phase_preferred_deg,pre_phase_rate_ratio_max_vs_min,delta_AICc,rank_AICc
ks_0p4_4kyr,KS 0.4-4 kyr,0.4-4,strong_monsoon_start,Strong monsoon starts,lr04_pre_phase,LR04 + precession phase,lr04_scaled+pre_phase_sin+pre_phase_cos,0.2,3200,96,4,True,CONVERGENCE: NORM OF PROJECTED GRADIENT <= PGTOL,-420.39526899687263,848.7905379937453,848.8030575555606,873.0741623488965,96.00000135735246,0.4305528585969046,0.1500000021208632,-2.0275130805335047,1.5970610965915941,,0.1070441145582211,0.567783386241913,0.5777857874280805,0.18634263454004737,10.676646502493433,3.175838128077981,0.0,1.0
ks_0p4_4kyr,KS 0.4-4 kyr,0.4-4,strong_monsoon_start,Strong monsoon starts,climate_lr04_co2_pre_phase,LR04 + CO2 + precession phase,lr04_scaled+co2_scaled+pre_phase_sin+pre_phase_cos,0.2,3200,96,5,True,CONVERGENCE: RELATIVE REDUCTION OF F <= FACTR*EPSMCH,-420.3881735639055,850.776347127811,850.7951323501029,881.1308775717501,95.99996036985752,0.4225469809054539,0.14999993807790238,-2.027924845295933,1.5310903855110325,-0.09165441115679669,0.10854467483015111,0.5681705291136214,0.5784459322937934,0.1887678570380957,10.815601516011776,3.18003392377064,1.9920747945423045,2.0
ks_0p4_4kyr,KS 0.4-4 kyr,0.4-4,strong_monsoon_start,Strong monsoon starts,co2_pre_phase,CO2 + precession phase,co2_scaled+pre_phase_sin+pre_phase_cos,0.2,3200,96,4,True,CONVERGENCE: RELATIVE REDUCTION OF F <= FACTR*EPSMCH,-422.39772386040306,852.7954477208061,852.8079672826215,877.0790720759574,95.99999695235417,0.36551075107701236,0.1499999952380534,-2.0039288134753916,,-1.324326520328072,0.1527131670387491,0.5405320557754727,0.5616904972561523,0.2753474794395898,15.776248471453707,3.0752339956581394,4.004909727060863,3.0
ks_0p4_4kyr,KS 0.4-4 kyr,0.4-4,strong_monsoon_start,Strong monsoon starts,pre_phase,Precession phase,pre_phase_sin+pre_phase_cos,0.2,3200,96,3,True,CONVERGENCE: NORM OF PROJECTED GRADIENT <= PGTOL,-425.92616338657433,857.8523267731487,857.8598361598821,876.0650450395121,95.99999778511496,0.2406546159567607,0.14999999653924212,-1.9642244358035632,,,0.19694683968119678,0.5026236631092725,0.5398320149618717,0.3734500638301478,21.397112516358668,2.9436903930252565,9.056778604321494,4.0
ks_0p4_4kyr,KS 0.4-4 kyr,0.4-4,strong_monsoon_start,Strong monsoon starts,lr04,LR04,lr04_scaled,0.2,3200,96,2,True,CONVERGENCE: RELATIVE REDUCTION OF F <= FACTR*EPSMCH,-427.94063127944753,859.8812625588951,859.885016077819,872.0230747364707,95.99999915148189,0.2739608367886666,0.14999999867419042,-1.9475328913613672,1.3886874770365092,,,,,,,,11.081958522258446,5.0
ks_0p4_4kyr,KS 0.4-4 kyr,0.4-4,strong_monsoon_start,Strong monsoon starts,climate_lr04_co2,LR04 + CO2,lr04_scaled+co2_scaled,0.2,3200,96,3,True,CONVERGENCE: NORM OF PROJECTED GRADIENT <= PGTOL,-427.94062038059724,861.8812407611945,861.8887501479279,880.093959027558,95.99999524059267,0.2737489805830851,0.14999999256342605,-1.94753962385276,1.3859174607388718,-0.003779333400578527,,,,,,,13.085692592367309,6.0
ks_0p4_4kyr,KS 0.4-4 kyr,0.4-4,strong_monsoon_start,Strong monsoon starts,co2,CO2,co2_scaled,0.2,3200,96,2,True,CONVERGENCE: NORM OF PROJECTED GRADIENT <= PGTOL,-429.5496636795938,863.0993273591876,863.1030808781115,875.2411395367632,95.99999455700029,0.23523897084573786,0.14999999149531298,-1.9304067176742061,,-1.2063556893230063,,,,,,,14.300023322550942,7.0
ks_0p4_4kyr,KS 0.4-4 kyr,0.4-4,strong_monsoon_start,Strong monsoon starts,stationary,Stationary,none,0.2,3200,96,1,True,analytic stationary MLE,-432.62955814271913,867.2591162854383,867.2603670671768,873.3300223742261,96.0,0.15,0.14999999999999997,-1.8971199848858813,,,,,,,,,18.457309511616245,8.0
ks_0p4_4kyr,KS 0.4-4 kyr,0.4-4,weak_monsoon_start,Weak monsoon starts,co2_pre_phase,CO2 + precession phase,co2_scaled+pre_phase_sin+pre_phase_cos,0.2,3200,100,4,True,CONVERGENCE: RELATIVE REDUCTION OF F <= FACTR*EPSMCH,-430.71912234862475,869.4382446972495,869.4507642590648,893.7218690524007,99.9999834095151,0.521566852060322,0.15624997407736735,-2.0241389742916143,,-2.223566853181177,-0.41323832133996946,-0.2758492547773619,0.49684879146990163,4.1237884570713605,236.27567419495463,2.7012039551573452,0.0,1.0
ks_0p4_4kyr,KS 0.4-4 kyr,0.4-4,weak_monsoon_start,Weak monsoon starts,climate_lr04_co2_pre_phase,LR04 + CO2 + precession phase,lr04_scaled+co2_scaled+pre_phase_sin+pre_phase_cos,0.2,3200,100,5,True,CONVERGENCE: RELATIVE REDUCTION OF F <= FACTR*EPSMCH,-430.4970959076285,870.994191815257,871.0129770375488,901.348722259196,100.00002529790689,0.5108437875245719,0.15625003952797947,-2.024398086952724,0.5679656437601864,-1.7075554118432286,-0.4238912847514647,-0.2630125933081223,0.498858141686503,4.157052519327186,238.18156457167385,2.7120811260690196,1.5622127784839677,2.0
ks_0p4_4kyr,KS 0.4-4 kyr,0.4-4,weak_monsoon_start,Weak monsoon starts,lr04_pre_phase,LR04 + precession phase,lr04_scaled+pre_phase_sin+pre_phase_cos,0.2,3200,100,4,True,CONVERGENCE: RELATIVE REDUCTION OF F <= FACTR*EPSMCH,-432.3149560666623,872.6299121333246,872.64243169514,896.9135364884759,100.00000002966051,0.488341892104037,0.15625000004634457,-2.002015978308625,1.8598349165058108,,-0.4496494004693833,-0.25465871699600395,0.5167549182006173,4.197080074772112,240.47497456289398,2.810914390828039,3.191667436075136,3.0
ks_0p4_4kyr,KS 0.4-4 kyr,0.4-4,weak_monsoon_start,Weak monsoon starts,co2,CO2,co2_scaled,0.2,3200,100,2,True,CONVERGENCE: NORM OF PROJECTED GRADIENT <= PGTOL,-436.6901796292563,877.3803592585126,877.3841127774366,889.5221714360882,100.000000036557,0.33879347850834096,0.1562500000571203,-1.9634077698441517,,-2.1993671002446713,,,,,,,7.9333485183717585,4.0
ks_0p4_4kyr,KS 0.4-4 kyr,0.4-4,weak_monsoon_start,Weak monsoon starts,climate_lr04_co2,LR04 + CO2,lr04_scaled+co2_scaled,0.2,3200,100,3,True,CONVERGENCE: RELATIVE REDUCTION OF F <= FACTR*EPSMCH,-436.5155645176957,879.0311290353914,879.0386384221248,897.2438473017548,99.99998205484539,0.335837361420017,0.15624997196069593,-1.9655093619597217,0.4778653340762015,-1.7810966754389803,,,,,,,9.58787416305995,5.0
ks_0p4_4kyr,KS 0.4-4 kyr,0.4-4,weak_monsoon_start,Weak monsoon starts,lr04,LR04,lr04_scaled,0.2,3200,100,2,True,CONVERGENCE: NORM OF PROJECTED GRADIENT <= PGTOL,-438.7588753903894,881.5177507807788,881.5215042997028,893.6595629583544,100.00000604095482,0.33172902490954564,0.1562500094389919,-1.9379530816775,1.7753497963330254,,,,,,,,12.07074004063793,6.0
ks_0p4_4kyr,KS 0.4-4 kyr,0.4-4,weak_monsoon_start,Weak monsoon starts,pre_phase,Precession phase,pre_phase_sin+pre_phase_cos,0.2,3200,100,3,True,CONVERGENCE: RELATIVE REDUCTION OF F <= FACTR*EPSMCH,-441.04337661984033,888.0867532396807,888.0942626264141,906.2994715060441,99.99994307282158,0.2375213372503959,0.15624991105128372,-1.9169807563053542,,,-0.35147000950033086,-0.3261484589560766,0.4794830391761384,3.9643418858294703,227.14005860496232,2.608997579364884,18.643498367349252,7.0
ks_0p4_4kyr,KS 0.4-4 kyr,0.4-4,weak_monsoon_start,Weak monsoon starts,stationary,Stationary,none,0.2,3200,100,1,True,analytic stationary MLE,-446.5735902799727,895.1471805599454,895.1484313416839,901.2180866487332,100.0,0.15625,0.15625,-1.8562979903656263,,,,,,,,,25.69766708261909,8.0
ks_0p6_4kyr,KS 0.6-4 kyr,0.6-4,strong_monsoon_start,Strong monsoon starts,lr04_pre_phase,LR04 + precession phase,lr04_scaled+pre_phase_sin+pre_phase_cos,0.2,3200,87,4,True,CONVERGENCE: RELATIVE REDUCTION OF F <= FACTR*EPSMCH,-388.1384446806052,784.2768893612104,784.2894089230257,808.5605137163616,87.00000424283013,0.411294990230956,0.13593750662942206,-2.1434875956970556,1.6370438200376876,,0.12247138686853444,0.6210034129175745,0.6329648327172512,0.19471655479084313,11.156436790843161,3.5463881585397954,0.0,1.0
ks_0p6_4kyr,KS 0.6-4 kyr,0.6-4,strong_monsoon_start,Strong monsoon starts,climate_lr04_co2_pre_phase,LR04 + CO2 + precession phase,lr04_scaled+co2_scaled+pre_phase_sin+pre_phase_cos,0.2,3200,87,5,True,CONVERGENCE: RELATIVE REDUCTION OF F <= FACTR*EPSMCH,-388.13517300472245,786.2703460094449,786.2891312317367,816.624876453384,86.99994212147836,0.4218446397319713,0.13593740956480993,-2.143247882137603,1.6832265521516494,0.06457876209715388,0.12138112276271988,0.6206672488682425,0.6324248657198824,0.19312803809625018,11.065421488556913,3.542560360665395,1.999722308711057,2.0
ks_0p6_4kyr,KS 0.6-4 kyr,0.6-4,strong_monsoon_start,Strong monsoon starts,co2_pre_phase,CO2 + precession phase,co2_scaled+pre_phase_sin+pre_phase_cos,0.2,3200,87,4,True,CONVERGENCE: RELATIVE REDUCTION OF F <= FACTR*EPSMCH,-390.38021253316015,788.7604250663203,788.7729446281356,813.0440494214715,87.000006602762,0.34001619645326453,0.1359375103168156,-2.114196834602868,,-1.2782993713284716,0.17140816883907603,0.590868558700344,0.615228749332626,0.2823452909218176,16.177193535213544,3.4227951023309267,4.483535705109944,3.0
ks_0p6_4kyr,KS 0.6-4 kyr,0.6-4,strong_monsoon_start,Strong monsoon starts,pre_phase,Precession phase,pre_phase_sin+pre_phase_cos,0.2,3200,87,3,True,CONVERGENCE: NORM OF PROJECTED GRADIENT <= PGTOL,-393.36366875470327,792.7273375094065,792.73484689614,810.94005577577,87.00000074276895,0.22689383540806515,0.13593750116057648,-2.076978336844131,,,0.21428637156850017,0.5536856014730481,0.5937056461905718,0.369265268929993,21.15734143045193,3.2785829197546046,8.44543797311428,4.0
ks_0p6_4kyr,KS 0.6-4 kyr,0.6-4,strong_monsoon_start,Strong monsoon starts,lr04,LR04,lr04_scaled,0.2,3200,87,2,True,CONVERGENCE: NORM OF PROJECTED GRADIENT <= PGTOL,-396.2624257672376,796.5248515344751,796.5286050533991,808.6666637120508,87.00000212436613,0.2503345122956327,0.13593750331932208,-2.047465227635865,1.4094195086943937,,,,,,,,12.239196130373443,5.0
ks_0p6_4kyr,KS 0.6-4 kyr,0.6-4,strong_monsoon_start,Strong monsoon starts,climate_lr04_co2,LR04 + CO2,lr04_scaled+co2_scaled,0.2,3200,87,3,True,CONVERGENCE: NORM OF PROJECTED GRADIENT <= PGTOL,-396.23845435573884,798.4769087114777,798.4844180982111,816.6896269778412,86.99999887595368,0.2630480030389119,0.13593749824367765,-2.0473857471639447,1.5443140858584619,0.18464474749609888,,,,,,,14.195009175185419,6.0
ks_0p6_4kyr,KS 0.6-4 kyr,0.6-4,strong_monsoon_start,Strong monsoon starts,co2,CO2,co2_scaled,0.2,3200,87,2,True,CONVERGENCE: RELATIVE REDUCTION OF F <= FACTR*EPSMCH,-398.0789654245881,800.1579308491762,800.1616843681002,812.2997430267518,87.0000030237116,0.20921530880507805,0.13593750472454938,-2.0259778123185326,,-1.152268159169376,,,,,,,15.872275445074479,7.0
ks_0p6_4kyr,KS 0.6-4 kyr,0.6-4,strong_monsoon_start,Strong monsoon starts,stationary,Stationary,none,0.2,3200,87,1,True,analytic stationary MLE,-400.634823401593,803.269646803186,803.2708975849246,809.3405528919739,87.0,0.1359375,0.13593750000000004,-1.995560057699134,,,,,,,,,18.98148866189888,8.0
ks_0p6_4kyr,KS 0.6-4 kyr,0.6-4,weak_monsoon_start,Weak monsoon starts,co2_pre_phase,CO2 + precession phase,co2_scaled+pre_phase_sin+pre_phase_cos,0.2,3200,90,4,True,CONVERGENCE: RELATIVE REDUCTION OF F <= FACTR*EPSMCH,-397.9888954229516,803.9777908459032,803.9903104077185,828.2614152010544,90.0000174187072,0.44699584875771614,0.14062502721673,-2.118909075645475,,-1.9122488210337625,-0.4598663336648184,-0.32112374092839174,0.5608899195262533,4.10280621167348,235.07348008894826,3.0703140078396283,0.0,1.0
ks_0p6_4kyr,KS 0.6-4 kyr,0.6-4,weak_monsoon_start,Weak monsoon starts,climate_lr04_co2_pre_phase,LR04 + CO2 + precession phase,lr04_scaled+co2_scaled+pre_phase_sin+pre_phase_cos,0.2,3200,90,5,True,CONVERGENCE: RELATIVE REDUCTION OF F <= FACTR*EPSMCH,-397.87349234169,805.74698468338,805.7657699056718,836.1015151273191,90.00000595883205,0.43997316023412003,0.14062500931067506,-2.1186285016869,0.43265247990991573,-1.5160851796471464,-0.46869361214101474,-0.3116974785387896,0.5628756702765106,4.125517106109681,236.37471848910974,3.082532010377157,1.7754594979533067,2.0
ks_0p6_4kyr,KS 0.6-4 kyr,0.6-4,weak_monsoon_start,Weak monsoon starts,lr04_pre_phase,LR04 + precession phase,lr04_scaled+pre_phase_sin+pre_phase_cos,0.2,3200,90,4,True,CONVERGENCE: RELATIVE REDUCTION OF F <= FACTR*EPSMCH,-399.14875508358955,806.2975101671791,806.3100297289944,830.5811345223303,89.99998826032245,0.4214142129039577,0.14062498165675386,-2.101799701228899,1.5968273610157204,,-0.49175131587941107,-0.30300434932986225,0.5776079919650917,4.160161679938762,238.35970635254543,3.174709029617744,2.3197193212758975,3.0
ks_0p6_4kyr,KS 0.6-4 kyr,0.6-4,weak_monsoon_start,Weak monsoon starts,co2,CO2,co2_scaled,0.2,3200,90,2,True,CONVERGENCE: NORM OF PROJECTED GRADIENT <= PGTOL,-404.74270107371143,813.4854021474229,813.4891556663468,825.6272143249985,90.00000435361683,0.27570507473235845,0.14062500680252632,-2.0405934175373663,,-1.877657806136471,,,,,,,9.498845258628307,4.0
ks_0p6_4kyr,KS 0.6-4 kyr,0.6-4,weak_monsoon_start,Weak monsoon starts,climate_lr04_co2,LR04 + CO2,lr04_scaled+co2_scaled,0.2,3200,90,3,True,CONVERGENCE: NORM OF PROJECTED GRADIENT <= PGTOL,-404.672288833038,815.344577666076,815.3520870528095,833.5572959324395,89.99999668874545,0.2741106135589552,0.14062499482616478,-2.0415098236085534,0.3187616153252519,-1.5975517740633167,,,,,,,11.361776645090913,5.0
ks_0p6_4kyr,KS 0.6-4 kyr,0.6-4,weak_monsoon_start,Weak monsoon starts,pre_phase,Precession phase,pre_phase_sin+pre_phase_cos,0.2,3200,90,3,True,CONVERGENCE: NORM OF PROJECTED GRADIENT <= PGTOL,-405.07033545815875,816.1406709163175,816.1481803030509,834.353389182681,89.99999570403628,0.22429021628157733,0.14062499328755668,-2.0388433499052407,,,-0.40541184513772327,-0.3627792724124315,0.5440290108717242,3.9824312974113103,228.1765055424768,2.968503701765906,12.157869895332396,6.0
ks_0p6_4kyr,KS 0.6-4 kyr,0.6-4,weak_monsoon_start,Weak monsoon starts,lr04,LR04,lr04_scaled,0.2,3200,90,2,True,CONVERGENCE: NORM OF PROJECTED GRADIENT <= PGTOL,-406.30011371488166,816.6002274297633,816.6039809486873,828.7420396073389,89.99999746039103,0.2684095592375417,0.140624996031861,-2.02032912559853,1.5000038682317658,,,,,,,,12.61367054096877,7.0
ks_0p6_4kyr,KS 0.6-4 kyr,0.6-4,weak_monsoon_start,Weak monsoon starts,stationary,Stationary,none,0.2,3200,90,1,True,analytic stationary MLE,-411.39867766118,824.79735532236,824.7986061040986,830.8682614111478,90.0,0.140625,0.140625,-1.9616585060234524,,,,,,,,,20.808295696380014,8.0
